buurtcode,buurtnaam,wijkcode,wijknaam,inwoners,huishoudens,woningvoorraad,woz_gemiddeld_x1000,pct_koopwoning,pct_huurwoning,pct_wcorp,pct_bouwjaar_voor10jr,pct_bouwjaar_afgelopen10jr,pct_eengezinswoning,pct_meergezinswoning,n_woningen_label,pct_A,pct_B,pct_C,pct_D,pct_EFG,gem_bouwjaar,gas_m3_per_jaar,elektriciteit_kwh_per_jaar,stadsverwarming_pct,co2_kg_per_jaar_gas_indicatief
0363AA01,Planciusbuurt-Noord,0363AA,Haarlemmerbuurt,325,240,243,374,11,89,51,100,0,1,99,163.0,26.993865030674847,7.975460122699387,34.96932515337423,15.950920245398772,14.11042944785276,1849.159509202454,640.0,1350.0,,1152.0
0363AA02,Westelijke eilanden,0363AA,Haarlemmerbuurt,2915,1830,1736,591,35,65,50,100,0,3,97,1205.0,22.57261410788382,28.879668049792528,28.13278008298755,10.04149377593361,10.37344398340249,1956.50041493776,690.0,1720.0,,1242.0
0363AA03,Westerdokseiland,0363AA,Haarlemmerbuurt,1845,1000,977,832,42,58,28,100,0,0,100,693.0,74.02597402597402,17.604617604617605,7.07070707070707,0.4329004329004329,0.8658008658008658,2007.3549783549784,800.0,2270.0,,1440.0
0363AA04,Planciusbuurt-Zuid,0363AA,Haarlemmerbuurt,160,120,123,430,1,99,91,100,0,0,100,111.0,13.513513513513514,10.81081081081081,32.432432432432435,24.324324324324326,18.91891891891892,1898.3333333333333,590.0,1570.0,,1062.0
0363AA05,Haarlemmerbuurt-West,0363AA,Haarlemmerbuurt,2395,1530,1562,544,27,73,43,100,0,2,98,1110.0,26.306306306306304,20.9009009009009,29.81981981981982,8.558558558558559,14.414414414414416,1931.175675675676,690.0,1740.0,,1242.0
0363AA06,Haarlemmerbuurt-Oost,0363AA,Haarlemmerbuurt,1510,1045,1059,559,25,75,32,100,0,5,95,679.0,16.789396170839467,21.502209131075112,24.15316642120765,17.820324005891017,19.734904270986743,1897.0618556701031,780.0,1710.0,,1404.0
0363AB01,Marnixbuurt-Noord,0363AB,Jordaan,1445,960,977,481,17,82,52,100,0,0,100,804.0,45.52238805970149,16.169154228855724,15.796019900497512,8.333333333333332,14.17910447761194,1921.3731343283584,560.0,1580.0,,1008.0
0363AB02,Driehoekbuurt,0363AB,Jordaan,2730,1905,1918,498,28,72,38,100,0,4,96,1411.0,21.048901488306164,17.221828490432316,27.923458540042525,14.174344436569807,19.631467044649185,1917.6959603118355,660.0,1510.0,,1188.0
0363AB03,Anjeliersbuurt-Noord,0363AB,Jordaan,2070,1360,1340,602,31,69,31,100,0,7,93,837.0,24.133811230585422,19.95221027479092,24.014336917562723,12.305854241338112,19.59378733572282,1908.1278375149343,770.0,1760.0,,1386.0
0363AB04,Zaagpoortbuurt,0363AB,Jordaan,935,740,726,379,18,82,51,100,0,0,100,503.0,38.76739562624255,12.524850894632204,24.055666003976143,9.542743538767397,15.109343936381707,1890.9880715705765,480.0,1390.0,,864.0
0363AB05,Anjeliersbuurt-Zuid,0363AB,Jordaan,2945,2015,1986,555,28,72,47,100,0,5,95,1450.0,23.379310344827587,23.103448275862068,25.58620689655172,12.206896551724135,15.724137931034482,1934.6737931034484,710.0,1580.0,,1278.0
0363AB06,Marnixbuurt-Midden,0363AB,Jordaan,195,105,119,611,49,51,1,100,0,1,99,64.0,21.875,17.1875,28.125,14.0625,18.75,1867.234375,710.0,1830.0,,1278.0
0363AB07,Bloemgrachtbuurt,0363AB,Jordaan,2955,1935,2002,630,35,64,23,100,0,7,93,1262.0,29.318541996830422,15.689381933438987,21.71156893819334,10.618066561014263,22.66244057052298,1916.8866877971475,760.0,1750.0,,1368.0
0363AB08,Groenmarktkadebuurt,0363AB,Jordaan,335,215,211,629,36,64,0,82,18,0,100,166.0,39.75903614457831,29.518072289156628,18.072289156626507,6.024096385542169,6.626506024096386,1929.506024096385,520.0,2050.0,,936.0
0363AB09,Marnixbuurt-Zuid,0363AB,Jordaan,690,510,517,542,15,85,33,71,29,0,100,462.0,68.18181818181817,15.151515151515152,9.307359307359308,2.380952380952381,4.978354978354979,1944.051948051948,490.0,1570.0,,882.0
0363AB10,Elandsgrachtbuurt,0363AB,Jordaan,4300,2890,2977,562,26,74,33,99,1,3,97,1691.0,25.60615020697812,18.273211117681846,23.06327616794796,12.418687167356596,20.63867534003548,1912.558249556476,710.0,1660.0,,1278.0
0363AB11,Passeerdersgrachtbuurt,0363AB,Jordaan,895,625,652,661,40,59,34,100,0,3,97,377.0,28.647214854111407,23.07692307692308,25.198938992042443,9.018567639257292,14.058355437665782,1947.9363395225464,750.0,1700.0,,1350.0
0363AC01,Langestraat e.o.,0363AC,Grachtengordel-West,1885,1180,1216,891,51,49,7,100,0,9,91,433.0,16.397228637413395,13.394919168591224,21.247113163972287,12.240184757505771,36.72055427251732,1827.515011547344,990.0,2150.0,,1782.0
0363AC02,Leliegracht e.o.,0363AC,Grachtengordel-West,1825,1240,1223,871,41,58,17,100,0,7,93,552.0,24.637681159420293,12.862318840579707,27.35507246376812,13.405797101449275,21.73913043478261,1837.8876811594205,930.0,2100.0,,1674.0
0363AC03,Felix Meritisbuurt,0363AC,Grachtengordel-West,2115,1420,1494,868,40,59,8,100,0,8,92,594.0,13.468013468013469,14.47811447811448,26.93602693602693,14.309764309764308,30.80808080808081,1830.614478114478,890.0,2110.0,,1602.0
0363AC04,Leidsegracht-Noord,0363AC,Grachtengordel-West,685,455,461,1024,43,56,9,100,0,9,91,193.0,23.316062176165804,10.88082901554404,26.94300518134715,14.507772020725389,24.35233160621761,1822.6735751295337,1040.0,2290.0,,1872.0
0363AD01,Stationsplein e.o.,0363AD,Burgwallen-Nieuwe Zijde,0,0,0,.,.,.,.,.,.,.,.,,,,,,,,,,,
0363AD02,Hemelrijk,0363AD,Burgwallen-Nieuwe Zijde,580,405,418,481,31,69,3,100,0,2,98,192.0,13.020833333333334,14.583333333333334,18.229166666666664,9.895833333333332,44.27083333333333,1825.1041666666667,710.0,1630.0,,1278.0
0363AD03,Nieuwendijk-Noord,0363AD,Burgwallen-Nieuwe Zijde,485,345,351,509,15,84,9,100,0,6,94,243.0,23.045267489711936,11.522633744855968,25.925925925925924,16.46090534979424,23.045267489711936,1856.6954732510287,680.0,1890.0,,1224.0
0363AD04,Spuistraat-Noord,0363AD,Burgwallen-Nieuwe Zijde,845,595,572,540,29,70,8,100,0,6,94,317.0,23.974763406940063,14.511041009463725,22.39747634069401,11.987381703470032,27.12933753943217,1795.7476340694006,810.0,1920.0,,1458.0
0363AD05,Nieuwe Kerk e.o.,0363AD,Burgwallen-Nieuwe Zijde,830,570,540,522,23,77,6,99,1,8,92,356.0,24.719101123595504,15.730337078651685,21.06741573033708,12.359550561797752,26.12359550561798,1849.255617977528,730.0,1800.0,,1314.0
0363AD06,Spuistraat-Zuid,0363AD,Burgwallen-Nieuwe Zijde,765,540,593,514,18,82,23,93,7,3,97,335.0,32.537313432835816,11.343283582089551,24.17910447761194,10.746268656716415,21.19402985074627,1833.949253731344,750.0,1730.0,,1350.0
0363AD07,Begijnhofbuurt,0363AD,Burgwallen-Nieuwe Zijde,485,355,365,496,9,91,1,100,0,6,94,161.0,34.78260869565217,4.968944099378882,19.25465838509317,21.11801242236025,19.875776397515526,1769.2670807453417,700.0,1590.0,,1260.0
0363AD08,Kalverdriehoek,0363AD,Burgwallen-Nieuwe Zijde,350,235,241,646,22,78,5,100,0,3,97,174.0,32.18390804597701,14.367816091954024,13.79310344827586,14.367816091954024,25.287356321839084,1772.9195402298851,720.0,2030.0,,1296.0
0363AE01,Kop Zeedijk,0363AE,Burgwallen-Oude Zijde,1150,820,763,471,22,78,7,100,0,4,96,506.0,22.92490118577075,21.541501976284582,23.715415019762844,11.6600790513834,20.15810276679841,1838.703557312253,730.0,1740.0,,1314.0
0363AE02,Oude Kerk e.o.,0363AE,Burgwallen-Oude Zijde,770,560,545,524,13,86,26,100,0,5,95,335.0,40.0,14.328358208955224,23.28358208955224,7.761194029850746,14.626865671641792,1846.30447761194,750.0,1760.0,,1350.0
0363AE03,Burgwallen-Oost,0363AE,Burgwallen-Oude Zijde,1715,1215,1045,524,18,82,9,100,0,4,96,582.0,23.36769759450172,19.587628865979383,19.759450171821307,12.027491408934708,25.25773195876289,1810.0979381443296,770.0,1730.0,,1386.0
0363AE04,Nes e.o.,0363AE,Burgwallen-Oude Zijde,410,285,265,644,31,69,5,100,0,8,92,155.0,23.225806451612904,10.967741935483872,26.451612903225808,17.419354838709676,21.935483870967744,1817.264516129032,880.0,1990.0,,1584.0
0363AE05,BG-terrein e.o.,0363AE,Burgwallen-Oude Zijde,720,520,411,565,22,77,36,99,1,6,94,243.0,22.63374485596708,27.160493827160494,18.51851851851852,9.465020576131687,22.22222222222222,1870.5267489711928,790.0,1820.0,,1422.0
0363AF01,Oosterdokseiland,0363AF,Nieuwmarkt/Lastage,510,320,314,940,46,53,29,87,13,0,100,220.0,98.1818181818182,1.3636363636363635,0.4545454545454545,0.0,0.0,2010.790909090909,350.0,2170.0,,630.0
0363AF02,Lastage,0363AF,Nieuwmarkt/Lastage,1110,715,688,595,34,66,23,100,0,7,93,434.0,18.89400921658986,14.285714285714285,26.036866359447004,14.055299539170507,26.72811059907834,1877.622119815668,800.0,1780.0,,1440.0
0363AF03,Scheepvaarthuisbuurt,0363AF,Nieuwmarkt/Lastage,760,465,339,725,41,59,4,100,0,4,96,135.0,28.88888888888889,19.25925925925926,22.22222222222222,9.62962962962963,20.0,1825.6592592592592,870.0,2120.0,,1566.0
0363AF04,Rapenburg,0363AF,Nieuwmarkt/Lastage,1030,685,636,505,25,74,39,93,7,3,97,519.0,34.8747591522158,13.680154142581888,15.606936416184972,11.753371868978803,24.084778420038536,1914.8516377649323,680.0,1720.0,,1224.0
0363AF05,Nieuwmarkt,0363AF,Nieuwmarkt/Lastage,1575,1060,1100,543,17,83,67,100,0,5,95,781.0,16.645326504481435,20.74263764404609,36.10755441741357,12.93213828425096,13.57234314980794,1918.2074263764405,710.0,1590.0,,1278.0
0363AF06,Uilenburg,0363AF,Nieuwmarkt/Lastage,1255,835,805,596,37,62,36,94,6,0,100,564.0,39.8936170212766,10.815602836879432,28.90070921985816,10.638297872340424,9.75177304964539,1945.5390070921983,570.0,1740.0,,1026.0
0363AF07,Valkenburg,0363AF,Nieuwmarkt/Lastage,1215,815,823,567,41,58,23,100,0,0,100,449.0,41.87082405345212,27.839643652561247,18.485523385300667,5.79064587973274,6.013363028953229,1972.5835189309576,320.0,1740.0,,576.0
0363AF08,Zuiderkerkbuurt,0363AF,Nieuwmarkt/Lastage,1600,1085,1078,613,22,77,49,100,0,5,95,693.0,13.131313131313131,25.82972582972583,29.43722943722944,16.017316017316016,15.584415584415584,1907.7388167388167,800.0,1770.0,,1440.0
0363AF09,Waterloopleinbuurt,0363AF,Nieuwmarkt/Lastage,880,595,586,551,31,68,37,100,0,2,98,367.0,15.258855585831062,22.070844686648503,32.15258855585831,13.35149863760218,17.166212534059948,1918.9264305177112,700.0,1770.0,,1260.0
0363AG01,Leidsegracht-Zuid,0363AG,Grachtengordel-Zuid,735,445,461,912,33,66,2,100,0,15,85,215.0,32.093023255813954,9.30232558139535,14.418604651162791,14.418604651162791,29.76744186046512,1825.013953488372,970.0,2320.0,,1746.0
0363AG02,Geelvinckbuurt,0363AG,Grachtengordel-Zuid,330,245,198,744,19,81,0,100,0,3,97,117.0,14.529914529914532,21.36752136752137,23.07692307692308,15.384615384615383,25.64102564102564,1838.7350427350427,870.0,2060.0,,1566.0
0363AG03,Rembrandtplein e.o.,0363AG,Grachtengordel-Zuid,880,605,549,618,20,80,4,99,1,5,95,311.0,25.723472668810288,12.861736334405144,27.009646302250808,13.504823151125404,20.90032154340836,1822.7363344051448,760.0,1860.0,,1368.0
0363AG04,Spiegelbuurt,0363AG,Grachtengordel-Zuid,850,525,623,953,43,56,7,99,1,9,91,290.0,30.0,17.586206896551722,24.48275862068965,12.06896551724138,15.862068965517242,1853.3517241379311,920.0,2210.0,,1656.0
0363AG05,Vijzelstraatbuurt,0363AG,Grachtengordel-Zuid,1390,870,842,1046,48,51,1,100,0,19,81,293.0,29.01023890784983,12.627986348122866,16.040955631399317,15.017064846416384,27.303754266211605,1841.3686006825933,970.0,2270.0,,1746.0
0363AG06,Amstelveldbuurt,0363AG,Grachtengordel-Zuid,1525,965,962,952,44,55,7,100,0,13,87,453.0,22.737306843267103,15.2317880794702,24.282560706401764,12.582781456953644,25.165562913907287,1858.3509933774835,930.0,2130.0,,1674.0
0363AH01,Leidsebuurt-Noordwest,0363AH,De Weteringschans,290,215,211,565,40,59,0,100,0,8,92,129.0,27.906976744186046,29.45736434108528,20.930232558139537,10.07751937984496,11.627906976744184,1941.7286821705427,610.0,1830.0,,1098.0
0363AH02,Leidsebuurt-Noordoost,0363AH,De Weteringschans,1120,755,740,597,29,70,0,99,1,6,94,466.0,22.10300429184549,10.300429184549357,25.321888412017167,16.09442060085837,26.18025751072961,1892.4549356223176,740.0,1860.0,,1332.0
0363AH03,Weteringbuurt,0363AH,De Weteringschans,2440,1590,1563,681,42,57,8,99,1,9,91,832.0,26.5625,11.899038461538462,21.27403846153846,12.740384615384617,27.524038461538463,1874.697115384616,810.0,1910.0,,1458.0
0363AH04,Utrechtsebuurt-Zuid,0363AH,De Weteringschans,1190,775,804,734,41,58,14,100,0,9,91,463.0,25.70194384449244,23.542116630669547,23.542116630669547,8.855291576673865,18.3585313174946,1898.809935205184,770.0,1980.0,,1386.0
0363AH05,Leidsebuurt-Zuidwest,0363AH,De Weteringschans,170,120,115,599,18,82,19,100,0,0,100,81.0,41.9753086419753,9.876543209876544,17.28395061728395,11.11111111111111,19.753086419753085,1898.6543209876545,700.0,2040.0,,1260.0
0363AH06,Leidsebuurt-Zuidoost,0363AH,De Weteringschans,315,210,221,592,27,73,12,100,0,2,98,154.0,41.55844155844156,14.935064935064934,19.480519480519483,9.090909090909092,14.935064935064934,1907.0584415584408,690.0,1910.0,,1242.0
0363AH07,Den Texbuurt,0363AH,De Weteringschans,1090,645,586,857,47,53,17,100,0,3,97,347.0,21.902017291066283,13.544668587896252,23.63112391930836,16.138328530259365,24.78386167146974,1896.0115273775216,930.0,2300.0,,1674.0
0363AH08,Frederikspleinbuurt,0363AH,De Weteringschans,960,605,576,855,46,54,19,100,0,6,94,345.0,25.79710144927536,16.231884057971012,22.318840579710145,13.623188405797102,22.02898550724637,1912.6985507246377,810.0,2070.0,,1458.0
0363AJ01,Weesperbuurt,0363AJ,Weesperbuurt/Plantage,3195,2105,1847,610,32,68,28,100,0,2,98,1148.0,20.470383275261327,24.82578397212544,26.742160278745647,11.236933797909408,16.72473867595819,1927.47299651568,710.0,1740.0,,1278.0
0363AJ02,Plantage,0363AJ,Weesperbuurt/Plantage,2465,1460,1418,724,37,63,15,100,0,4,96,931.0,52.3093447905478,7.733619763694952,16.433941997851772,8.485499462943071,15.037593984962406,1933.4414607948445,610.0,2340.0,,1098.0
0363AJ03,Sarphatistrook,0363AJ,Weesperbuurt/Plantage,1950,1250,1205,626,31,69,42,100,0,1,99,954.0,32.494758909853246,20.545073375262053,24.73794549266248,7.442348008385744,14.779874213836475,1907.5377358490568,720.0,1790.0,,1296.0
0363AJ04,Alexanderplein e.o.,0363AJ,Weesperbuurt/Plantage,400,240,235,639,50,50,16,99,1,1,99,170.0,25.882352941176475,16.470588235294116,27.647058823529413,12.352941176470589,17.647058823529413,1878.317647058824,730.0,1890.0,,1314.0
0363AK01,Marine-Etablissement,0363AK,Oostelijke Eilanden/Kadijken,95,40,3,.,.,.,.,.,.,.,.,3.0,33.33333333333333,33.33333333333333,0.0,0.0,33.33333333333333,1994.6666666666667,,,,
0363AK02,Kattenburg,0363AK,Oostelijke Eilanden/Kadijken,1725,1070,785,535,25,75,69,100,0,4,96,646.0,22.91021671826625,19.81424148606812,44.58204334365325,10.21671826625387,2.476780185758514,1972.0092879256963,740.0,1870.0,,1332.0
0363AK03,Wittenburg,0363AK,Oostelijke Eilanden/Kadijken,2625,1335,1313,485,32,68,60,100,0,1,99,860.0,40.46511627906977,29.53488372093023,25.813953488372093,1.3953488372093024,2.7906976744186047,1978.1313953488373,620.0,1560.0,,1116.0
0363AK04,Oostenburg,0363AK,Oostelijke Eilanden/Kadijken,3710,2460,1654,513,22,78,54,50,50,1,99,2368.0,81.79898648648648,7.685810810810811,8.319256756756758,1.5625,0.6334459459459459,1999.3125,310.0,1810.0,,558.0
0363AK05,Czaar Peterbuurt,0363AK,Oostelijke Eilanden/Kadijken,2320,1465,1461,454,25,75,51,90,10,2,98,899.0,37.4860956618465,20.467185761957733,27.47497219132369,7.563959955506118,7.007786429365963,1931.236929922136,540.0,1480.0,,972.0
0363AK06,Het Funen,0363AK,Oostelijke Eilanden/Kadijken,1275,625,561,733,62,38,31,100,0,0,100,356.0,80.89887640449437,16.01123595505618,2.808988764044944,0.2808988764044944,0.0,2004.508426966292,640.0,2410.0,,1152.0
0363AK07,Kadijken,0363AK,Oostelijke Eilanden/Kadijken,2845,1865,1663,615,36,64,52,100,0,2,98,1221.0,32.104832104832106,27.600327600327603,30.95823095823096,4.668304668304668,4.668304668304668,1949.859950859951,600.0,1630.0,,1080.0
0363AK08,Kazernebuurt,0363AK,Oostelijke Eilanden/Kadijken,930,615,576,544,23,76,70,100,0,1,99,475.0,40.63157894736842,38.10526315789474,16.0,3.1578947368421053,2.1052631578947367,1919.9136842105263,640.0,1630.0,,1152.0
0363BA01,Afrikahaven,0363BA,Havens-West,5,0,2,.,.,.,.,.,.,.,.,,,,,,,,,,,
0363BA02,Amerikahaven,0363BA,Havens-West,0,0,0,.,.,.,.,.,.,.,.,,,,,,,,,,,
0363BA03,Westhaven-Noord,0363BA,Havens-West,10,5,0,.,.,.,.,.,.,.,.,,,,,,,,,,,
0363BA04,Petroleumhaven,0363BA,Havens-West,0,0,5,.,.,.,.,.,.,.,.,1.0,100.0,0.0,0.0,0.0,0.0,2003.0,,,,
0363BA05,Vervoerscentrum,0363BA,Havens-West,5,0,0,.,.,.,.,.,.,.,.,,,,,,,,,,,
0363BA06,Westhaven-Zuid,0363BA,Havens-West,5,5,2,.,.,.,.,.,.,.,.,,,,,,,,,,,
0363BB01,Coenhaven,0363BB,Coenhaven/Minervahaven,970,0,1,.,.,.,.,.,.,.,.,,,,,,,,,,,
0363BB02,Vlothaven,0363BB,Coenhaven/Minervahaven,0,0,0,.,.,.,.,.,.,.,.,,,,,,,,,,,
0363BB03,Minervahaven-Noordoost,0363BB,Coenhaven/Minervahaven,785,780,0,.,.,.,.,.,.,.,.,,,,,,,,,,,
0363BB04,Minervahaven-Noordwest,0363BB,Coenhaven/Minervahaven,0,0,1,.,.,.,.,.,.,.,.,,,,,,,,,,,
0363BB05,Minervahaven-Zuidwest,0363BB,Coenhaven/Minervahaven,0,0,0,.,.,.,.,.,.,.,.,,,,,,,,,,,
0363BB06,Minervahaven-Zuidoost,0363BB,Coenhaven/Minervahaven,10,10,2,.,.,.,.,.,.,.,.,2.0,100.0,0.0,0.0,0.0,0.0,2010.0,,,,
0363BB07,Alfa-driehoek,0363BB,Coenhaven/Minervahaven,0,0,0,.,.,.,.,.,.,.,.,,,,,,,,,,,
0363BB08,Hemknoop-Noord,0363BB,Coenhaven/Minervahaven,0,0,0,.,.,.,.,.,.,.,.,,,,,,,,,,,
0363EA01,Isolatorbuurt,0363EA,Sloterdijk-West,65,20,7,.,.,.,.,.,.,.,.,2.0,0.0,50.0,0.0,50.0,0.0,1973.5,720.0,4080.0,,1296.0
0363EA02,Contactbuurt,0363EA,Sloterdijk-West,10,10,7,.,.,.,.,.,.,.,.,1.0,0.0,0.0,0.0,0.0,100.0,1962.0,760.0,1910.0,,1368.0
0363EA03,Woon- en Groengebied Sloterdijk,0363EA,Sloterdijk-West,1460,880,872,548,11,89,1,37,63,4,96,1119.0,81.76943699731903,7.327971403038427,8.936550491510276,1.0723860589812333,0.8936550491510277,2011.6532618409287,150.0,1790.0,,270.0
0363EB01,Hemknoop-Zuid,0363EB,Spaarndammerbuurt/Zeeheldenbuurt,0,0,1,.,.,.,.,.,.,.,.,,,,,,,,,,,
0363EB02,Overbraker Binnenpolder,0363EB,Spaarndammerbuurt/Zeeheldenbuurt,5,5,5,.,.,.,.,.,.,.,.,,,,,,,,910.0,1950.0,,1638.0
0363EB03,Zaanstraat emplacement,0363EB,Spaarndammerbuurt/Zeeheldenbuurt,0,0,0,.,.,.,.,.,.,.,.,,,,,,,,,,,
0363EB04,Spaarndammerbuurt-Noordwest,0363EB,Spaarndammerbuurt/Zeeheldenbuurt,1915,1105,1087,465,10,90,86,100,0,0,100,945.0,13.968253968253968,9.417989417989418,22.43386243386244,30.793650793650794,23.386243386243383,1923.0465608465609,750.0,1550.0,,1350.0
0363EB05,Spaarndammerbuurt-Midden,0363EB,Spaarndammerbuurt/Zeeheldenbuurt,1425,825,812,484,28,72,57,90,10,1,99,619.0,36.833602584814216,11.147011308562195,21.97092084006462,13.408723747980616,16.63974151857835,1941.9773828756056,570.0,1640.0,,1026.0
0363EB06,Spaarndammerbuurt-Zuidwest,0363EB,Spaarndammerbuurt/Zeeheldenbuurt,1830,1080,1069,447,29,71,51,91,9,0,100,838.0,44.51073985680191,15.274463007159904,26.84964200477328,7.279236276849642,6.085918854415275,1947.780429594272,550.0,1550.0,,990.0
0363EB07,Spaarndammerbuurt-Noordoost,0363EB,Spaarndammerbuurt/Zeeheldenbuurt,2570,1650,1645,450,23,77,71,100,0,0,100,1390.0,11.29496402877698,18.41726618705036,45.10791366906475,14.388489208633093,10.79136690647482,1947.7035971223024,620.0,1380.0,,1116.0
0363EB08,Zeeheldenbuurt,0363EB,Spaarndammerbuurt/Zeeheldenbuurt,1925,1065,1027,488,29,71,56,100,0,0,100,495.0,23.63636363636364,16.363636363636363,27.67676767676768,15.555555555555555,16.767676767676768,1930.0969696969696,660.0,1470.0,,1188.0
0363EB09,Westergasfabriek,0363EB,Spaarndammerbuurt/Zeeheldenbuurt,0,0,1,.,.,.,.,.,.,.,.,,,,,,,,,,,
0363EB10,Spaarndammerbuurt-Zuidoost,0363EB,Spaarndammerbuurt/Zeeheldenbuurt,1010,625,598,467,32,68,41,98,2,0,100,486.0,17.28395061728395,27.983539094650205,34.36213991769547,12.34567901234568,8.024691358024691,1950.748971193416,610.0,1530.0,,1098.0
0363EC01,Houthavens-West,0363EC,Houthavens,4835,2495,2303,875,49,50,17,0,100,6,94,2342.0,99.82920580700257,0.085397096498719,0.0,0.0426985482493595,0.0426985482493595,2018.2920580700256,0.0,2100.0,,0.0
0363EC02,Houthavens-Oost,0363EC,Houthavens,640,400,354,744,57,43,27,100,0,0,100,216.0,82.4074074074074,12.5,1.3888888888888888,1.851851851851852,1.851851851851852,1946.953703703704,,2120.0,,
0363ED01,Kolenkitbuurt-Noord,0363ED,De Kolenkit,4645,2195,1912,440,15,85,69,57,43,6,94,1570.0,59.808917197452224,7.388535031847134,10.828025477707008,12.356687898089172,9.61783439490446,1983.570063694268,370.0,1770.0,,666.0
0363ED02,Kolenkitbuurt-Zuid,0363ED,De Kolenkit,2220,1075,1126,444,24,76,65,72,28,0,100,840.0,93.6904761904762,1.7857142857142856,3.571428571428571,0.9523809523809524,0.0,1990.6511904761903,180.0,1720.0,71.0,324.0
0363ED03,Laan van Spartaan,0363ED,De Kolenkit,2775,1590,1536,438,20,80,40,44,56,8,92,1380.0,98.47826086956522,1.2318840579710146,0.2898550724637681,0.0,0.0,2014.481884057971,,1740.0,,
0363ED04,Robert Scottbuurt-West,0363ED,De Kolenkit,2145,1420,1521,356,24,76,52,95,5,1,99,1034.0,61.02514506769826,9.381044487427468,15.76402321083172,9.7678916827853,4.061895551257253,1976.100580270793,280.0,1660.0,,504.0
0363EE01,Bosleeuw,0363EE,Landlust,5975,3235,2746,418,30,70,50,98,2,3,97,2064.0,37.1124031007752,12.5968992248062,21.899224806201552,15.55232558139535,12.839147286821706,1950.25242248062,580.0,1690.0,,1044.0
0363EE02,Gibraltarbuurt,0363EE,Landlust,4135,2460,2357,394,24,76,45,100,0,0,100,1972.0,10.141987829614605,6.592292089249494,25.202839756592294,23.83367139959432,34.22920892494929,1935.2444219066936,640.0,1520.0,,1152.0
0363EE03,Bedrijventerrein Landlust,0363EE,Landlust,735,375,360,409,49,51,10,100,0,1,99,292.0,38.013698630136986,27.3972602739726,13.356164383561644,6.849315068493151,14.383561643835616,1981.3561643835617,450.0,2010.0,,810.0
0363EE04,Landlust-Noord,0363EE,Landlust,2340,1275,1225,407,27,73,46,100,0,0,100,731.0,32.83173734610123,12.99589603283174,22.5718194254446,15.45827633378933,16.142270861833104,1938.9151846785223,600.0,1510.0,,1080.0
0363EE05,Erasmusparkbuurt-Oost,0363EE,Landlust,1825,945,883,550,40,60,29,100,0,0,100,655.0,16.335877862595417,24.885496183206108,35.11450381679389,11.297709923664122,12.366412213740457,1943.206106870229,700.0,1870.0,,1260.0
0363EE06,Landlust-Zuid,0363EE,Landlust,4120,2350,2278,474,36,64,35,100,0,0,100,1967.0,23.690899847483475,15.25165226232842,26.0803253685816,15.658362989323845,19.318759532282662,1932.4519572953736,600.0,1630.0,,1080.0
0363EF01,Robert Scottbuurt-Oost,0363EF,Erasmuspark,1660,950,932,456,33,66,24,100,0,0,100,708.0,18.64406779661017,8.898305084745763,32.7683615819209,25.28248587570621,14.40677966101695,1932.5225988700563,690.0,1690.0,,1242.0
0363EF02,Erasmusparkbuurt-West,0363EF,Erasmuspark,3975,2310,2185,452,52,48,10,100,0,0,100,1452.0,20.179063360881543,7.506887052341598,21.62534435261708,25.34435261707989,25.34435261707989,1945.797520661157,640.0,1630.0,,1152.0
0363EG01,Bedrijvencentrum Westerkwartier,0363EG,Centrale Markt,65,35,12,.,.,.,.,.,.,.,.,14.0,14.285714285714285,21.428571428571427,14.285714285714285,0.0,50.0,1972.5,1320.0,2230.0,,2376.0
0363EG02,GWL-terrein,0363EG,Centrale Markt,1225,625,601,620,49,51,45,100,0,0,100,361.0,70.08310249307479,27.14681440443213,2.4930747922437675,0.2770083102493075,0.0,1995.8808864265927,40.0,1680.0,,72.0
0363EG03,Markthallen,0363EG,Centrale Markt,20,10,0,.,.,.,.,.,.,.,.,4.0,50.0,25.0,25.0,0.0,0.0,2003.5,,,,
0363EG04,Marcanti,0363EG,Centrale Markt,1025,600,631,527,30,69,43,100,0,0,100,470.0,69.7872340425532,18.93617021276596,9.787234042553193,0.851063829787234,0.6382978723404255,1990.4872340425527,590.0,1640.0,,1062.0
0363EH01,Westerstaatsman,0363EH,Staatsliedenbuurt,2825,1800,1802,431,39,61,36,100,0,0,100,1339.0,13.293502613890965,12.845407020164302,32.26288274831964,23.22628827483196,18.37191934279313,1917.149365197909,600.0,1450.0,,1080.0
0363EH02,Fannius Scholtenbuurt,0363EH,Staatsliedenbuurt,3630,2305,2329,436,31,69,50,99,1,0,100,1690.0,21.89349112426036,16.153846153846153,31.65680473372781,17.159763313609467,13.136094674556212,1927.692307692308,570.0,1450.0,,1026.0
0363EH03,Staatsliedenbuurt-Noordoost,0363EH,Staatsliedenbuurt,1220,770,743,461,20,80,74,100,0,0,100,592.0,35.641891891891895,32.0945945945946,29.898648648648653,2.027027027027027,0.3378378378378378,1977.2162162162165,600.0,1490.0,,1080.0
0363EH04,De Wittenbuurt-Noord,0363EH,Staatsliedenbuurt,1375,850,838,499,25,75,45,100,0,0,100,631.0,28.68462757527734,24.722662440570524,27.258320126782888,10.45958795562599,8.874801901743265,1938.6814580031696,620.0,1610.0,,1116.0
0363EH05,De Wittenbuurt-Zuid,0363EH,Staatsliedenbuurt,780,520,551,476,22,78,69,100,0,1,99,421.0,35.62945368171022,21.61520190023753,23.990498812351543,9.97624703087886,8.788598574821853,1951.080760095012,580.0,1500.0,,1044.0
0363EH06,Buyskade e.o.,0363EH,Staatsliedenbuurt,3125,1870,1780,541,31,69,41,100,0,0,100,1247.0,39.85565356856456,20.6896551724138,21.41138732959102,11.547714514835604,6.495589414595028,1971.065757818765,620.0,1650.0,,1116.0
0363EJ01,Frederik Hendrikbuurt-Noord,0363EJ,Frederik Hendrikbuurt,3870,2385,2326,502,31,68,32,100,0,0,100,1847.0,21.061180292366,17.65024363833243,27.72062804547916,14.7265836491608,18.84136437466161,1926.6047644829453,630.0,1560.0,,1134.0
0363EJ02,Frederik Hendrikbuurt-Zuidwest,0363EJ,Frederik Hendrikbuurt,1215,705,796,513,35,65,39,100,0,2,98,534.0,32.20973782771536,38.764044943820224,19.101123595505616,2.9962546816479403,6.928838951310862,1980.6779026217228,630.0,1620.0,,1134.0
0363EJ03,Frederik Hendrikbuurt-Zuidoost,0363EJ,Frederik Hendrikbuurt,3115,2045,2070,456,31,69,38,100,0,0,100,1595.0,16.112852664576803,12.351097178683386,29.905956112852667,21.818181818181817,19.81191222570533,1914.2670846394983,570.0,1430.0,,1026.0
0363EK01,Mercatorpark,0363EK,Van Galenbuurt,2840,0,1,.,.,.,.,.,.,.,.,,,,,,,,,,,
0363EK02,Orteliusbuurt-Noord,0363EK,Van Galenbuurt,1300,795,780,435,32,68,47,100,0,0,100,639.0,3.912363067292645,6.885758998435055,42.25352112676056,34.42879499217527,12.519561815336465,1931.527386541471,640.0,1480.0,,1152.0
0363EK03,Jan Maijenbuurt,0363EK,Van Galenbuurt,2210,1345,1319,422,24,76,53,100,0,0,100,1067.0,15.557638238050608,21.836925960637306,38.89409559512652,15.557638238050608,8.153701968134957,1927.253045923149,620.0,1500.0,,1116.0
0363EK04,John Franklinbuurt,0363EK,Van Galenbuurt,1870,1160,1133,439,20,80,43,100,0,0,100,908.0,21.145374449339208,10.572687224669604,34.58149779735683,18.61233480176212,15.088105726872246,1927.7819383259912,610.0,1490.0,,1098.0
0363EL01,Pieter van der Doesbuurt,0363EL,Geuzenbuurt,1860,1100,1053,481,19,81,40,97,3,0,100,769.0,25.74772431729519,13.914174252275682,34.33029908972692,14.954486345903772,11.05331599479844,1933.9726918075423,680.0,1620.0,,1224.0
0363EL02,Trompbuurt,0363EL,Geuzenbuurt,3035,1710,1640,552,34,65,17,100,0,0,100,1135.0,20.70484581497797,9.427312775330396,25.462555066079297,21.4977973568282,22.90748898678414,1922.48281938326,730.0,1820.0,,1314.0
0363EL03,Geuzenhofbuurt,0363EL,Geuzenbuurt,1670,1130,1084,444,49,51,2,100,0,0,100,597.0,8.710217755443885,6.532663316582915,23.785594639866,30.82077051926298,30.15075376884422,1935.2278056951425,610.0,1480.0,,1098.0
0363EM01,Orteliusbuurt-Midden,0363EM,Hoofdweg e.o.,1850,1140,1114,452,31,69,33,100,0,0,100,908.0,11.233480176211454,9.911894273127754,43.392070484581495,23.12775330396476,12.334801762114536,1928.8270925110128,600.0,1520.0,,1080.0
0363EM02,Balboaplein e.o.,0363EM,Hoofdweg e.o.,2950,1720,1671,446,22,78,32,100,0,0,100,1218.0,21.67487684729064,16.420361247947454,28.653530377668307,18.22660098522168,15.024630541871922,1934.866174055829,600.0,1520.0,,1080.0
0363EM03,Orteliusbuurt-Zuid,0363EM,Hoofdweg e.o.,1850,1090,1072,451,28,72,21,100,0,0,100,815.0,24.049079754601227,12.024539877300612,29.07975460122699,15.828220858895708,19.018404907975462,1931.2920245398773,610.0,1510.0,,1098.0
0363EM04,Columbusplein e.o.,0363EM,Hoofdweg e.o.,3395,1995,1960,444,18,82,55,100,0,0,100,1660.0,20.180722891566266,9.096385542168676,35.963855421686745,17.409638554216865,17.349397590361445,1927.8090361445784,630.0,1480.0,,1134.0
0363EN01,Filips van Almondekwartier,0363EN,Chassébuurt,1085,635,587,525,39,61,26,100,0,0,100,475.0,32.8421052631579,7.578947368421053,26.94736842105263,16.63157894736842,16.0,1941.197894736842,660.0,1860.0,,1188.0
0363EN02,Kortenaerkwartier,0363EN,Chassébuurt,2185,1185,1082,565,33,67,31,100,0,5,95,827.0,24.30471584038694,15.114873035066504,32.52720677146312,14.389359129383314,13.663845223700122,1931.3700120918984,710.0,1850.0,,1278.0
0363EN03,Van Brakelkwartier,0363EN,Chassébuurt,970,475,472,504,18,82,48,100,0,0,100,417.0,27.57793764988009,9.832134292565948,31.414868105515588,17.026378896882495,14.148681055155876,1929.947242206235,710.0,1670.0,,1278.0
0363EN04,De Wester Quartier,0363EN,Chassébuurt,1705,900,864,524,25,75,55,100,0,0,100,681.0,16.593245227606463,8.223201174743025,40.23494860499266,21.43906020558003,13.509544787077829,1931.077826725404,670.0,1740.0,,1206.0
0363EP01,Bellamybuurt-Noord,0363EP,Bellamybuurt,2390,1450,1396,556,25,75,32,100,0,1,99,1092.0,28.296703296703296,15.2014652014652,25.64102564102564,14.46886446886447,16.39194139194139,1925.9587912087911,670.0,1670.0,,1206.0
0363EP02,Bellamybuurt-Zuid,0363EP,Bellamybuurt,3860,2430,2504,513,26,74,37,86,14,2,98,1960.0,41.93877551020408,13.46938775510204,25.66326530612245,10.0,8.928571428571429,1934.6979591836728,550.0,1520.0,,990.0
0363EQ01,Da Costabuurt-Noord,0363EQ,Da Costabuurt,4710,2940,2770,581,34,66,22,100,0,0,100,1929.0,22.446863659927423,17.884914463452567,29.082426127527217,17.003628823224467,13.582166925868323,1918.9388284085016,660.0,1750.0,,1188.0
0363ER01,Postjeskade e.o.,0363ER,Westindische Buurt,2955,1745,1682,521,29,71,18,100,0,1,99,1176.0,14.79591836734694,11.30952380952381,33.6734693877551,19.387755102040817,20.833333333333336,1933.7134353741496,680.0,1720.0,,1224.0
0363ER02,Paramariboplein e.o.,0363ER,Westindische Buurt,3775,2105,2005,545,38,62,14,100,0,1,99,1331.0,16.453794139744556,11.044327573253192,31.8557475582269,22.839969947407965,17.806160781367392,1929.8692712246432,720.0,1790.0,,1296.0
0363ES01,Lootsbuurt,0363ES,Van Lennepbuurt,1855,1255,1225,457,24,76,52,97,3,0,100,929.0,24.757804090419803,12.594187298170077,24.11194833153929,18.622174381054897,19.91388589881593,1933.0656620021527,570.0,1410.0,,1026.0
0363ES02,Borgerbuurt,0363ES,Van Lennepbuurt,2820,1750,1721,480,19,81,73,100,0,0,100,1458.0,29.21810699588477,34.91083676268861,30.10973936899863,3.635116598079561,2.1262002743484225,1976.213991769548,650.0,1470.0,,1170.0
0363ES03,Da Costabuurt-Zuid,0363ES,Van Lennepbuurt,2225,1510,1477,492,35,64,22,100,0,0,100,1149.0,24.54308093994778,25.32637075718016,21.496953872932988,11.74934725848564,16.88424717145344,1913.0557006092247,540.0,1620.0,,972.0
0363ET01,Cremerbuurt-West,0363ET,Overtoomse Sluis,5580,3495,3422,556,34,66,19,100,0,0,100,2272.0,22.66725352112676,14.524647887323944,25.880281690140844,18.75,18.17781690140845,1917.8604753521129,660.0,1650.0,,1188.0
0363ET02,Vondelparkbuurt-West,0363ET,Overtoomse Sluis,2095,1280,1247,674,44,56,23,100,0,3,97,738.0,35.230352303523034,14.769647696476964,24.525745257452574,12.330623306233065,13.143631436314362,1926.9986449864496,740.0,1900.0,,1332.0
0363EU01,Cremerbuurt-Oost,0363EU,Helmersbuurt,2250,1395,1359,596,40,60,16,100,0,0,100,998.0,26.553106212424847,16.33266533066132,28.1563126252505,14.128256513026052,14.829659318637276,1909.719438877756,620.0,1700.0,,1116.0
0363EU02,WG-terrein,0363EU,Helmersbuurt,2550,1660,1692,616,26,73,53,100,0,1,99,1179.0,44.783715012722645,16.36980491942324,22.81594571670908,7.972858354537744,8.057675996607294,1939.385072094996,660.0,1710.0,,1188.0
0363EU03,Helmersbuurt-Oost,0363EU,Helmersbuurt,2600,1515,1419,729,41,59,3,100,0,1,99,1009.0,29.33597621407334,10.604558969276512,23.98414271555996,16.15460852329039,19.9207135777998,1911.745292368682,780.0,1990.0,,1404.0
0363EV01,Vondelparkbuurt-Midden,0363EV,Vondelparkbuurt,925,490,455,978,38,62,25,100,0,12,88,245.0,19.59183673469388,15.510204081632653,25.71428571428571,17.551020408163264,21.63265306122449,1924.7795918367349,990.0,2260.0,,1782.0
0363EV02,Vondelparkbuurt-Oost,0363EV,Vondelparkbuurt,900,555,529,1187,52,47,8,100,0,7,93,326.0,33.12883435582822,10.429447852760736,22.392638036809817,17.484662576687114,16.56441717791411,1912.1165644171776,1020.0,2520.0,,1836.0
0363FA01,Sloterdijk De Heining,0363FA,Sloterdijk Nieuw-West,25,10,2,.,.,.,.,.,.,.,.,,,,,,,,,,,
0363FA02,Sloterdijk Poort-Noord,0363FA,Sloterdijk Nieuw-West,20,20,0,.,.,.,.,.,.,.,.,,,,,,,,,,,
0363FA03,Sloterdijk Poort-Zuid,0363FA,Sloterdijk Nieuw-West,95,85,29,.,3,97,0,97,3,3,97,13.0,38.46153846153847,46.15384615384615,15.384615384615383,0.0,0.0,2003.692307692308,1330.0,3290.0,,2394.0
0363FA04,Sloterdijk Rhônepark,0363FA,Sloterdijk Nieuw-West,0,5,7,.,.,.,.,.,.,.,.,1.0,0.0,0.0,100.0,0.0,0.0,1970.0,,,,
0363FA05,Sloterdijk Donauhoek,0363FA,Sloterdijk Nieuw-West,15,15,2,.,.,.,.,.,.,.,.,,,,,,,,,,,
0363FA06,Bretten-West,0363FA,Sloterdijk Nieuw-West,0,0,0,.,.,.,.,.,.,.,.,,,,,,,,,,,
0363FA07,Bretten-Oost,0363FA,Sloterdijk Nieuw-West,0,0,0,.,.,.,.,.,.,.,.,1.0,0.0,0.0,0.0,0.0,100.0,1974.0,,,,
0363FA08,Sloterdijk Stationskwartier,0363FA,Sloterdijk Nieuw-West,1675,1190,1332,317,17,83,9,23,77,0,100,2052.0,97.07602339181284,2.923976608187134,0.0,0.0,0.0,2017.2553606237816,0.0,1620.0,,0.0
0363FB01,Osdorper Binnenpolder,0363FB,Geuzenveld,20,15,11,.,.,.,.,.,.,.,.,31.0,3.225806451612903,41.935483870967744,48.38709677419355,3.225806451612903,3.225806451612903,2012.4516129032256,1120.0,3050.0,,2016.0
0363FB02,De Eendracht,0363FB,Geuzenveld,2425,1000,923,465,52,48,44,100,0,74,26,561.0,24.9554367201426,53.65418894830659,21.03386809269162,0.35650623885918,0.0,1990.1194295900173,840.0,2440.0,,1512.0
0363FB03,Ruys de Beerenbrouckbuurt,0363FB,Geuzenveld,6130,2480,2245,401,20,80,61,100,0,27,73,1878.0,58.30670926517571,15.814696485623005,16.93290734824281,6.336528221512247,2.60915867944622,1985.752928647497,770.0,2130.0,,1386.0
0363FB04,Eendrachtspark,0363FB,Geuzenveld,265,160,154,323,49,51,43,100,0,0,100,107.0,33.64485981308411,59.813084112149525,6.5420560747663545,0.0,0.0,1983.065420560748,640.0,1580.0,,1152.0
0363FB05,Van Tijenbuurt,0363FB,Geuzenveld,2955,1145,977,474,45,55,48,82,18,71,29,628.0,44.42675159235669,17.51592356687898,16.878980891719745,7.484076433121019,13.694267515923569,1983.1035031847127,630.0,2500.0,,1134.0
0363FB06,Dudokbuurt,0363FB,Geuzenveld,3030,1365,1286,355,21,79,70,85,15,2,98,1102.0,85.39019963702358,2.9038112522686026,3.720508166969147,6.0798548094373865,1.9056261343012704,1978.7885662431945,330.0,1860.0,,594.0
0363FB07,Bakemabuurt,0363FB,Geuzenveld,3120,1320,1191,379,22,78,61,70,30,2,98,922.0,76.13882863340564,10.412147505422992,8.351409978308027,4.0130151843817785,1.084598698481562,1998.463123644252,430.0,1910.0,,774.0
0363FB08,Wegener Sleeswijkbuurt,0363FB,Geuzenveld,1470,680,688,339,7,93,93,92,8,50,50,423.0,27.42316784869977,15.13002364066194,44.44444444444444,4.964539007092199,8.037825059101655,1970.434988179669,720.0,1950.0,,1296.0
0363FC01,Jan de Louterbuurt,0363FC,Slotermeer-West,3230,1655,1447,369,38,62,45,97,3,30,70,943.0,31.91940615058325,10.286320254506894,20.996818663838813,20.78472958642629,16.01272534464475,1969.971367974549,670.0,2160.0,,1206.0
0363FC02,Lodewijk van Deysselbuurt,0363FC,Slotermeer-West,3155,1395,1410,307,7,93,89,100,0,6,94,1311.0,36.84210526315789,14.187643020594964,15.636918382913803,14.492753623188406,18.84057971014493,1955.5339435545384,680.0,1770.0,,1224.0
0363FC03,Confuciusbuurt,0363FC,Slotermeer-West,3985,1800,1798,340,14,86,80,94,6,23,77,1579.0,36.79544015199493,8.486383787207092,34.76884103863205,12.349588347055098,7.59974667511083,1968.0417986067127,550.0,1780.0,,990.0
0363FD01,Arondeusbuurt,0363FD,Slotermeer-Noordoost,2850,1265,1185,369,19,81,73,90,10,20,80,627.0,31.419457735247207,11.64274322169059,12.91866028708134,12.759170653907494,31.25996810207337,1966.8676236044653,830.0,1830.0,,1494.0
0363FD02,Coronelbuurt,0363FD,Slotermeer-Noordoost,1550,805,660,445,65,35,0,100,0,51,49,317.0,15.141955835962143,8.832807570977918,19.87381703470032,23.974763406940063,32.17665615141956,1955.0157728706624,830.0,2230.0,,1494.0
0363FD03,Meerwaldtbuurt,0363FD,Slotermeer-Noordoost,1965,980,954,352,7,93,89,100,0,38,62,783.0,51.59642401021711,10.217113665389528,28.607918263090674,3.959131545338442,5.61941251596424,1954.3435504469987,700.0,1480.0,,1260.0
0363FD04,Dobbebuurt,0363FD,Slotermeer-Noordoost,3005,1460,1393,337,27,73,66,100,0,0,100,1155.0,43.03030303030303,7.35930735930736,30.04329004329004,11.341991341991342,8.225108225108226,1958.3064935064936,520.0,1600.0,22.0,936.0
0363FE01,Dichtersbuurt,0363FE,Slotermeer-Zuidoost,1050,620,605,296,12,88,86,100,0,0,100,322.0,19.875776397515526,18.012422360248447,14.596273291925463,25.465838509316768,22.049689440993788,1962.9099378881988,610.0,1390.0,,1098.0
0363FE02,Louis Couperusbuurt,0363FE,Slotermeer-Zuidoost,2325,1315,1270,299,10,90,82,100,0,11,89,962.0,6.548856548856549,5.613305613305614,23.38877338877339,25.779625779625785,38.66943866943867,1954.4698544698545,680.0,1550.0,,1224.0
0363FE03,Noordoever Sloterplas,0363FE,Slotermeer-Zuidoost,3365,1770,1616,445,42,58,29,90,10,16,84,1178.0,37.94567062818336,17.062818336162987,29.03225806451613,8.064516129032258,7.894736842105263,1976.758913412564,400.0,1830.0,,720.0
0363FE04,Sloterpark,0363FE,Slotermeer-Zuidoost,0,0,0,.,.,.,.,.,.,.,.,,,,,,,,,,,
0363FF01,Osdorper Bovenpolder,0363FF,Lutkemeer/Ookmeer,755,355,279,751,70,30,5,97,3,93,7,151.0,33.77483443708609,23.178807947019862,14.56953642384106,5.960264900662252,22.516556291390728,1977.6688741721853,1290.0,3800.0,,2322.0
0363FF02,Ookmeer,0363FF,Lutkemeer/Ookmeer,435,5,2,.,.,.,.,.,.,.,.,,,,,,,,,,,
0363FF03,Bedrijvenpark Lutkemeer,0363FF,Lutkemeer/Ookmeer,65,30,23,1022,74,26,0,70,30,100,0,14.0,42.85714285714285,0.0,14.285714285714285,21.428571428571427,21.428571428571427,1977.357142857143,1510.0,4360.0,,2718.0
0363FG01,Middelveldsche Akerpolder,0363FG,De Aker,4120,1720,1571,460,24,76,47,100,0,65,35,1236.0,50.404530744336576,36.81229773462783,12.37864077669903,0.3236245954692557,0.0809061488673139,1988.824433656958,760.0,2380.0,,1368.0
0363FG02,De Aker-West,0363FG,De Aker,4525,1985,1765,526,65,35,21,100,0,58,42,1156.0,69.4636678200692,28.633217993079583,1.7301038062283738,0.0865051903114186,0.0865051903114186,1996.4238754325256,580.0,2560.0,,1044.0
0363FG03,De Aker-Oost,0363FG,De Aker,5810,2360,2134,581,67,33,22,99,1,70,30,1210.0,66.03305785123968,26.77685950413224,5.454545454545454,0.5785123966942148,1.1570247933884297,1998.498347107438,750.0,2880.0,15.0,1350.0
0363FH01,Bedrijvencentrum Osdorp,0363FH,De Punt,130,0,43,192,0,100,0,100,0,0,100,42.0,100.0,0.0,0.0,0.0,0.0,2013.7380952380952,510.0,1360.0,,918.0
0363FH02,Dijkgraafpleinbuurt,0363FH,De Punt,6020,2800,2600,340,37,63,36,95,5,27,73,1849.0,36.18171984856679,13.737155219037318,24.878312601406165,13.0881557598702,12.114656571119523,1973.5970795024336,420.0,2430.0,,756.0
0363FJ01,Reimerswaal,0363FJ,Osdorp-Midden,3000,1320,1475,375,11,89,79,86,14,5,95,1280.0,78.4375,15.703125000000002,4.53125,0.15625,1.171875,1989.26796875,440.0,1760.0,,792.0
0363FJ02,Botteskerkbuurt,0363FJ,Osdorp-Midden,3415,1555,1413,363,20,80,66,100,0,3,97,689.0,68.21480406386067,11.756168359941944,7.402031930333817,5.515239477503629,7.111756168359943,1990.0841799709724,640.0,1930.0,,1152.0
0363FJ03,Zuidwestkwadrant-Noord,0363FJ,Osdorp-Midden,3080,1485,1295,388,24,76,60,100,0,0,100,934.0,54.06852248394004,18.09421841541756,20.23554603854389,3.747323340471092,3.854389721627409,1994.853319057816,590.0,2020.0,,1062.0
0363FJ04,Zuidwestkwadrant-Zuid,0363FJ,Osdorp-Midden,6175,3050,2530,432,42,58,37,100,0,9,91,1522.0,76.14980289093299,12.943495400788436,5.847568988173456,1.7082785808147174,3.350854139290407,1997.6780551905388,590.0,2140.0,,1062.0
0363FK01,Wildeman,0363FK,Osdorp-Oost,5155,2685,2619,299,10,90,79,94,6,1,99,2136.0,45.458801498127336,10.720973782771535,25.374531835206,7.397003745318352,11.04868913857678,1973.6371722846443,470.0,1540.0,38.0,846.0
0363FK02,Meer en Oever,0363FK,Osdorp-Oost,3175,1665,1541,459,46,53,24,100,0,1,99,1028.0,63.81322957198443,10.797665369649806,9.43579766536965,6.420233463035019,9.53307392996109,1995.3754863813228,460.0,2400.0,,828.0
0363FK03,Osdorpplein e.o.,0363FK,Osdorp-Oost,4835,2495,2307,388,21,78,33,53,47,3,97,2288.0,79.8076923076923,10.13986013986014,5.463286713286713,1.3548951048951048,3.234265734265734,2005.4597902097903,270.0,1860.0,,486.0
0363FK04,Calandlaan/Lelylaan,0363FK,Osdorp-Oost,1280,675,661,387,26,74,71,100,0,21,79,356.0,46.62921348314607,34.55056179775281,16.853932584269664,1.9662921348314608,0.0,1989.8174157303367,650.0,1720.0,,1170.0
0363FK05,Osdorp-Zuidoost,0363FK,Osdorp-Oost,4180,2420,1923,426,35,65,50,98,2,47,53,1386.0,38.16738816738817,11.327561327561328,25.18037518037518,11.3997113997114,13.924963924963926,1968.3751803751804,730.0,2160.0,,1314.0
0363FL01,Oostoever Sloterplas,0363FL,Slotervaart-Noord,2415,1190,1074,573,64,36,30,100,0,32,68,629.0,46.26391096979332,47.05882352941176,6.677265500794912,0.0,0.0,1996.41653418124,770.0,2250.0,,1386.0
0363FL02,Emanuel van Meterenbuurt,0363FL,Slotervaart-Noord,2320,1025,926,487,37,63,25,100,0,40,60,388.0,26.28865979381444,8.505154639175258,32.7319587628866,20.103092783505154,12.371134020618555,1962.2731958762888,650.0,2460.0,,1170.0
0363FL03,Jacob Geelbuurt,0363FL,Slotervaart-Noord,3230,1555,1399,379,13,87,58,76,24,20,80,1049.0,62.82173498570067,3.336510962821735,23.927550047664443,5.529075309818875,4.38512869399428,1989.6310772163963,350.0,2010.0,,630.0
0363FM01,Lucas/Andreasziekenhuis e.o.,0363FM,Overtoomse Veld,1230,1110,282,408,0,100,0,0,100,0,100,282.0,100.0,0.0,0.0,0.0,0.0,2017.3758865248224,0.0,1360.0,100.0,0.0
0363FM02,Overtoomse Veld-Noord,0363FM,Overtoomse Veld,5665,2420,2271,496,25,75,53,87,13,7,93,2034.0,64.55260570304819,9.636184857423794,23.84464110127827,1.6224188790560472,0.344149459193707,1988.724680432645,380.0,2030.0,50.0,684.0
0363FM03,Rembrandtpark-Noord,0363FM,Overtoomse Veld,1010,795,363,522,0,100,0,100,0,0,100,360.0,100.0,0.0,0.0,0.0,0.0,1974.930555555556,700.0,1680.0,,1260.0
0363FM04,Overtoomse Veld-Zuid,0363FM,Overtoomse Veld,4800,2695,2537,418,16,84,32,44,56,2,98,2266.0,65.62224183583407,16.46072374227714,10.105913503971758,2.1624007060900263,5.648720211827008,2003.3486319505737,240.0,1550.0,,432.0
0363FM05,Rembrandtpark-Zuid,0363FM,Overtoomse Veld,895,530,452,529,59,40,0,100,0,0,100,347.0,9.221902017291066,12.39193083573487,48.414985590778095,25.64841498559078,4.322766570605188,1972.3314121037463,20.0,1850.0,,36.0
0363FM06,Johan Jongkindbuurt,0363FM,Overtoomse Veld,1045,475,367,273,0,100,61,100,0,0,100,210.0,54.761904761904766,22.857142857142858,18.09523809523809,3.333333333333333,0.9523809523809524,1960.0,750.0,1400.0,,1350.0
0363FN01,Louis Crispijnbuurt,0363FN,Slotervaart-Zuid,3275,1670,1528,421,21,78,64,85,15,22,78,1025.0,39.02439024390244,10.048780487804878,32.0,9.170731707317072,9.75609756097561,1974.7639024390244,700.0,1790.0,,1260.0
0363FN02,Jacques Veltmanbuurt,0363FN,Slotervaart-Zuid,3745,2150,2052,391,21,79,57,72,28,18,82,1797.0,48.080133555926544,15.915414579855314,14.635503617139678,12.186978297161936,9.181969949916526,1985.1474680022257,550.0,1610.0,,990.0
0363FN03,Medisch Centrum Slotervaart,0363FN,Slotervaart-Zuid,885,745,286,390,0,100,100,62,38,0,100,252.0,0.0,0.0,12.3015873015873,32.53968253968254,55.158730158730165,1993.5079365079368,920.0,1590.0,,1656.0
0363FN04,Staalmanbuurt,0363FN,Slotervaart-Zuid,3840,1715,1595,486,17,83,62,70,30,10,90,1452.0,81.74931129476583,6.680440771349862,9.297520661157025,0.9641873278236914,1.3085399449035813,1998.0268595041323,110.0,1960.0,,198.0
0363FP01,Schipluidenbuurt,0363FP,Westlandgracht,1805,1445,1275,364,5,95,0,1,99,0,100,1344.0,99.92559523809524,0.0,0.0,0.0,0.0744047619047619,2016.156994047619,0.0,1270.0,,0.0
0363FP02,Koningin Wilhelminaplein,0363FP,Westlandgracht,3410,2225,1973,486,19,81,7,67,33,0,100,2051.0,87.1769868356899,7.11847879083374,5.655777669429547,0.0,0.0487567040468064,2004.3369088249635,230.0,1820.0,,414.0
0363FP03,Andreasterrein,0363FP,Westlandgracht,1205,525,519,839,47,53,29,100,0,3,97,242.0,98.34710743801654,0.8264462809917356,0.0,0.4132231404958678,0.4132231404958678,2008.9214876033056,50.0,2450.0,,90.0
0363FP04,Delflandpleinbuurt-West,0363FP,Westlandgracht,4745,3160,2941,346,11,88,59,56,44,0,100,2741.0,73.36738416636264,6.311565122218169,13.4987230937614,1.8606348048157608,4.961692812842029,1995.5122218168551,180.0,1420.0,,324.0
0363FP05,Delflandpleinbuurt-Oost,0363FP,Westlandgracht,2105,1305,1341,320,10,90,65,58,42,0,100,1274.0,53.21821036106751,19.46624803767661,12.951334379905807,5.1020408163265305,9.262166405023548,1991.5643642072207,260.0,1370.0,,468.0
0363FP06,Riekerhaven,0363FP,Westlandgracht,415,370,365,31,0,100,100,0,100,0,100,270.0,80.0,2.9629629629629632,14.814814814814811,0.0,2.2222222222222223,2022.4,390.0,1280.0,,702.0
0363FQ01,Dorp Sloten,0363FQ,Sloten/Nieuw-Sloten,730,355,273,621,75,25,5,100,0,75,25,166.0,24.09638554216868,21.686746987951807,25.301204819277107,8.433734939759036,20.48192771084337,1968.0,1050.0,2800.0,,1890.0
0363FQ02,Nieuw-Sloten-Noordwest,0363FQ,Sloten/Nieuw-Sloten,3000,1300,1219,545,51,49,34,100,0,78,22,687.0,64.91994177583697,31.14992721979621,3.930131004366813,0.0,0.0,1993.2605531295487,760.0,2350.0,,1368.0
0363FQ03,Nieuw-Sloten-Noordoost,0363FQ,Sloten/Nieuw-Sloten,3235,1475,1361,539,35,65,33,100,0,70,30,1039.0,72.37728585178056,22.040423484119344,5.48604427333975,0.0,0.0962463907603465,1992.2560153994225,780.0,2190.0,,1404.0
0363FQ04,Nieuw-Sloten-Zuidwest,0363FQ,Sloten/Nieuw-Sloten,2170,905,841,603,94,6,0,100,0,87,13,407.0,49.14004914004914,45.94594594594595,4.914004914004914,0.0,0.0,1994.906633906634,810.0,2580.0,,1458.0
0363FQ05,Belgiëplein e.o.,0363FQ,Sloten/Nieuw-Sloten,1130,680,639,434,42,58,39,100,0,1,99,330.0,55.15151515151515,24.848484848484848,20.0,0.0,0.0,1994.0666666666664,600.0,1880.0,,1080.0
0363FQ06,Nieuw-Sloten-Zuidoost,0363FQ,Sloten/Nieuw-Sloten,2115,925,870,540,20,80,0,100,0,66,34,735.0,60.13605442176871,35.91836734693877,3.945578231292517,0.0,0.0,1993.5142857142853,760.0,2010.0,,1368.0
0363FQ07,Sloterweg e.o.,0363FQ,Sloten/Nieuw-Sloten,330,125,128,1113,74,26,0,74,26,84,16,63.0,55.55555555555556,11.11111111111111,9.523809523809524,1.5873015873015872,22.22222222222222,1987.047619047619,1320.0,4260.0,,2376.0
0363FQ08,Park Haagseweg,0363FQ,Sloten/Nieuw-Sloten,965,450,440,642,92,8,0,91,9,56,44,224.0,37.05357142857143,33.035714285714285,29.017857142857142,0.8928571428571428,0.0,1994.03125,780.0,2570.0,,1404.0
0363FQ09,Riekerpolder,0363FQ,Sloten/Nieuw-Sloten,655,410,370,412,1,99,0,100,0,1,99,368.0,99.45652173913044,0.0,0.0,0.0,0.5434782608695652,2002.4157608695648,10.0,1740.0,,18.0
0363FQ10,Nieuwe Meer,0363FQ,Sloten/Nieuw-Sloten,165,85,4,.,.,.,.,.,.,.,.,2.0,0.0,0.0,50.0,0.0,50.0,1983.5,,,,
0363KA01,Westlandgrachtbuurt,0363KA,Hoofddorppleinbuurt,3580,2115,2075,529,37,63,15,99,1,0,100,1535.0,19.283387622149835,15.309446254071664,24.104234527687296,17.133550488599347,24.16938110749186,1934.477524429968,650.0,1780.0,,1170.0
0363KA02,Surinamepleinbuurt,0363KA,Hoofddorppleinbuurt,1400,790,870,628,44,56,10,98,2,8,92,472.0,21.610169491525426,13.135593220338984,26.059322033898308,19.279661016949152,19.91525423728813,1941.2012711864409,850.0,1870.0,,1530.0
0363KA03,Legmeerpleinbuurt,0363KA,Hoofddorppleinbuurt,1670,960,948,580,35,65,7,100,0,3,97,643.0,18.04043545878693,12.130637636080872,25.660964230171075,18.818040435458787,25.34992223950233,1932.99533437014,740.0,1870.0,,1332.0
0363KA04,Aalsmeerwegbuurt-West,0363KA,Hoofddorppleinbuurt,2485,1495,1473,504,48,52,8,100,0,0,100,1089.0,12.580348943985308,12.21303948576676,28.74196510560147,25.160697887970617,21.30394857667585,1931.524334251607,660.0,1730.0,,1188.0
0363KA05,Aalsmeerwegbuurt-Oost,0363KA,Hoofddorppleinbuurt,2180,1315,1275,543,42,58,16,99,1,2,98,946.0,14.693446088794923,11.839323467230445,24.312896405919663,27.3784355179704,21.775898520084567,1933.5803382663848,710.0,1780.0,,1278.0
0363KA06,Bedrijventerrein Schinkel,0363KA,Hoofddorppleinbuurt,265,220,7,.,.,.,.,.,.,.,.,10.0,50.0,20.0,10.0,0.0,20.0,1996.7,,,,
0363KB01,Schinkelbuurt-Noord,0363KB,Schinkelbuurt,2405,1550,1478,540,35,65,22,98,2,1,99,1121.0,21.76628010704728,13.380909901873329,26.04817127564674,22.123104371097234,16.681534344335414,1927.9830508474577,660.0,1690.0,,1188.0
0363KB02,Schinkelbuurt-Zuid,0363KB,Schinkelbuurt,1335,895,958,503,18,82,48,93,7,2,98,921.0,42.88816503800217,8.143322475570033,16.938110749185668,12.703583061889251,19.32681867535288,1927.555917480999,690.0,1600.0,,1242.0
0363KC01,Vondelpark-West,0363KC,Willemspark,0,0,0,.,.,.,.,.,.,.,.,,,,,,,,,,,
0363KC02,Willemsparkbuurt-Noord,0363KC,Willemspark,1525,790,810,1405,49,51,5,99,1,12,88,544.0,33.63970588235294,9.375,21.69117647058824,16.544117647058822,18.75,1916.8125,1140.0,2820.0,,2052.0
0363KC03,Valeriusbuurt-West,0363KC,Willemspark,2620,1260,1266,980,46,53,17,100,0,2,98,793.0,15.889029003783104,15.384615384615383,28.7515762925599,18.53720050441362,21.437578814628,1917.756620428752,1010.0,2380.0,,1818.0
0363KC04,Valeriusbuurt-Oost,0363KC,Willemspark,1410,650,704,1436,59,41,1,96,4,3,97,420.0,36.19047619047619,10.476190476190476,21.428571428571427,13.095238095238097,18.80952380952381,1920.7642857142853,1140.0,2940.0,,2052.0
0363KD01,Vondelpark-Oost,0363KD,Museumkwartier,0,0,3,.,.,.,.,.,.,.,.,2.0,0.0,0.0,0.0,0.0,100.0,1916.0,,,,
0363KD02,Cornelis Schuytbuurt,0363KD,Museumkwartier,2905,1445,1524,1491,56,44,2,100,0,8,92,967.0,26.5770423991727,14.477766287487071,23.88831437435368,15.822130299896584,19.23474663908997,1908.1809720785936,1160.0,2850.0,,2088.0
0363KD03,Concertgebouwbuurt,0363KD,Museumkwartier,1835,975,1041,1348,56,44,6,99,1,10,90,675.0,31.85185185185185,14.51851851851852,21.185185185185183,15.11111111111111,17.333333333333336,1910.0607407407408,1090.0,2830.0,,1962.0
0363KD04,P.C. Hooftbuurt,0363KD,Museumkwartier,800,460,524,1234,35,65,1,98,2,6,94,362.0,31.215469613259668,11.32596685082873,23.756906077348063,9.116022099447514,24.585635359116026,1902.8950276243093,970.0,2510.0,,1746.0
0363KD05,Museumplein,0363KD,Museumkwartier,10,5,5,.,.,.,.,.,.,.,.,2.0,0.0,0.0,0.0,0.0,100.0,1936.0,2210.0,2850.0,,3978.0
0363KD06,Banpleinbuurt,0363KD,Museumkwartier,780,390,357,1761,57,43,2,99,1,29,71,143.0,27.972027972027973,11.188811188811188,22.377622377622377,14.685314685314683,23.776223776223777,1926.4265734265728,1370.0,3130.0,,2466.0
0363KD07,Hondecoeterbuurt,0363KD,Museumkwartier,2015,1090,1084,1069,42,58,6,98,2,1,99,680.0,21.61764705882353,14.411764705882351,27.058823529411764,17.058823529411764,19.852941176470587,1921.0764705882352,980.0,2400.0,,1764.0
0363KD08,Johannes Vermeerbuurt,0363KD,Museumkwartier,1505,785,810,1218,49,51,3,97,3,3,97,524.0,31.29770992366413,14.122137404580156,25.76335877862596,14.122137404580156,14.69465648854962,1926.4179389312976,1040.0,2630.0,,1872.0
0363KD09,Duivelseiland,0363KD,Museumkwartier,1390,860,885,611,35,65,11,100,0,0,100,675.0,20.444444444444446,14.074074074074074,31.407407407407405,16.74074074074074,17.333333333333336,1910.915555555556,650.0,1760.0,,1170.0
0363KD10,Harmoniehofbuurt,0363KD,Museumkwartier,1325,865,883,649,0,100,0,100,0,1,99,162.0,9.25925925925926,33.33333333333333,38.2716049382716,12.34567901234568,6.790123456790123,1919.1296296296296,940.0,1600.0,,1692.0
0363KE01,Frans Halsbuurt,0363KE,Oude Pijp,2610,1760,1748,553,30,70,23,100,0,1,99,1321.0,28.38758516275549,14.761544284632857,25.359576078728235,13.92884178652536,17.562452687358064,1895.1377744133235,620.0,1660.0,,1116.0
0363KE02,Gerard Doubuurt,0363KE,Oude Pijp,2055,1365,1341,541,26,74,36,100,0,0,100,1106.0,37.251356238698015,16.2748643761302,23.508137432188065,9.132007233273058,13.83363471971067,1922.763110307414,600.0,1640.0,,1080.0
0363KE03,Hercules Seghersbuurt,0363KE,Oude Pijp,2530,1735,1692,485,21,79,36,99,1,0,100,1422.0,32.9817158931083,20.95639943741209,24.613220815752463,10.970464135021098,10.478199718706048,1925.1476793248944,550.0,1540.0,,990.0
0363KE04,Sarphatiparkbuurt,0363KE,Oude Pijp,5150,3450,3366,512,27,73,19,99,1,0,100,2574.0,34.654234654234656,14.996114996114995,23.193473193473192,12.82051282051282,14.335664335664337,1910.2117327117328,600.0,1620.0,,1080.0
0363KE05,Hemonybuurt,0363KE,Oude Pijp,2650,1700,1561,638,32,68,20,100,0,1,99,1133.0,28.86142983230362,16.15180935569285,26.3901147396293,13.680494263018536,14.916151809355693,1898.4254192409533,680.0,1850.0,,1224.0
0363KF01,Cornelis Troostbuurt,0363KF,Nieuwe Pijp,3660,2325,2208,518,32,68,21,100,0,0,100,1592.0,24.74874371859296,14.824120603015077,25.816582914572862,16.08040201005025,18.530150753768844,1918.89635678392,630.0,1610.0,,1134.0
0363KF02,Lizzy Ansinghbuurt,0363KF,Nieuwe Pijp,2350,1445,1424,513,26,74,35,100,0,0,100,1158.0,22.9706390328152,18.04835924006908,30.569948186528496,13.81692573402418,14.59412780656304,1933.6433506044905,640.0,1590.0,,1152.0
0363KF03,Van der Helstpleinbuurt,0363KF,Nieuwe Pijp,3860,2520,2519,531,29,71,27,97,3,0,100,1802.0,38.01331853496116,15.704772475027749,19.478357380688124,11.598224195338512,15.205327413984463,1930.830188679245,580.0,1640.0,,1044.0
0363KF04,Willibrordusbuurt,0363KF,Nieuwe Pijp,2675,1840,1839,505,26,74,35,95,5,1,99,1236.0,39.724919093851135,13.02588996763754,20.06472491909385,11.165048543689322,16.019417475728158,1941.4118122977347,620.0,1660.0,,1116.0
0363KG01,BurgemeesterTellegenbuurt-West,0363KG,Zuid Pijp,2160,1315,1316,465,15,84,77,100,0,0,100,1067.0,2.343017806935333,4.029990627928772,15.557638238050608,42.736644798500464,35.33270852858482,1922.9896907216496,700.0,1520.0,,1260.0
0363KG02,Burgemeester Tellegenbuurt-Oost,0363KG,Zuid Pijp,2695,1615,1628,470,17,83,64,99,1,0,100,1304.0,10.582822085889571,10.04601226993865,24.76993865030675,27.14723926380368,27.45398773006136,1927.1219325153368,680.0,1550.0,,1224.0
0363KG03,Diamantbuurt,0363KG,Zuid Pijp,2955,1730,1688,499,17,83,65,100,0,4,96,964.0,7.780082987551867,5.809128630705394,38.27800829875518,24.5850622406639,23.54771784232365,1923.164937759336,730.0,1550.0,,1314.0
0363KH01,Bertelmanpleinbuurt,0363KH,Stadionbuurt,1025,625,649,493,6,94,91,100,0,0,100,495.0,3.2323232323232323,51.31313131313131,23.43434343434344,15.353535353535351,6.666666666666667,1921.8909090909087,680.0,1330.0,,1224.0
0363KH02,Olympisch Stadion e.o.,0363KH,Stadionbuurt,2320,1195,1200,761,9,91,26,92,8,0,100,909.0,89.65896589658966,1.87018701870187,3.4103410341034106,3.630363036303631,1.4301430143014302,1997.6501650165017,80.0,2040.0,,144.0
0363KH03,Marathonbuurt-West,0363KH,Stadionbuurt,2320,1495,1525,426,17,83,76,100,0,0,100,1290.0,8.372093023255815,6.899224806201551,40.46511627906977,24.72868217054264,19.53488372093023,1927.7589147286824,640.0,1380.0,,1152.0
0363KH04,Marathonbuurt-Oost,0363KH,Stadionbuurt,1440,870,876,529,13,87,78,100,0,1,99,550.0,11.636363636363637,6.545454545454546,22.545454545454547,27.27272727272727,32.0,1930.716363636364,740.0,1490.0,,1332.0
0363KH05,Van Tuyllbuurt,0363KH,Stadionbuurt,4140,2385,2336,592,29,70,17,100,0,1,99,1697.0,15.026517383618147,12.256923983500297,28.52091926929876,21.21390689451974,22.98173246906305,1930.3565114908663,770.0,1830.0,,1386.0
0363KH06,IJsbaanpad e.o.,0363KH,Stadionbuurt,420,210,3,.,.,.,.,.,.,.,.,25.0,56.00000000000001,8.0,16.0,4.0,16.0,2000.84,,,,
0363KJ01,Hiltonbuurt,0363KJ,Apollobuurt,70,25,33,.,58,42,0,97,3,88,12,11.0,27.27272727272727,0.0,18.181818181818183,18.181818181818183,36.36363636363637,1936.4545454545453,2100.0,4450.0,,3780.0
0363KJ02,Minervabuurt-Noord,0363KJ,Apollobuurt,1410,610,621,1401,64,36,0,100,0,8,92,374.0,12.299465240641712,11.229946524064172,30.74866310160428,17.11229946524064,28.6096256684492,1929.5802139037432,1430.0,3160.0,,2574.0
0363KJ03,Minervabuurt-Midden,0363KJ,Apollobuurt,2475,1145,1121,1181,59,41,0,100,0,7,93,592.0,9.797297297297296,10.641891891891891,25.67567567567568,23.31081081081081,30.574324324324326,1932.5016891891887,1370.0,2850.0,,2466.0
0363KJ04,Minervabuurt-Zuid,0363KJ,Apollobuurt,2555,1270,1266,984,50,50,0,100,0,4,96,754.0,6.10079575596817,8.090185676392574,31.830238726790448,19.89389920424404,34.08488063660477,1936.364721485411,1070.0,2630.0,,1926.0
0363KJ05,Beethovenbuurt,0363KJ,Apollobuurt,1350,690,570,1494,51,49,11,100,0,32,68,325.0,22.76923076923077,15.076923076923077,26.15384615384616,12.923076923076923,23.07692307692308,1938.446153846154,1300.0,3170.0,,2340.0
0363KJ06,Diepenbrockbuurt,0363KJ,Apollobuurt,780,325,327,2286,67,33,0,100,0,62,38,158.0,17.72151898734177,8.227848101265822,23.417721518987346,15.18987341772152,35.44303797468354,1935.7784810126584,1650.0,3880.0,,2970.0
0363KK01,Wielingenbuurt,0363KK,Scheldebuurt,2910,1555,1487,746,34,66,12,100,0,3,97,1042.0,15.930902111324375,12.476007677543183,31.66986564299424,18.13819577735125,21.78502879078695,1935.5086372360845,900.0,2200.0,,1620.0
0363KK02,Scheldebuurt-West,0363KK,Scheldebuurt,4390,2440,2300,667,32,68,17,100,0,0,100,1671.0,16.39736684619988,11.789347695990426,27.70795930580491,24.775583482944345,19.329742669060444,1930.067025733094,830.0,2010.0,,1494.0
0363KK03,Scheldebuurt-Midden,0363KK,Scheldebuurt,3120,1675,1579,697,41,59,10,100,0,0,100,1102.0,10.617059891107075,11.705989110707804,32.57713248638838,24.59165154264973,20.508166969147005,1932.956442831216,860.0,2120.0,,1548.0
0363KK04,Scheldebuurt-Oost,0363KK,Scheldebuurt,2385,1320,1197,629,38,62,13,100,0,0,100,738.0,14.905149051490516,12.059620596205962,30.75880758807588,23.306233062330623,18.97018970189702,1932.20054200542,850.0,1990.0,,1530.0
0363KK05,Veluwebuurt,0363KK,Scheldebuurt,1290,690,937,483,10,90,39,100,0,9,91,817.0,58.62913096695227,1.713586291309669,22.643818849449204,3.0599755201958385,13.953488372093023,1968.813953488372,520.0,2190.0,,936.0
0363KK06,Kop Zuidas,0363KK,Scheldebuurt,1030,600,656,566,16,84,21,9,91,0,100,568.0,98.41549295774648,1.584507042253521,0.0,0.0,0.0,2017.8855633802816,230.0,1760.0,,414.0
0363KL01,IJselbuurt-West,0363KL,IJselbuurt,2330,1560,1484,487,18,82,41,100,0,0,100,1149.0,20.365535248041773,9.48651000870322,28.198433420365536,22.106179286335944,19.843342036553523,1927.420365535248,650.0,1530.0,,1170.0
0363KL02,IJselbuurt-Oost,0363KL,IJselbuurt,2870,1755,1550,541,18,82,44,100,0,0,100,1258.0,14.546899841017488,14.22893481717011,37.12241653418124,20.349761526232115,13.751987281399048,1932.83386327504,730.0,1710.0,,1314.0
0363KM01,Kromme Mijdrechtbuurt,0363KM,Rijnbuurt,2190,1430,1462,495,20,80,47,99,1,0,100,1258.0,29.650238473767885,4.689984101748808,23.76788553259141,22.098569157392685,19.79332273449921,1935.4284578696345,660.0,1550.0,,1188.0
0363KM02,Rijnbuurt-West,0363KM,Rijnbuurt,1630,1050,1073,451,12,87,82,100,0,0,100,945.0,7.4074074074074066,11.64021164021164,44.97354497354497,26.45502645502645,9.523809523809524,1939.8126984126984,640.0,1280.0,,1152.0
0363KM03,Rijnbuurt-Midden,0363KM,Rijnbuurt,2170,1315,1260,540,23,77,12,100,0,2,98,916.0,18.88646288209607,11.68122270742358,30.34934497816593,21.397379912663755,17.685589519650655,1935.122270742358,720.0,1680.0,,1296.0
0363KM04,Rijnbuurt-Oost,0363KM,Rijnbuurt,2700,1650,1530,522,33,67,17,100,0,0,100,1073.0,13.327120223671947,10.997204100652375,29.82292637465051,21.62162162162162,24.231127679403546,1933.784715750233,700.0,1710.0,,1260.0
0363KM05,Zorgvlied,0363KM,Rijnbuurt,45,20,15,.,.,.,.,.,.,.,.,7.0,28.57142857142857,14.285714285714285,42.85714285714285,0.0,14.285714285714285,1976.571428571429,2520.0,4920.0,,4536.0
0363KN01,Prinses Irenebuurt,0363KN,Prinses Irenebuurt e.o.,1395,680,696,1129,74,25,0,100,0,33,67,339.0,9.144542772861357,6.784660766961652,27.13864306784661,18.28908554572272,38.64306784660767,1958.4513274336284,1110.0,2950.0,,1998.0
0363KN02,Beatrixpark,0363KN,Prinses Irenebuurt e.o.,0,0,0,.,.,.,.,.,.,.,.,,,,,,,,,,,
0363KP01,Zuidas-Noord,0363KP,Zuidas,510,345,177,862,31,69,0,1,99,1,99,176.0,100.0,0.0,0.0,0.0,0.0,2015.9318181818185,,2040.0,,
0363KP02,RAI,0363KP,Zuidas,10,0,0,.,.,.,.,.,.,.,.,,,,,,,,,,,
0363KP03,VU-kwartier,0363KP,Zuidas,395,330,38,720,53,47,5,100,0,13,87,440.0,97.5,1.5909090909090908,0.4545454545454545,0.0,0.4545454545454545,2019.6636363636364,770.0,2220.0,,1386.0
0363KP04,Zuidas-Zuid,0363KP,Zuidas,2660,1575,1581,875,25,74,11,29,71,0,100,1316.0,99.77203647416414,0.2279635258358662,0.0,0.0,0.0,2014.4688449848024,0.0,2460.0,75.0,0.0
0363KP05,Vivaldi,0363KP,Zuidas,1265,1065,1082,337,5,95,0,7,93,0,100,1120.0,28.214285714285715,54.01785714285714,17.767857142857142,0.0,0.0,2015.986607142857,0.0,1450.0,100.0,0.0
0363KQ01,Amsterdamse Bos,0363KQ,Buitenveldert-West,70,35,22,595,45,55,0,82,18,77,23,10.0,40.0,10.0,20.0,0.0,30.0,1977.5,1130.0,2810.0,,2034.0
0363KQ02,Zuiderhof,0363KQ,Buitenveldert-West,30,25,3,.,.,.,.,.,.,.,.,,,,,,,,,,,
0363KQ03,Buitenveldert-West-Midden,0363KQ,Buitenveldert-West,995,525,509,946,53,47,30,99,1,34,66,355.0,64.22535211267606,18.591549295774648,10.140845070422536,3.0985915492957745,3.943661971830986,1992.1521126760565,960.0,2640.0,,1728.0
0363KQ04,Gelderlandpleinbuurt,0363KQ,Buitenveldert-West,4705,2920,2670,494,36,64,27,100,0,1,99,2080.0,26.15384615384616,13.653846153846152,28.846153846153843,15.817307692307692,15.528846153846152,1968.9524038461536,720.0,1930.0,,1296.0
0363KQ05,Buitenveldert-Zuidwest,0363KQ,Buitenveldert-West,4530,2570,2576,581,36,64,25,90,10,23,77,1966.0,44.71007121057986,13.47914547304171,21.21057985757884,9.766022380467955,10.834181078331635,1977.589521871821,500.0,2050.0,,900.0
0363KQ06,Buitenveldert-Zuid-Midden,0363KQ,Buitenveldert-West,3920,2110,2056,506,47,53,18,99,1,11,89,1286.0,8.553654743390357,9.79782270606532,26.28304821150856,22.3950233281493,32.97045101088647,1962.8763608087093,610.0,2560.0,,1098.0
0363KR01,De Klenckebuurt,0363KR,Buitenveldert-Oost,830,400,406,598,36,64,9,88,12,0,100,318.0,46.22641509433962,27.67295597484277,25.471698113207548,0.3144654088050315,0.3144654088050315,1991.1949685534591,560.0,1730.0,,1008.0
0363KR02,Buitenveldert-Oost-Midden,0363KR,Buitenveldert-Oost,3445,1945,1938,466,26,73,46,100,0,0,100,1587.0,27.47321991178324,19.40768746061752,36.35790800252048,9.388783868935098,7.372400756143667,1969.0592312539384,560.0,1700.0,,1008.0
0363KR03,Buitenveldert-Zuidoost,0363KR,Buitenveldert-Oost,4055,2310,2210,542,41,59,15,100,0,14,86,1624.0,23.58374384236453,12.376847290640397,33.43596059113301,20.25862068965517,10.344827586206897,1971.503078817734,680.0,2250.0,,1224.0
0363KR04,Amstelpark,0363KR,Buitenveldert-Oost,10,5,6,.,.,.,.,.,.,.,.,4.0,0.0,25.0,25.0,50.0,0.0,1926.5,1660.0,3280.0,,2988.0
0363MA01,Java-eiland,0363MA,Oostelijk Havengebied,3075,1725,1572,706,33,67,20,100,0,4,96,1092.0,80.4945054945055,17.94871794871795,1.282051282051282,0.1831501831501831,0.0915750915750915,1996.0677655677653,50.0,1840.0,,90.0
0363MA02,KNSM-eiland,0363MA,Oostelijk Havengebied,2325,1375,1324,594,49,51,45,100,0,0,100,963.0,26.16822429906541,56.07476635514018,16.71858774662513,0.2076843198338525,0.8307372793354102,1987.454828660436,580.0,1760.0,,1044.0
0363MA03,Oostelijke Handelskade,0363MA,Oostelijk Havengebied,1430,785,752,697,26,74,45,100,0,0,100,637.0,63.89324960753532,7.849293563579278,25.43171114599686,2.8257456828885403,0.0,2006.218210361068,790.0,2620.0,,1422.0
0363MA04,Rietlanden,0363MA,Oostelijk Havengebied,2395,1275,1220,641,40,60,34,87,13,5,95,866.0,83.02540415704388,9.815242494226329,2.5404157043879905,1.5011547344110854,3.117782909930716,1999.5635103926093,260.0,2040.0,,468.0
0363MA05,Sporenburg,0363MA,Oostelijk Havengebied,2630,1165,1111,730,49,51,34,89,11,34,66,744.0,94.08602150537637,5.10752688172043,0.4032258064516129,0.1344086021505376,0.2688172043010753,2001.595430107527,0.0,2180.0,,0.0
0363MA06,Borneo,0363MA,Oostelijk Havengebied,2695,1215,1104,782,38,62,25,100,0,17,83,853.0,82.53223915592028,13.481828839390388,3.868698710433764,0.0,0.1172332942555685,1997.694021101993,60.0,2240.0,,108.0
0363MA07,Entrepot-Noordwest,0363MA,Oostelijk Havengebied,1640,1010,999,495,26,74,49,75,25,0,100,875.0,69.25714285714287,22.4,8.114285714285714,0.1142857142857143,0.1142857142857143,2000.9291428571428,380.0,1800.0,,684.0
0363MA08,Bedrijvengebied Veelaan,0363MA,Oostelijk Havengebied,35,20,18,.,.,.,.,.,.,.,.,12.0,8.333333333333332,16.666666666666664,8.333333333333332,8.333333333333332,58.333333333333336,1925.0833333333333,1230.0,2550.0,,2214.0
0363MA09,Architectenbuurt,0363MA,Oostelijk Havengebied,1695,1020,1004,509,57,43,33,100,0,2,98,688.0,31.97674418604652,28.19767441860465,27.180232558139533,7.55813953488372,5.087209302325581,1968.4607558139533,600.0,1650.0,,1080.0
0363MA10,Cruquiusbuurt,0363MA,Oostelijk Havengebied,2575,1450,1438,660,33,67,8,1,99,0,100,1437.0,94.2936673625609,0.0,2.0876826722338206,2.2268615170494086,1.3917884481558804,2018.4530271398748,30.0,2360.0,,54.0
0363MA11,Bedrijvengebied Zeeburgerkade,0363MA,Oostelijk Havengebied,260,165,43,559,12,88,2,23,77,5,95,48.0,77.08333333333334,6.25,4.166666666666666,8.333333333333332,4.166666666666666,2008.8958333333333,370.0,2220.0,,666.0
0363MB01,Weesperzijde-Noord,0363MB,Weesperzijde,1950,1175,1131,638,47,53,20,93,7,1,99,770.0,30.77922077922078,17.01298701298701,26.233766233766232,13.116883116883116,12.857142857142856,1928.1623376623377,700.0,1880.0,,1260.0
0363MB02,Weesperzijde-Midden/Zuid,0363MB,Weesperzijde,3240,1920,1830,629,38,62,23,99,1,1,99,1362.0,51.10132158590308,12.481644640234949,17.98825256975037,8.663729809104257,9.765051395007342,1945.1505139500728,640.0,1810.0,,1152.0
0363MB03,Parooldriehoek,0363MB,Weesperzijde,635,520,120,453,0,100,100,100,0,0,100,120.0,100.0,0.0,0.0,0.0,0.0,1954.0,550.0,1140.0,,990.0
0363MC01,Oosterparkbuurt-Noordwest,0363MC,Oosterparkbuurt,3805,2420,2291,489,25,75,58,97,3,0,100,1623.0,38.447319778188536,29.451632778804683,20.579174368453483,5.914972273567468,5.606900800985828,1954.931608133087,580.0,1510.0,,1044.0
0363MC02,Oosterpark,0363MC,Oosterparkbuurt,105,95,96,300,1,99,98,100,0,0,100,84.0,0.0,2.380952380952381,28.57142857142857,28.57142857142857,40.47619047619048,1890.654761904762,550.0,1210.0,,990.0
0363MC03,Oosterparkbuurt-Zuidwest,0363MC,Oosterparkbuurt,3040,1815,1798,493,22,78,66,98,2,0,100,1433.0,32.309839497557576,30.00697836706211,25.610607117934403,8.583391486392184,3.4891835310537336,1960.7864619679,610.0,1560.0,,1098.0
0363MC04,Oosterparkbuurt-Zuidoost,0363MC,Oosterparkbuurt,3605,2115,2082,564,35,65,40,100,0,3,97,1465.0,29.897610921501705,20.955631399317408,23.27645051194539,13.583617747440274,12.286689419795222,1940.2566552901023,670.0,1690.0,,1206.0
0363MD01,Transvaalbuurt-West,0363MD,Transvaalbuurt,3965,2270,2154,469,29,71,59,100,0,2,98,1658.0,18.93848009650181,20.20506634499397,34.4993968636912,15.440289505428224,10.9167671893848,1944.735826296743,680.0,1600.0,,1224.0
0363MD02,Transvaalbuurt-Oost,0363MD,Transvaalbuurt,4785,2600,2607,525,24,76,56,94,6,2,98,2013.0,43.36810730253353,14.704421261798313,19.970193740685545,12.86636860407352,9.090909090909092,1927.25086934923,680.0,1710.0,,1224.0
0363ME01,Dapperbuurt-Noord,0363ME,Dapperbuurt,4255,2530,2402,475,27,72,59,94,6,0,100,2003.0,36.94458312531203,25.31203195207189,25.5117324013979,9.385921118322518,2.845731402895656,1963.664003994009,590.0,1560.0,,1062.0
0363ME02,Dapperbuurt-Zuid,0363ME,Dapperbuurt,3625,2255,2121,474,23,77,55,100,0,1,99,1769.0,27.13397399660825,32.221594120972306,31.599773883550032,4.522328999434709,4.522328999434709,1950.5980780101752,610.0,1520.0,,1098.0
0363ME03,Oostpoort,0363ME,Dapperbuurt,2120,1050,1059,658,35,65,45,56,44,13,87,803.0,74.96886674968867,7.4719800747198,8.468244084682441,4.732254047322541,4.35865504358655,1995.41594022416,510.0,1840.0,,918.0
0363MF01,Timorpleinbuurt-Noord,0363MF,Indische Buurt-West,3930,2395,2329,488,36,64,43,89,11,1,99,1844.0,44.3058568329718,9.544468546637743,21.312364425162688,12.852494577006508,11.984815618221258,1938.99295010846,540.0,1560.0,,972.0
0363MF02,Timorpleinbuurt-Zuid,0363MF,Indische Buurt-West,4365,2595,2434,476,31,69,46,96,4,1,99,1853.0,34.808418780356185,18.67242309767944,25.364274150026983,10.25364274150027,10.90124123043713,1938.66594711279,630.0,1490.0,,1134.0
0363MF03,Ambonpleinbuurt,0363MF,Indische Buurt-West,3750,1970,1949,453,22,78,73,97,3,0,100,1263.0,27.55344418052256,26.44497228820269,39.27157561361837,4.829770387965162,1.9002375296912115,1980.482185273159,680.0,1630.0,,1224.0
0363MG01,Makassarpleinbuurt,0363MG,Indische Buurt-Oost,5625,3140,3043,455,20,80,68,97,3,1,99,2095.0,38.61575178997613,17.42243436754177,22.81622911694511,13.031026252983294,8.1145584725537,1964.63723150358,610.0,1620.0,,1098.0
0363MG02,Zeeburgerdijk-Oost,0363MG,Indische Buurt-Oost,430,215,196,652,57,43,35,100,0,0,100,147.0,80.95238095238095,14.965986394557824,3.401360544217688,0.0,0.6802721088435374,1996.0272108843533,590.0,2000.0,,1062.0
0363MG03,Sumatraplantsoenbuurt,0363MG,Indische Buurt-Oost,3720,1930,1851,485,25,75,64,91,9,0,100,1134.0,42.945326278659614,26.45502645502645,24.33862433862434,4.585537918871252,1.6754850088183422,1980.9858906525567,600.0,1700.0,,1080.0
0363MG04,Flevopark,0363MG,Indische Buurt-Oost,20,10,5,.,.,.,.,.,.,.,.,1.0,0.0,0.0,100.0,0.0,0.0,1991.0,,,,
0363MH01,Sluisbuurt,0363MH,Zeeburgereiland/Bovendiep,480,310,5,.,.,.,.,.,.,.,.,1069.0,99.71936389148736,0.187090739008419,0.0935453695042095,0.0,0.0,2023.145930776427,690.0,3480.0,,1242.0
0363MH02,Sportheldenbuurt,0363MH,Zeeburgereiland/Bovendiep,4585,2535,2524,508,27,73,22,5,95,4,96,2312.0,99.9567474048443,0.0432525951557093,0.0,0.0,0.0,2016.7339965397923,0.0,1830.0,,0.0
0363MH03,Oostpunt Zeeburgereiland,0363MH,Zeeburgereiland/Bovendiep,0,0,0,.,.,.,.,.,.,.,.,,,,,,,,,,,
0363MH04,Baaibuurt-West,0363MH,Zeeburgereiland/Bovendiep,175,125,86,.,1,99,0,100,0,3,97,7.0,57.14285714285714,0.0,0.0,0.0,42.85714285714285,1987.571428571429,610.0,1860.0,,1098.0
0363MH05,Baaibuurt-Oost,0363MH,Zeeburgereiland/Bovendiep,710,675,703,77,0,100,100,48,52,0,100,586.0,21.50170648464164,18.43003412969283,4.778156996587031,53.7542662116041,1.5358361774744027,2009.095563139932,240.0,1230.0,,432.0
0363MH06,Bovendiep/Diemerpark,0363MH,Zeeburgereiland/Bovendiep,65,30,15,.,.,.,.,.,.,.,.,6.0,83.33333333333334,0.0,0.0,0.0,16.666666666666664,2000.1666666666667,1080.0,3710.0,,1944.0
0363MJ01,Steigereiland-Zuid,0363MJ,IJburg-West,2540,965,961,686,57,43,36,97,3,47,53,537.0,97.95158286778398,2.0484171322160147,0.0,0.0,0.0,2007.91061452514,0.0,2980.0,,0.0
0363MJ02,Steigereiland-Noord,0363MJ,IJburg-West,2290,1170,1126,508,30,70,16,54,46,21,79,891.0,99.21436588103256,0.5611672278338945,0.0,0.1122334455667789,0.1122334455667789,2014.1548821548824,90.0,2420.0,,162.0
0363MJ03,Rieteilanden-West,0363MJ,IJburg-West,2580,995,966,916,66,34,13,96,4,56,44,661.0,96.8229954614221,3.177004538577912,0.0,0.0,0.0,2005.4175491679275,0.0,3230.0,,0.0
0363MJ04,Joris Ivenspleinbuurt,0363MJ,IJburg-West,2930,1500,1450,503,28,72,43,77,23,12,88,1215.0,86.09053497942386,2.716049382716049,9.382716049382717,1.3991769547325104,0.411522633744856,2009.9720164609053,0.0,2100.0,,0.0
0363MJ05,Ed Pelsterparkbuurt,0363MJ,IJburg-West,5740,2410,2327,576,45,55,35,79,21,17,83,1829.0,98.85183160196829,1.1481683980317114,0.0,0.0,0.0,2009.476216511755,0.0,2440.0,,0.0
0363MK01,Buiteneiland,0363MK,IJburg-Oost,0,0,0,.,.,.,.,.,.,.,.,,,,,,,,,,,
0363MK02,Pampusbuurt-West,,,0,0,0,.,.,.,.,.,.,.,.,,,,,,,,,,,
0363MK03,Pampusbuurt-Oost,,,0,0,0,.,.,.,.,.,.,.,.,,,,,,,,,,,
0363MK04,Centrumeiland,0363MK,IJburg-Oost,1535,760,635,699,62,38,21,0,100,8,92,784.0,100.0,0.0,0.0,0.0,0.0,2021.702806122449,20.0,2260.0,,36.0
0363MK05,Muidenbuurt-West,0363MK,IJburg-Oost,0,0,0,.,.,.,.,.,.,.,.,275.0,100.0,0.0,0.0,0.0,0.0,2025.0872727272729,,,,
0363ML01,Havenkwartier IJburg,0363ML,IJburg-Zuid,2155,1100,1097,481,23,77,33,70,30,7,93,972.0,98.04526748971192,1.954732510288066,0.0,0.0,0.0,2012.824074074074,0.0,1900.0,100.0,0.0
0363ML02,Theo van Goghparkbuurt,0363ML,IJburg-Zuid,6020,2290,2189,662,50,50,39,83,17,33,67,1557.0,97.75208734746307,2.2479126525369297,0.0,0.0,0.0,2009.7822736030828,0.0,2690.0,,0.0
0363ML03,Rieteiland-Oost,0363ML,IJburg-Zuid,310,90,90,1880,99,1,0,38,62,100,0,54.0,100.0,0.0,0.0,0.0,0.0,2014.055555555556,0.0,5670.0,,0.0
0363MM01,Van der Kunbuurt,0363MM,Frankendael,185,105,271,414,0,100,100,100,0,0,100,72.0,0.0,66.66666666666666,29.166666666666668,2.7777777777777777,1.3888888888888888,1951.0833333333333,640.0,1660.0,,1152.0
0363MM02,De Eenhoorn,0363MM,Frankendael,2640,2090,1698,377,1,99,49,80,20,1,99,1590.0,49.37106918238994,1.949685534591195,41.76100628930818,2.138364779874214,4.779874213836479,1993.3698113207547,310.0,1500.0,,558.0
0363MM03,Don Bosco,0363MM,Frankendael,2195,1110,1063,649,44,56,29,95,5,14,86,740.0,34.45945945945946,10.405405405405403,20.945945945945947,18.91891891891892,15.27027027027027,1942.5,760.0,2020.0,,1368.0
0363MM04,Julianapark,0363MM,Frankendael,1395,885,862,586,9,91,12,48,52,12,88,729.0,82.03017832647463,14.12894375857339,3.5665294924554183,0.2743484224965706,0.0,2008.803840877915,390.0,1640.0,,702.0
0363MM05,Frankendael,0363MM,Frankendael,50,25,7,.,.,.,.,.,.,.,.,37.0,86.48648648648648,2.702702702702702,0.0,0.0,10.81081081081081,1924.6486486486488,,,,
0363MM06,Tuindorp Amstelstation,0363MM,Frankendael,835,485,486,387,0,100,100,100,0,12,88,467.0,0.0,0.8565310492505354,32.97644539614561,28.4796573875803,37.68736616702356,1947.7173447537475,810.0,1630.0,,1458.0
0363MM07,De Wetbuurt,0363MM,Frankendael,1760,885,883,620,39,60,48,100,0,43,57,601.0,12.479201331114808,8.985024958402663,47.25457570715474,17.637271214642265,13.643926788685524,1945.3460898502497,820.0,1900.0,,1476.0
0363MM08,Tuindorp Frankendael,0363MM,Frankendael,3965,1605,1613,522,15,85,58,75,25,17,83,1380.0,30.217391304347824,41.30434782608695,14.855072463768115,6.376811594202898,7.246376811594203,1964.5115942028983,650.0,1620.0,,1170.0
0363MN01,Linnaeusparkbuurt,0363MN,Middenmeer,2645,1295,1287,800,46,54,18,100,0,6,94,767.0,19.94784876140808,12.385919165580182,26.857887874837022,20.46936114732725,20.33898305084746,1922.908735332464,890.0,2140.0,,1602.0
0363MN02,Middenmeer-Noord,0363MN,Middenmeer,2780,1270,1204,791,47,53,21,100,0,5,95,683.0,15.95900439238653,9.809663250366032,29.428989751098094,23.865300146412885,20.937042459736457,1927.0834553440704,980.0,2210.0,,1764.0
0363MN03,Middenmeer-Zuid,0363MN,Middenmeer,5140,2475,2317,634,50,50,8,100,0,4,96,1477.0,14.082599864590389,11.712931618144887,27.014218009478675,20.446851726472577,26.74339878131347,1943.2924847664185,790.0,2170.0,,1422.0
0363MN04,Science Park-Noord,0363MN,Middenmeer,2670,2045,1847,337,14,86,73,91,9,0,100,1652.0,53.57142857142857,14.891041162227603,30.69007263922518,0.4842615012106537,0.3631961259079903,2009.4140435835352,340.0,1580.0,,612.0
0363MN05,Science Park-Zuid,0363MN,Middenmeer,290,275,243,46,0,100,99,1,99,1,99,240.0,85.41666666666666,14.583333333333334,0.0,0.0,0.0,2018.0,390.0,1180.0,,702.0
0363MN06,Sportpark Middenmeer-Zuid,0363MN,Middenmeer,325,190,189,626,58,42,39,100,0,2,98,107.0,33.64485981308411,28.03738317757009,20.5607476635514,11.214953271028037,6.5420560747663545,1975.252336448598,700.0,1850.0,,1260.0
0363MN07,Sportpark Middenmeer-Noord,0363MN,Middenmeer,230,230,251,42,0,100,100,0,100,0,100,251.0,0.0,0.0,99.601593625498,0.398406374501992,0.0,2017.832669322709,320.0,1170.0,,576.0
0363MN08,Park de Meer,0363MN,Middenmeer,1540,720,700,702,64,36,27,100,0,30,70,375.0,80.80000000000001,17.866666666666667,0.8,0.0,0.5333333333333333,2001.938666666667,,2250.0,,
0363MN09,Sportpark Voorland,0363MN,Middenmeer,0,0,0,.,.,.,.,.,.,.,.,,,,,,,,,,,
0363MP01,Drieburg,0363MP,Betondorp,0,0,0,.,.,.,.,.,.,.,.,,,,,,,,,,,
0363MP02,Nieuwe Oosterbegraafplaats,0363MP,Betondorp,5,5,3,.,.,.,.,.,.,.,.,,,,,,,,,,,
0363MP03,Betondorp,0363MP,Betondorp,2930,1790,1954,464,20,80,77,100,0,31,69,1684.0,11.46080760095012,25.29691211401425,40.20190023752969,11.57957244655582,11.46080760095012,1925.859857482185,690.0,1480.0,,1242.0
0363MQ01,De Omval,0363MQ,Omval/Overamstel,715,430,412,683,47,53,0,100,0,0,100,281.0,81.13879003558719,15.658362989323845,2.8469750889679712,0.3558718861209964,0.0,1997.1209964412808,,1980.0,99.0,
0363MQ02,Overamstel,0363MQ,Omval/Overamstel,50,10,8,.,.,.,.,.,.,.,.,4.0,50.0,0.0,0.0,25.0,25.0,1987.75,1190.0,6670.0,,2142.0
0363MQ03,Amstelglorie,0363MQ,Omval/Overamstel,75,40,1,.,.,.,.,.,.,.,.,9.0,77.77777777777779,0.0,11.11111111111111,0.0,11.11111111111111,2007.6666666666667,,,,
0363MQ04,Amstelkwartier-West,0363MQ,Omval/Overamstel,810,695,711,290,0,100,0,27,73,0,100,786.0,33.460559796437664,20.99236641221374,45.41984732824427,0.0,0.1272264631043257,2010.7671755725191,300.0,1460.0,,540.0
0363MQ05,Amstelkwartier-Noord,0363MQ,Omval/Overamstel,3045,1980,2088,588,27,73,12,32,68,0,100,1912.0,98.48326359832636,1.4121338912133892,0.0523012552301255,0.0,0.0523012552301255,2017.4089958158995,,1620.0,,
0363MQ06,Amstelkwartier-Zuid,0363MQ,Omval/Overamstel,45,35,3,.,.,.,.,.,.,.,.,3.0,0.0,0.0,0.0,66.66666666666666,33.33333333333333,1970.0,,,,
0363MQ07,Weespertrekvaart,0363MQ,Omval/Overamstel,1775,1275,1198,559,26,74,41,4,96,2,98,1434.0,80.9623430962343,16.94560669456067,2.0223152022315203,0.0697350069735007,0.0,2021.0599721059973,30.0,1370.0,,54.0
0363NA01,Noorder IJplas,0363NA,Oostzanerwerf,140,65,3,.,.,.,.,.,.,.,.,7.0,42.85714285714285,0.0,28.57142857142857,0.0,28.57142857142857,1999.571428571429,,,,
0363NA02,Melkweg/Oostzanerwerf,0363NA,Oostzanerwerf,330,205,63,158,0,100,0,3,97,3,97,2.0,0.0,0.0,50.0,0.0,50.0,1974.0,470.0,2280.0,,846.0
0363NA03,Walvisbuurt,0363NA,Oostzanerwerf,1365,585,548,515,70,30,24,100,0,88,12,324.0,44.75308641975309,36.7283950617284,14.19753086419753,1.2345679012345678,3.08641975308642,1988.157407407408,830.0,2670.0,,1494.0
0363NA04,Twiske-West,0363NA,Oostzanerwerf,2505,1040,981,568,66,34,30,96,4,77,23,643.0,48.52255054432349,34.83670295489891,6.687402799377916,2.9548989113530326,6.998444790046657,1982.2472783825813,840.0,2810.0,,1512.0
0363NA05,Oostzanerdijk,0363NA,Oostzanerwerf,340,150,141,620,74,26,14,98,2,82,18,94.0,32.97872340425532,15.95744680851064,26.595744680851062,6.382978723404255,18.08510638297873,1952.1382978723404,920.0,2900.0,,1656.0
0363NA06,Circus/Kermisbuurt,0363NA,Oostzanerwerf,1330,680,643,393,56,44,37,100,0,35,65,277.0,32.851985559566785,24.548736462093864,41.51624548736462,1.083032490974729,0.0,1991.8808664259927,620.0,2000.0,,1116.0
0363NA07,Molenwijk,0363NA,Oostzanerwerf,2995,1460,1416,286,17,83,79,100,0,0,100,1283.0,32.11223694466095,6.313328137178488,41.54325798908808,15.43257989088075,4.5985970381917385,1969.505845674201,830.0,1800.0,,1494.0
0363NB01,Cornelis Douwesterrein-West,0363NB,Noordelijke IJ-oevers-West,5,5,0,.,.,.,.,.,.,.,.,,,,,,,,,,,
0363NB02,Cornelis Douwesterrein-Oost,0363NB,Noordelijke IJ-oevers-West,0,0,0,.,.,.,.,.,.,.,.,,,,,,,,,,,
0363NB03,NDSM terrein,0363NB,Noordelijke IJ-oevers-West,4265,3220,2923,460,6,94,11,0,100,0,100,2747.0,100.0,0.0,0.0,0.0,0.0,2019.500910083728,0.0,1460.0,,0.0
0363NB04,Buiksloterham-Zuid,0363NB,Noordelijke IJ-oevers-West,1995,1115,1040,610,27,73,34,1,99,10,90,1445.0,99.65397923875432,0.1384083044982698,0.0692041522491349,0.0,0.1384083044982698,2020.9224913494809,10.0,1870.0,,18.0
0363NB05,Buiksloterham-Noord,0363NB,Noordelijke IJ-oevers-West,1620,795,675,656,63,36,16,11,89,12,88,641.0,97.0358814352574,1.87207488299532,0.46801872074883,0.15600624024961,0.46801872074883,2015.9703588143525,20.0,2330.0,,36.0
0363NB06,Klaprozenbuurt,0363NB,Noordelijke IJ-oevers-West,105,70,17,.,.,.,.,.,.,.,.,16.0,12.5,6.25,6.25,31.25,43.75,1975.4375,920.0,2540.0,,1656.0
0363NB07,Overhoeks,0363NB,Noordelijke IJ-oevers-West,4015,2485,2315,655,28,72,30,19,81,0,100,2659.0,99.6615268898082,0.1504324934185784,0.0752162467092892,0.0376081233546446,0.0752162467092892,2019.1007897705904,0.0,1870.0,50.0,0.0
0363NC01,Tuindorp Oostzaan-West,0363NC,Tuindorp Oostzaan,1145,545,550,418,25,75,69,100,0,71,29,476.0,32.563025210084035,24.369747899159663,26.05042016806723,11.554621848739496,5.46218487394958,1965.5840336134447,740.0,2060.0,,1332.0
0363NC02,Tuindorp Oostzaan-Oost,0363NC,Tuindorp Oostzaan,4120,2020,2000,466,31,69,66,100,0,95,5,1635.0,25.07645259938837,17.553516819571865,24.28134556574924,15.229357798165138,17.859327217125383,1927.2721712538223,870.0,1980.0,,1566.0
0363NC03,Terrasdorp,0363NC,Tuindorp Oostzaan,4125,2210,2118,402,24,76,71,98,2,44,56,1511.0,49.70218398411647,21.31039046988749,15.949702183984115,8.471211118464593,4.56651224354732,1973.1032428855065,610.0,1790.0,,1098.0
0363NC04,De Bongerd,0363NC,Tuindorp Oostzaan,3165,1165,1068,677,70,30,25,42,58,66,34,737.0,99.18588873812756,0.2713704206241519,0.1356852103120759,0.0,0.4070556309362279,2015.6010854816825,200.0,2470.0,,360.0
0363ND01,Twiske-Oost,0363ND,Kadoelen,1115,475,444,470,54,46,44,100,0,78,22,271.0,57.93357933579336,22.14022140221402,19.92619926199262,0.0,0.0,1990.280442804428,750.0,2390.0,,1350.0
0363ND02,Kadoelen,0363ND,Kadoelen,2455,945,903,731,72,28,24,80,20,88,12,520.0,37.11538461538461,7.884615384615384,19.038461538461537,15.96153846153846,20.0,1969.7230769230769,970.0,3080.0,,1746.0
0363NE01,Banne-Noordwest,0363NE,Banne Buiksloot,2590,1255,1121,337,21,78,72,100,0,7,93,942.0,23.036093418259025,37.79193205944799,38.74734607218684,0.4246284501061571,0.0,1976.8779193205944,670.0,1920.0,,1206.0
0363NE02,Banne-Noordoost,0363NE,Banne Buiksloot,3545,1530,1467,384,32,68,63,100,0,16,84,959.0,38.373305526590194,23.67049009384776,33.472367049009385,3.858185610010428,0.6256517205422315,1977.060479666319,840.0,2070.0,,1512.0
0363NE03,Banne-Zuidwest,0363NE,Banne Buiksloot,3690,1535,1418,406,26,74,68,96,4,17,83,1100.0,33.0,7.181818181818183,41.90909090909091,8.636363636363637,9.272727272727272,1981.7827272727272,600.0,2080.0,,1080.0
0363NE04,Banne-Zuidoost,0363NE,Banne Buiksloot,4245,2120,2017,439,34,66,52,80,20,22,78,1506.0,77.09163346613546,13.280212483399731,7.702523240371846,1.1288180610889775,0.796812749003984,1995.108897742364,290.0,1870.0,,522.0
0363NE05,Buiksloterbreek,0363NE,Banne Buiksloot,305,130,118,781,97,3,0,100,0,90,10,69.0,27.536231884057973,66.66666666666666,4.3478260869565215,0.0,1.4492753623188406,1993.9855072463768,810.0,2860.0,,1458.0
0363NE06,Marjoleinterrein,0363NE,Banne Buiksloot,340,140,148,518,51,49,38,100,0,43,57,71.0,25.352112676056336,28.169014084507044,35.2112676056338,4.225352112676056,7.042253521126761,1989.4788732394368,440.0,2160.0,,792.0
0363NF01,Buiksloterdijk-West,0363NF,Nieuwendammerdijk/Buiksloterdijk,170,65,60,1032,90,10,0,98,2,83,17,16.0,37.5,12.5,6.25,18.75,25.0,1962.1875,1330.0,3130.0,,2394.0
0363NF02,Buiksloterdijk-Oost,0363NF,Nieuwendammerdijk/Buiksloterdijk,135,50,54,1253,96,4,0,98,2,89,11,21.0,14.285714285714285,28.57142857142857,9.523809523809524,14.285714285714285,33.33333333333333,1962.190476190476,1340.0,3200.0,,2412.0
0363NF03,Nieuwendammerdijk-West,0363NF,Nieuwendammerdijk/Buiksloterdijk,1020,405,397,942,92,8,0,98,2,85,15,139.0,26.618705035971225,15.107913669064748,17.985611510791365,10.071942446043163,30.215827338129497,1949.5539568345323,1150.0,3000.0,,2070.0
0363NF04,Nieuwendammerdijk-Oost,0363NF,Nieuwendammerdijk/Buiksloterdijk,345,125,124,985,95,5,1,98,2,82,18,50.0,22.0,2.0,30.0,10.0,36.0,1943.8,1210.0,3170.0,,2178.0
0363NF05,Nieuwendammerdijk-Zuid,0363NF,Nieuwendammerdijk/Buiksloterdijk,5,5,0,.,.,.,.,.,.,.,.,,,,,,,,,,,
0363NG01,Elzenhagen-Noord,0363NG,Elzenhagen,3600,1630,1591,509,40,60,40,43,57,46,54,1333.0,90.47261815453864,9.452363090772693,0.0750187546886721,0.0,0.0,2013.2288072018005,390.0,2050.0,,702.0
0363NG02,Elzenhagen-Zuid,0363NG,Elzenhagen,1830,1390,1336,242,0,100,82,9,91,0,100,2102.0,99.9048525214082,0.0951474785918173,0.0,0.0,0.0,2020.5980019029496,0.0,1550.0,,0.0
0363NG03,Nintemanterrein,0363NG,Elzenhagen,125,35,40,888,98,3,0,100,0,100,0,23.0,21.73913043478261,21.73913043478261,56.52173913043478,0.0,0.0,1988.695652173913,1120.0,3110.0,,2016.0
0363NH01,Buikslotermeer-Noord,0363NH,Buikslotermeer,2485,1635,1250,373,49,51,38,100,0,13,87,735.0,10.476190476190476,11.292517006802722,33.87755102040816,22.312925170068027,22.040816326530614,1972.4326530612243,710.0,1960.0,23.0,1278.0
0363NH02,De Kleine Wereld,0363NH,Buikslotermeer,2635,1260,1151,318,11,89,84,100,0,0,100,961.0,11.86264308012487,18.210197710718003,60.45785639958376,6.243496357960457,3.225806451612903,1969.3496357960453,790.0,1670.0,,1422.0
0363NH03,Loenermark,0363NH,Buikslotermeer,2160,1300,1200,349,27,73,30,68,32,3,97,1014.0,54.04339250493096,4.832347140039447,12.52465483234714,10.256410256410255,18.34319526627219,1993.2149901380672,350.0,1690.0,,630.0
0363NH04,Buikslotermeerplein,0363NH,Buikslotermeer,1360,770,792,405,19,81,63,75,25,0,100,569.0,62.038664323374334,19.33216168717048,7.029876977152901,11.599297012302284,0.0,2003.096660808436,480.0,1650.0,,864.0
0363NH05,Plan van Gool,0363NH,Buikslotermeer,3135,1510,1403,379,30,70,63,100,0,0,100,754.0,21.750663129973475,33.687002652519894,25.9946949602122,9.681697612732096,8.885941644562333,1968.9071618037133,260.0,1790.0,,468.0
0363NH06,Rode Kruisbuurt,0363NH,Buikslotermeer,255,95,90,697,93,7,0,99,1,98,2,41.0,19.51219512195122,24.390243902439025,48.78048780487805,7.317073170731707,0.0,1973.2439024390244,1030.0,2450.0,,1854.0
0363NJ01,Markengouw-Noord,0363NJ,Waterlandpleinbuurt,640,390,353,319,46,54,0,100,0,0,100,177.0,1.694915254237288,4.519774011299435,31.07344632768362,25.42372881355932,37.28813559322034,1968.7909604519773,690.0,2540.0,,1242.0
0363NJ02,Markengouw-Midden,0363NJ,Waterlandpleinbuurt,4150,1590,1460,438,23,77,71,62,38,40,60,1199.0,59.96663886572144,9.007506255212675,8.423686405337781,16.180150125104255,6.422018348623854,1996.721434528774,430.0,2110.0,51.0,774.0
0363NJ03,Markengouw-Zuid,0363NJ,Waterlandpleinbuurt,2295,835,832,385,28,72,55,82,18,17,83,687.0,73.7991266375546,3.930131004366813,13.100436681222709,5.240174672489083,3.930131004366813,1979.3653566229984,550.0,2200.0,,990.0
0363NJ04,Werengouw-Noord,0363NJ,Waterlandpleinbuurt,465,265,258,411,72,28,9,100,0,1,99,135.0,0.0,1.4814814814814816,30.37037037037037,33.33333333333333,34.81481481481482,1968.2148148148149,830.0,2900.0,,1494.0
0363NJ05,Werengouw-Midden,0363NJ,Waterlandpleinbuurt,4935,2565,2399,349,28,72,47,98,2,1,99,2286.0,45.975503062117234,19.160104986876643,21.34733158355205,8.617672790901137,4.899387576552931,1984.761154855643,590.0,1910.0,,1062.0
0363NJ06,Werengouw-Zuid,0363NJ,Waterlandpleinbuurt,1610,630,593,436,41,59,57,100,0,31,69,410.0,9.024390243902438,7.804878048780488,37.80487804878049,25.853658536585368,19.51219512195122,1968.29512195122,990.0,2380.0,,1782.0
0363NK01,Bloemenbuurt-Noord,0363NK,Volewijck,2460,1240,1221,450,28,72,67,100,0,53,47,1046.0,6.8833652007648185,8.221797323135755,33.460803059273424,32.98279158699809,18.451242829827915,1933.67017208413,820.0,1980.0,,1476.0
0363NK02,Bloemenbuurt-Zuid,0363NK,Volewijck,2540,1330,1200,480,9,91,81,100,0,17,83,1187.0,44.65037910699242,8.930075821398484,20.64026958719461,13.816343723673125,11.962931760741364,1946.8904802021905,790.0,1810.0,,1422.0
0363NK03,Van der Pekbuurt,0363NK,Volewijck,4470,2480,2485,406,12,88,81,97,3,14,86,1671.0,44.70377019748653,8.916816277678038,18.491921005386,13.883901855176545,14.003590664272892,1934.1328545780968,600.0,1670.0,,1080.0
0363NL01,Vogelbuurt-Noord,0363NL,IJplein/Vogelbuurt,1030,570,656,457,20,80,75,100,0,38,62,566.0,57.95053003533569,6.18374558303887,7.06713780918728,10.424028268551238,18.374558303886925,1922.773851590106,710.0,1510.0,,1278.0
0363NL02,Vliegenbos,0363NL,IJplein/Vogelbuurt,190,85,87,.,63,37,0,48,52,16,84,51.0,84.31372549019608,3.92156862745098,5.88235294117647,3.92156862745098,1.96078431372549,2004.470588235294,830.0,2910.0,,1494.0
0363NL03,Vogelbuurt-Zuid,0363NL,IJplein/Vogelbuurt,4075,2135,2042,460,20,80,70,100,0,3,97,1428.0,22.899159663865547,28.78151260504201,31.23249299719888,10.854341736694678,6.23249299719888,1933.373949579832,800.0,1730.0,,1440.0
0363NL04,IJplein e.o.,0363NL,IJplein/Vogelbuurt,2430,1430,1426,417,20,80,73,100,0,0,100,1061.0,58.6239396795476,23.4684260131951,15.080113100848257,1.6965127238454287,1.1310084825636193,1984.8812441093307,530.0,1480.0,,954.0
0363NM01,Blauwe Zand,0363NM,Tuindorp Buiksloot,1910,925,912,484,19,81,79,100,0,77,23,796.0,6.030150753768844,15.954773869346733,40.7035175879397,18.71859296482412,18.592964824120603,1938.4497487437184,840.0,2030.0,,1512.0
0363NN01,Tuindorp Nieuwendam-West,0363NN,Tuindorp Nieuwendam,1060,545,538,400,25,75,73,100,0,78,22,469.0,10.021321961620467,9.381663113006397,44.349680170575695,21.96162046908316,14.285714285714285,1955.078891257996,790.0,1910.0,,1422.0
0363NN02,Tuindorp Nieuwendam-Oost,0363NN,Tuindorp Nieuwendam,2360,1270,1303,497,19,81,80,100,0,95,5,1119.0,1.4298480786416443,4.289544235924933,26.184092940125115,27.256478999106346,40.84003574620196,1930.0437890974083,820.0,1710.0,,1476.0
0363NP01,Hamerstraatkwartier-West,0363NP,Noordelijke IJ-oevers-Oost,380,290,187,344,9,91,0,36,64,5,95,159.0,84.90566037735849,1.8867924528301887,3.7735849056603774,2.515723270440252,6.918238993710692,1995.8490566037733,720.0,1580.0,,1296.0
0363NP02,Hamerstraatkwartier-Oost,0363NP,Noordelijke IJ-oevers-Oost,10,10,1,.,.,.,.,.,.,.,.,,,,,,,,,,,
0363NP03,Bedrijventerrein Nieuwendammerdijk,0363NP,Noordelijke IJ-oevers-Oost,20,10,5,.,.,.,.,.,.,.,.,5.0,0.0,0.0,40.0,0.0,60.0,1956.4,1310.0,2800.0,,2358.0
0363NQ01,Noorderstrook-West,0363NQ,Waterland,75,65,1,.,.,.,.,.,.,.,.,3.0,66.66666666666666,0.0,0.0,0.0,33.33333333333333,2004.6666666666667,,,,
0363NQ02,Noorderstrook-Oost,0363NQ,Waterland,0,0,1,.,.,.,.,.,.,.,.,,,,,,,,,,,
0363NQ03,Zunderdorp,0363NQ,Waterland,470,190,219,889,70,30,11,89,11,72,28,93.0,47.31182795698925,11.827956989247312,11.827956989247312,7.526881720430108,21.50537634408602,1982.1505376344087,1060.0,3180.0,,1908.0
0363NQ04,Schellingwoude-West,0363NQ,Waterland,70,35,31,947,74,26,0,90,10,100,0,15.0,33.33333333333333,0.0,26.666666666666668,20.0,20.0,1949.6,870.0,2510.0,,1566.0
0363NQ05,Schellingwoude-Oost,0363NQ,Waterland,620,245,189,1049,88,12,5,95,5,97,3,106.0,33.0188679245283,11.320754716981131,14.150943396226417,6.60377358490566,34.90566037735849,1951.254716981132,1120.0,3500.0,,2016.0
0363NQ06,Schellingwoude-Noord,0363NQ,Waterland,5,5,2,.,.,.,.,.,.,.,.,,,,,,,,,,,
0363NQ07,Zwarte Gouw,0363NQ,Waterland,35,5,34,245,9,91,0,53,47,9,91,3.0,0.0,33.33333333333333,0.0,33.33333333333333,33.33333333333333,1978.3333333333333,680.0,1960.0,,1224.0
0363NQ08,Holysloot,0363NQ,Waterland,285,110,142,.,70,29,0,80,20,89,11,49.0,36.734693877551024,18.367346938775512,16.3265306122449,8.16326530612245,20.40816326530612,1981.1632653061224,1120.0,3390.0,,2016.0
0363NQ09,Ransdorp,0363NQ,Waterland,330,140,141,1016,86,14,0,89,11,82,18,57.0,31.57894736842105,8.771929824561402,29.82456140350877,8.771929824561402,21.052631578947366,1962.754385964912,1100.0,3590.0,,1980.0
0363NQ10,Durgerdam,0363NQ,Waterland,490,200,185,1062,86,14,0,98,2,90,10,50.0,22.0,8.0,26.0,10.0,34.0,1960.3,1300.0,3510.0,,2340.0
0363SA01,Landelijk gebied Driemond,0363SA,Driemond,155,50,44,869,89,11,0,34,66,95,5,18.0,83.33333333333334,0.0,5.555555555555555,0.0,11.11111111111111,2000.0,730.0,4420.0,,1314.0
0363SA02,Dorp Driemond,0363SA,Driemond,1545,665,656,438,60,40,37,96,4,81,19,358.0,17.59776536312849,12.290502793296088,28.49162011173184,27.6536312849162,13.966480446927374,1968.3575418994408,870.0,2560.0,,1566.0
0363SB01,Weespersluis-Noord,0363SB,Bloemendalerpolder,5,5,2,.,.,.,.,.,.,.,.,,,,,,,,,,,
0363SB02,Waterrijk,0363SB,Bloemendalerpolder,1340,400,285,1161,96,4,0,0,100,94,6,430.0,100.0,0.0,0.0,0.0,0.0,2020.8953488372088,0.0,5380.0,,0.0
0363SB03,Lanenrijk,0363SB,Bloemendalerpolder,2845,890,868,844,97,3,0,0,100,89,11,898.0,100.0,0.0,0.0,0.0,0.0,2017.624721603564,350.0,3990.0,,630.0
0363SB04,Vechtrijk,0363SB,Bloemendalerpolder,1095,390,231,839,96,4,0,6,94,96,4,702.0,99.43019943019942,0.0,0.2849002849002849,0.0,0.2849002849002849,2021.3803418803416,60.0,4700.0,,108.0
0363SB05,Leeuwenveld,0363SB,Bloemendalerpolder,1530,540,518,703,92,8,1,69,31,85,15,297.0,86.53198653198653,12.457912457912458,0.6734006734006733,0.0,0.3367003367003366,2006.050505050505,710.0,3300.0,,1278.0
0363SB06,Bedrijventerrein Nijverheidslaan,0363SB,Bloemendalerpolder,35,20,12,.,.,.,.,.,.,.,.,6.0,33.33333333333333,0.0,33.33333333333333,0.0,33.33333333333333,1941.6666666666667,1140.0,3230.0,,2052.0
0363SC01,Bedrijventerrein-Noord Weesp,0363SC,Weesp-Noordwest,125,70,75,412,36,64,0,100,0,3,97,69.0,97.10144927536231,0.0,0.0,1.4492753623188406,1.4492753623188406,1996.782608695652,580.0,1870.0,,1044.0
0363SC02,Hogewey-Noord,0363SC,Weesp-Noordwest,1140,410,425,430,73,27,0,69,31,31,69,311.0,42.765273311897104,2.572347266881029,12.218649517684888,15.434083601286176,27.009646302250808,1990.0900321543409,730.0,2970.0,,1314.0
0363SC03,Hogewey-Midden,0363SC,Weesp-Noordwest,1875,915,920,378,44,56,48,95,5,52,48,680.0,27.500000000000004,35.88235294117647,18.97058823529412,10.735294117647058,6.911764705882353,1970.1985294117649,830.0,2270.0,,1494.0
0363SC04,Hogewey-Zuid,0363SC,Weesp-Noordwest,1960,915,904,453,35,65,63,100,0,22,78,749.0,46.86248331108144,16.288384512683578,8.01068090787717,19.359145527369822,9.479305740987984,1976.4899866488647,810.0,2150.0,,1458.0
0363SC05,Weesp Dichtersbuurt,0363SC,Weesp-Noordwest,1890,1125,1107,324,51,49,34,100,0,11,89,831.0,17.56919374247894,17.930204572803852,23.94705174488568,18.050541516245488,22.50300842358604,1963.1853188929,680.0,1860.0,,1224.0
0363SC06,Weesp Schildersbuurt,0363SC,Weesp-Noordwest,1050,510,500,366,16,84,82,100,0,41,59,446.0,16.143497757847534,20.85201793721973,26.45739910313901,23.31838565022421,13.228699551569504,1962.47533632287,760.0,1890.0,,1368.0
0363SD01,Herensingelkwartier,0363SD,Weesp Binnenstad/Zuid,1040,570,520,489,64,36,24,100,0,48,52,358.0,36.87150837988827,21.50837988826816,18.71508379888268,6.983240223463687,15.921787709497206,1953.3240223463688,790.0,2070.0,,1422.0
0363SD02,Bedrijventerrein Van Houten,0363SD,Weesp Binnenstad/Zuid,675,350,119,769,92,8,2,100,0,97,3,67.0,11.940298507462686,20.8955223880597,31.343283582089555,7.462686567164178,28.35820895522388,1951.462686567164,1200.0,3370.0,,2160.0
0363SD03,Weesp Centrum,0363SD,Weesp Binnenstad/Zuid,2160,1170,1217,518,57,43,23,99,1,58,42,775.0,16.64516129032258,15.225806451612902,23.483870967741936,15.612903225806452,29.03225806451613,1930.534193548387,880.0,2200.0,,1584.0
0363SD04,Weesp-Zuid I,0363SD,Weesp Binnenstad/Zuid,575,310,368,329,20,80,50,100,0,42,58,318.0,21.069182389937108,27.358490566037734,38.67924528301887,6.918238993710692,5.9748427672955975,1973.96855345912,720.0,1760.0,,1296.0
0363SD05,Weesp-Zuid II,0363SD,Weesp Binnenstad/Zuid,640,315,314,497,33,67,65,100,0,84,16,251.0,9.56175298804781,23.50597609561753,30.677290836653388,11.155378486055776,25.099601593625497,1956.2908366533864,870.0,2260.0,,1566.0
0363SD06,De Klomp,0363SD,Weesp Binnenstad/Zuid,650,260,254,594,87,13,12,100,0,100,0,136.0,19.852941176470587,20.588235294117645,46.32352941176471,11.76470588235294,1.4705882352941175,1973.617647058824,890.0,2530.0,,1602.0
0363SE01,Aetsveldsepolder,0363SE,Aetsveld/Oostelijke Vechtoever,445,190,119,884,92,8,0,97,3,90,10,69.0,34.78260869565217,20.28985507246377,15.942028985507244,10.144927536231885,18.84057971014493,1961.391304347826,1310.0,4280.0,,2358.0
0363SE02,Aetsveld-Zuid,0363SE,Aetsveld/Oostelijke Vechtoever,1725,800,797,430,69,31,18,100,0,64,36,492.0,12.195121951219512,30.691056910569102,54.87804878048781,1.829268292682927,0.4065040650406504,1982.1138211382115,700.0,2300.0,,1260.0
0363SE03,Aetsveld-Noord,0363SE,Aetsveld/Oostelijke Vechtoever,1600,700,702,447,68,32,30,100,0,83,17,407.0,17.69041769041769,32.186732186732186,46.19164619164619,3.9312039312039313,0.0,1981.4643734643728,790.0,2290.0,,1422.0
0363SE04,Oostelijke Vechtoever,0363SE,Aetsveld/Oostelijke Vechtoever,535,225,142,.,85,15,0,94,6,85,15,65.0,46.15384615384615,4.615384615384616,21.53846153846154,9.230769230769232,18.461538461538463,1965.892307692308,1040.0,4400.0,,1872.0
0363TA01,Hoofdcentrum-Zuidoost,0363TA,Amstel III/Bullewijk,20,15,0,.,.,.,.,.,.,.,.,,,,,,,,,,,
0363TA02,Amstel III deel C/D-Noord,0363TA,Amstel III/Bullewijk,35,30,0,.,.,.,.,.,.,.,.,,,,,,,,,,,
0363TA03,Amstel III deel A/B-Noord,0363TA,Amstel III/Bullewijk,1150,390,275,369,0,100,0,0,100,0,100,2231.0,100.0,0.0,0.0,0.0,0.0,2023.614970865083,0.0,1700.0,,0.0
0363TA04,Amstel III deel C/D-Zuid,0363TA,Amstel III/Bullewijk,5,5,2,.,.,.,.,.,.,.,.,,,,,,,,,,,
0363TA05,Amstel III deel A/B-Zuid,0363TA,Amstel III/Bullewijk,2730,2255,2309,188,0,100,0,22,78,0,100,2122.0,99.71724787935908,0.1885014137606032,0.0942507068803016,0.0,0.0,2017.774740810556,80.0,1370.0,,144.0
0363TA06,AMC,0363TA,Amstel III/Bullewijk,30,30,1,.,.,.,.,.,.,.,.,,,,,,,,,,,
0363TA07,Hoge Dijk,0363TA,Amstel III/Bullewijk,325,75,8,.,.,.,.,.,.,.,.,293.0,99.65870307167236,0.0,0.0,0.0,0.3412969283276451,2015.720136518772,1100.0,4380.0,,1980.0
0363TB01,Venserpolder-West,0363TB,Venserpolder,5010,2985,2817,286,23,77,66,100,0,0,100,1568.0,26.913265306122447,35.84183673469388,33.29081632653062,3.635204081632653,0.3188775510204081,1984.915178571429,660.0,1660.0,10.0,1188.0
0363TB02,Venserpolder-Oost,0363TB,Venserpolder,3440,2030,1739,315,37,63,49,96,4,6,94,1370.0,26.934306569343065,32.33576642335766,37.37226277372263,2.554744525547445,0.8029197080291971,1984.8481751824816,680.0,1750.0,,1224.0
0363TC01,D-buurt,0363TC,Amsterdamse Poort e.o.,2405,1955,1943,97,1,99,21,58,42,0,100,2033.0,89.08017707820954,8.017707820954255,2.9021151008362023,0.0,0.0,2012.1396950319725,10.0,1330.0,,18.0
0363TC02,F-buurt,0363TC,Amsterdamse Poort e.o.,4325,2265,1946,338,27,73,30,69,31,24,76,1514.0,77.60898282694848,9.577278731836197,11.955085865257596,0.8586525759577279,0.0,2003.305151915456,130.0,2130.0,,234.0
0363TC03,Amsterdamse Poort,0363TC,Amsterdamse Poort e.o.,2535,1795,1575,269,0,100,43,100,0,0,100,1526.0,75.36041939711664,14.35124508519004,9.567496723460026,0.5242463958060288,0.1965923984272607,1998.105504587156,240.0,1590.0,,432.0
0363TC04,Vogeltjeswei,0363TC,Amsterdamse Poort e.o.,645,280,247,455,57,43,35,100,0,74,26,136.0,83.08823529411765,16.176470588235293,0.7352941176470588,0.0,0.0,1998.0073529411768,0.0,2750.0,98.0,0.0
0363TC05,Nelson Mandelapark,0363TC,Amsterdamse Poort e.o.,0,0,0,.,.,.,.,.,.,.,.,,,,,,,,,,,
0363TD01,Hoptille,0363TD,H-buurt,1985,1270,1222,231,8,92,34,100,0,8,92,1070.0,69.06542056074765,14.205607476635516,10.46728971962617,4.672897196261682,1.588785046728972,1989.8130841121488,360.0,1750.0,,648.0
0363TD02,Rechte H-buurt,0363TD,H-buurt,3030,1590,1276,274,18,82,69,100,0,0,100,1036.0,19.88416988416988,4.343629343629344,69.88416988416989,4.247104247104247,1.6409266409266408,1969.6525096525097,70.0,2070.0,,126.0
0363TD03,Hakfort/Huigenbos,0363TD,H-buurt,2405,1230,1102,262,0,100,100,100,0,0,100,1514.0,36.06340819022457,4.623513870541611,5.151915455746367,46.961690885072656,7.199471598414796,1989.6796565389693,1150.0,1820.0,,2070.0
0363TD04,Huntum,0363TD,H-buurt,180,85,80,580,85,15,5,100,0,98,3,147.0,82.31292517006803,8.843537414965986,8.16326530612245,0.0,0.6802721088435374,2012.0408163265304,1240.0,3010.0,,2232.0
0363TE01,E-buurt,0363TE,Ganzenhoef e.o.,2365,1025,737,499,44,56,40,62,38,74,26,630.0,93.17460317460318,3.1746031746031744,3.1746031746031744,0.3174603174603174,0.1587301587301587,2010.8349206349203,0.0,2650.0,,0.0
0363TE02,G-buurt-West,0363TE,Ganzenhoef e.o.,3705,1940,1484,396,36,63,28,100,0,35,65,1054.0,73.24478178368122,26.185958254269448,0.5692599620493358,0.0,0.0,1999.5,,2520.0,,
0363TE03,G-buurt-Noord,0363TE,Ganzenhoef e.o.,1710,1005,952,229,0,100,100,100,0,0,100,835.0,5.149700598802395,28.8622754491018,49.82035928143713,14.73053892215569,1.437125748502994,1972.0,50.0,1790.0,,90.0
0363TF01,G-buurt-Oost,0363TF,Geerdinkhof/Kantershof,3170,2005,1730,372,65,35,20,99,1,31,69,954.0,48.9517819706499,11.0062893081761,19.60167714884696,9.538784067085954,10.90146750524109,1976.2704402515724,660.0,2100.0,,1188.0
0363TF02,Grunder/Koningshoef,0363TF,Geerdinkhof/Kantershof,1745,770,637,434,51,49,42,100,0,62,38,390.0,84.61538461538461,9.230769230769232,4.871794871794872,0.5128205128205128,0.7692307692307693,2006.5307692307688,850.0,2490.0,,1530.0
0363TF03,Kantershof,0363TF,Geerdinkhof/Kantershof,2245,1235,1057,338,52,47,37,100,0,62,38,679.0,10.014727540500736,8.394698085419734,56.84830633284241,18.998527245949926,5.743740795287187,1975.2371134020616,560.0,2330.0,,1008.0
0363TG01,Bijlmermuseum-Noord,0363TG,Bijlmermuseum,2290,1260,1089,293,9,91,86,100,0,0,100,911.0,8.67178924259056,16.794731064763997,69.92316136114161,4.061470911086718,0.5488474204171241,1969.7069154774968,70.0,1940.0,,126.0
0363TG02,Bijlmermuseum-Zuid,0363TG,Bijlmermuseum,3090,1670,1363,304,26,74,54,100,0,0,100,1132.0,14.2226148409894,15.547703180212014,63.25088339222616,5.477031802120141,1.5017667844522968,1970.125441696113,60.0,2160.0,,108.0
0363TG03,De Kameleon e.o.,0363TG,Bijlmermuseum,2360,1335,1157,244,0,100,62,81,19,1,99,993.0,63.84692849949648,17.421953675730112,18.731117824773413,0.0,0.0,1995.159113796576,370.0,1840.0,,666.0
0363TH01,Gooise Kant,0363TH,K-buurt,865,335,236,559,65,35,17,0,100,100,0,242.0,100.0,0.0,0.0,0.0,0.0,2016.169421487604,0.0,2980.0,,0.0
0363TH02,Kortvoort,0363TH,K-buurt,2920,1750,1493,280,15,85,81,92,8,13,87,1218.0,44.90968801313629,18.47290640394089,21.428571428571427,11.001642036124796,4.1871921182266005,1986.29802955665,830.0,1750.0,,1494.0
0363TH03,Kelbergen,0363TH,K-buurt,1035,475,381,339,19,81,79,100,0,100,0,259.0,9.266409266409266,40.15444015444015,41.6988416988417,7.335907335907336,1.5444015444015444,1972.2664092664093,1010.0,2370.0,,1818.0
0363TH04,K-buurt-Zuidwest,0363TH,K-buurt,1410,620,503,425,55,45,38,100,0,73,27,299.0,98.66220735785951,1.0033444816053512,0.334448160535117,0.0,0.0,2007.3745819398,300.0,2770.0,,540.0
0363TH05,K-buurt-Zuidoost,0363TH,K-buurt,1405,595,454,501,41,59,32,67,33,77,23,323.0,99.69040247678018,0.3095975232198142,0.0,0.0,0.0,2013.2879256965944,0.0,2750.0,,0.0
0363TJ01,Holendrecht-West,0363TJ,Holendrecht,2870,1415,1383,269,0,100,100,100,0,0,100,1347.0,62.9547141796585,24.721603563474385,10.319227913882704,1.4847809948032664,0.5196733481811433,1976.4795842613207,800.0,1830.0,,1440.0
0363TJ02,Holendrecht-Oost,0363TJ,Holendrecht,2520,1185,1068,419,55,45,28,100,0,86,14,704.0,32.95454545454545,39.63068181818182,26.27840909090909,1.1363636363636365,0.0,1981.8480113636365,920.0,2280.0,,1656.0
0363TJ03,Holendrecht-Zuid,0363TJ,Holendrecht,4255,2045,1833,284,13,87,83,100,0,3,97,1245.0,75.7429718875502,13.895582329317268,8.995983935742972,1.0441767068273091,0.321285140562249,1977.118875502008,860.0,2020.0,,1548.0
0363TK01,L-buurt,0363TK,Nellestein,3125,1765,1648,315,42,58,19,100,0,0,100,1165.0,30.815450643776828,16.995708154506435,31.416309012875537,20.429184549356226,0.3433476394849785,1979.077253218884,880.0,1890.0,,1584.0
0363TK02,Gaasperpark,0363TK,Nellestein,20,10,7,.,.,.,.,.,.,.,.,2.0,0.0,0.0,50.0,50.0,0.0,1942.0,2000.0,5380.0,,3600.0
0363TK03,Gaasperplas,0363TK,Nellestein,10,5,5,.,.,.,.,.,.,.,.,1.0,100.0,0.0,0.0,0.0,0.0,1961.0,880.0,3440.0,,1584.0
0363TL01,Reigersbos 1,0363TL,Reigersbos,2030,1070,950,303,35,65,55,100,0,6,94,497.0,26.76056338028169,34.80885311871227,34.40643863179074,3.2193158953722336,0.8048289738430584,1982.579476861167,860.0,1920.0,,1548.0
0363TL02,Reigersbos 2,0363TL,Reigersbos,1575,965,853,271,38,62,51,100,0,4,96,601.0,14.309484193011649,34.109816971713805,45.25790349417637,4.326123128119801,1.9966722129783687,1983.1564059900163,810.0,1800.0,,1458.0
0363TL03,Reigersbos 3,0363TL,Reigersbos,2495,1330,1145,327,32,68,63,100,0,33,67,629.0,43.08426073131956,33.38632750397456,22.57551669316376,0.9538950715421304,0.0,1983.9443561208268,750.0,2030.0,,1350.0
0363TL04,Reigersbos 4,0363TL,Reigersbos,2555,1200,1093,380,39,61,44,100,0,76,24,643.0,39.34681181959565,29.082426127527217,30.793157076205286,0.7776049766718507,0.0,1983.7713841368584,850.0,2090.0,,1530.0
0363TM01,Gein 1,0363TM,Gein,2945,1625,1585,260,22,78,65,100,0,0,100,1261.0,47.50198255352894,29.976209357652657,21.41157811260904,0.7930214115781126,0.317208564631245,1987.0174464710549,750.0,1780.0,,1350.0
0363TM02,Gein 2,0363TM,Gein,1660,865,746,295,24,76,63,100,0,0,100,567.0,12.522045855379188,27.160493827160494,56.4373897707231,1.5873015873015872,2.2927689594356258,1982.4250440917108,840.0,1970.0,,1512.0
0363TM03,Gein 3,0363TM,Gein,3210,1405,1259,441,95,5,0,100,0,100,0,604.0,21.688741721854303,29.13907284768212,46.026490066225165,3.145695364238411,0.0,1985.413907284768,780.0,2500.0,,1404.0
0363TM04,Gein 4,0363TM,Gein,3380,1645,1557,375,26,74,51,100,0,56,44,1257.0,34.60620525059666,43.75497215592681,19.649960222752583,1.988862370723946,0.0,1985.514717581544,830.0,2010.0,,1494.0
