{
"type": "FeatureCollection",
"name": "amsterdam_buurten_2025",
"crs": { "type": "name", "properties": { "name": "urn:ogc:def:crs:OGC:1.3:CRS84" } },
"xy_coordinate_resolution": 1e-05,
"features": [
{ "type": "Feature", "properties": { "buurtcode": "0363AA01", "buurtnaam": "Planciusbuurt-Noord" }, "geometry": { "type": "Polygon", "coordinates": [ [ [ 4.88575, 52.38817 ], [ 4.88433, 52.38596 ], [ 4.88407, 52.38567 ], [ 4.88303, 52.386 ], [ 4.884, 52.38734 ], [ 4.88448, 52.38838 ], [ 4.88575, 52.38817 ] ] ] } },
{ "type": "Feature", "properties": { "buurtcode": "0363AA02", "buurtnaam": "Westelijke eilanden" }, "geometry": { "type": "Polygon", "coordinates": [ [ [ 4.89101, 52.38844 ], [ 4.89117, 52.38778 ], [ 4.89064, 52.38324 ], [ 4.89074, 52.383 ], [ 4.89015, 52.38236 ], [ 4.88814, 52.38328 ], [ 4.88503, 52.38501 ], [ 4.88392, 52.38551 ], [ 4.88433, 52.38596 ], [ 4.88575, 52.38817 ], [ 4.89101, 52.38844 ] ] ] } },
{ "type": "Feature", "properties": { "buurtcode": "0363AA03", "buurtnaam": "Westerdokseiland" }, "geometry": { "type": "Polygon", "coordinates": [ [ [ 4.89566, 52.38692 ], [ 4.89624, 52.38565 ], [ 4.89676, 52.38489 ], [ 4.89791, 52.38367 ], [ 4.89877, 52.38297 ], [ 4.89665, 52.38106 ], [ 4.8958, 52.38014 ], [ 4.89149, 52.38176 ], [ 4.89018, 52.38239 ], [ 4.89074, 52.383 ], [ 4.89064, 52.38324 ], [ 4.89117, 52.38778 ], [ 4.89101, 52.38844 ], [ 4.89207, 52.38851 ], [ 4.89221, 52.38819 ], [ 4.8923, 52.38821 ], [ 4.89236, 52.38852 ], [ 4.89508, 52.38869 ], [ 4.89566, 52.38692 ] ] ] } },
{ "type": "Feature", "properties": { "buurtcode": "0363AA04", "buurtnaam": "Planciusbuurt-Zuid" }, "geometry": { "type": "Polygon", "coordinates": [ [ [ 4.88407, 52.38567 ], [ 4.8826, 52.38389 ], [ 4.88166, 52.38418 ], [ 4.88235, 52.38519 ], [ 4.88303, 52.386 ], [ 4.88407, 52.38567 ] ] ] } },
{ "type": "Feature", "properties": { "buurtcode": "0363AA05", "buurtnaam": "Haarlemmerbuurt-West" }, "geometry": { "type": "Polygon", "coordinates": [ [ [ 4.88465, 52.3852 ], [ 4.88814, 52.38328 ], [ 4.89015, 52.38236 ], [ 4.88843, 52.38052 ], [ 4.88306, 52.38352 ], [ 4.88293, 52.3837 ], [ 4.8826, 52.38389 ], [ 4.88392, 52.38551 ], [ 4.88465, 52.3852 ] ] ] } },
{ "type": "Feature", "properties": { "buurtcode": "0363AA06", "buurtnaam": "Haarlemmerbuurt-Oost" }, "geometry": { "type": "Polygon", "coordinates": [ [ [ 4.89018, 52.38239 ], [ 4.89149, 52.38176 ], [ 4.8958, 52.38014 ], [ 4.894, 52.37876 ], [ 4.89352, 52.37894 ], [ 4.89013, 52.37963 ], [ 4.88843, 52.38052 ], [ 4.89018, 52.38239 ] ] ] } },
{ "type": "Feature", "properties": { "buurtcode": "0363AB01", "buurtnaam": "Marnixbuurt-Noord" }, "geometry": { "type": "Polygon", "coordinates": [ [ [ 4.88253, 52.38392 ], [ 4.88296, 52.38365 ], [ 4.87918, 52.3777 ], [ 4.87869, 52.37782 ], [ 4.87899, 52.37831 ], [ 4.87816, 52.3785 ], [ 4.87986, 52.38122 ], [ 4.87985, 52.38134 ], [ 4.87958, 52.38168 ], [ 4.87963, 52.38193 ], [ 4.88033, 52.3823 ], [ 4.88064, 52.38256 ], [ 4.88166, 52.38418 ], [ 4.88253, 52.38392 ] ] ] } },
{ "type": "Feature", "properties": { "buurtcode": "0363AB02", "buurtnaam": "Driehoekbuurt" }, "geometry": { "type": "Polygon", "coordinates": [ [ [ 4.88306, 52.38352 ], [ 4.88806, 52.38073 ], [ 4.88036, 52.37958 ], [ 4.88296, 52.38365 ], [ 4.88306, 52.38352 ] ] ] } },
{ "type": "Feature", "properties": { "buurtcode": "0363AB03", "buurtnaam": "Anjeliersbuurt-Noord" }, "geometry": { "type": "Polygon", "coordinates": [ [ [ 4.88843, 52.38052 ], [ 4.88712, 52.37909 ], [ 4.87935, 52.37767 ], [ 4.87918, 52.3777 ], [ 4.88036, 52.37958 ], [ 4.88806, 52.38073 ], [ 4.88843, 52.38052 ] ] ] } },
{ "type": "Feature", "properties": { "buurtcode": "0363AB04", "buurtnaam": "Zaagpoortbuurt" }, "geometry": { "type": "Polygon", "coordinates": [ [ [ 4.87899, 52.37831 ], [ 4.87869, 52.37782 ], [ 4.87918, 52.3777 ], [ 4.87707, 52.37436 ], [ 4.87692, 52.37396 ], [ 4.87551, 52.37408 ], [ 4.87554, 52.37421 ], [ 4.87585, 52.37418 ], [ 4.87599, 52.37454 ], [ 4.87801, 52.37776 ], [ 4.8779, 52.37778 ], [ 4.87829, 52.37835 ], [ 4.87809, 52.3784 ], [ 4.87816, 52.3785 ], [ 4.87899, 52.37831 ] ] ] } },
{ "type": "Feature", "properties": { "buurtcode": "0363AB05", "buurtnaam": "Anjeliersbuurt-Zuid" }, "geometry": { "type": "Polygon", "coordinates": [ [ [ 4.88712, 52.37909 ], [ 4.88477, 52.37653 ], [ 4.88427, 52.3766 ], [ 4.8776, 52.3752 ], [ 4.87918, 52.3777 ], [ 4.87935, 52.37767 ], [ 4.88712, 52.37909 ] ] ] } },
{ "type": "Feature", "properties": { "buurtcode": "0363AB06", "buurtnaam": "Marnixbuurt-Midden" }, "geometry": { "type": "Polygon", "coordinates": [ [ [ 4.87551, 52.37408 ], [ 4.87692, 52.37396 ], [ 4.87692, 52.3739 ], [ 4.87631, 52.37231 ], [ 4.8745, 52.37189 ], [ 4.87443, 52.3722 ], [ 4.87455, 52.37245 ], [ 4.87478, 52.37269 ], [ 4.87523, 52.37297 ], [ 4.87543, 52.37323 ], [ 4.87551, 52.37408 ] ] ] } },
{ "type": "Feature", "properties": { "buurtcode": "0363AB07", "buurtnaam": "Bloemgrachtbuurt" }, "geometry": { "type": "Polygon", "coordinates": [ [ [ 4.88477, 52.37653 ], [ 4.88315, 52.37475 ], [ 4.88306, 52.37399 ], [ 4.87631, 52.37231 ], [ 4.87703, 52.37428 ], [ 4.8776, 52.3752 ], [ 4.88427, 52.3766 ], [ 4.88477, 52.37653 ] ] ] } },
{ "type": "Feature", "properties": { "buurtcode": "0363AB08", "buurtnaam": "Groenmarktkadebuurt" }, "geometry": { "type": "Polygon", "coordinates": [ [ [ 4.87631, 52.37231 ], [ 4.8762, 52.37184 ], [ 4.87829, 52.36885 ], [ 4.8768, 52.3685 ], [ 4.87567, 52.36964 ], [ 4.87504, 52.37068 ], [ 4.8745, 52.37189 ], [ 4.87631, 52.37231 ] ] ] } },
{ "type": "Feature", "properties": { "buurtcode": "0363AB09", "buurtnaam": "Marnixbuurt-Zuid" }, "geometry": { "type": "Polygon", "coordinates": [ [ [ 4.87829, 52.36885 ], [ 4.87988, 52.36661 ], [ 4.88002, 52.36664 ], [ 4.88091, 52.36549 ], [ 4.87922, 52.36492 ], [ 4.87913, 52.36538 ], [ 4.87881, 52.36583 ], [ 4.87751, 52.36677 ], [ 4.87734, 52.36718 ], [ 4.87719, 52.3679 ], [ 4.8768, 52.3685 ], [ 4.87829, 52.36885 ] ] ] } },
{ "type": "Feature", "properties": { "buurtcode": "0363AB10", "buurtnaam": "Elandsgrachtbuurt" }, "geometry": { "type": "Polygon", "coordinates": [ [ [ 4.88306, 52.37399 ], [ 4.8826, 52.36875 ], [ 4.8822, 52.36876 ], [ 4.87907, 52.36774 ], [ 4.8762, 52.37184 ], [ 4.87631, 52.37231 ], [ 4.88306, 52.37399 ] ] ] } },
{ "type": "Feature", "properties": { "buurtcode": "0363AB11", "buurtnaam": "Passeerdersgrachtbuurt" }, "geometry": { "type": "Polygon", "coordinates": [ [ [ 4.8826, 52.36875 ], [ 4.88242, 52.36674 ], [ 4.88279, 52.36618 ], [ 4.88091, 52.36549 ], [ 4.88002, 52.36664 ], [ 4.87988, 52.36661 ], [ 4.87907, 52.36774 ], [ 4.8822, 52.36876 ], [ 4.8826, 52.36875 ] ] ] } },
{ "type": "Feature", "properties": { "buurtcode": "0363AC01", "buurtnaam": "Langestraat e.o." }, "geometry": { "type": "Polygon", "coordinates": [ [ [ 4.88984, 52.37973 ], [ 4.89171, 52.37927 ], [ 4.89352, 52.37894 ], [ 4.894, 52.37876 ], [ 4.89131, 52.37632 ], [ 4.88989, 52.3769 ], [ 4.88954, 52.37695 ], [ 4.8862, 52.37809 ], [ 4.88843, 52.38052 ], [ 4.88984, 52.37973 ] ] ] } },
{ "type": "Feature", "properties": { "buurtcode": "0363AC02", "buurtnaam": "Leliegracht e.o." }, "geometry": { "type": "Polygon", "coordinates": [ [ [ 4.88954, 52.37695 ], [ 4.88989, 52.3769 ], [ 4.89131, 52.37632 ], [ 4.8893, 52.37446 ], [ 4.88885, 52.37326 ], [ 4.88665, 52.37345 ], [ 4.88538, 52.37398 ], [ 4.88338, 52.37406 ], [ 4.88306, 52.37399 ], [ 4.88315, 52.37475 ], [ 4.8862, 52.37809 ], [ 4.88954, 52.37695 ] ] ] } },
{ "type": "Feature", "properties": { "buurtcode": "0363AC03", "buurtnaam": "Felix Meritisbuurt" }, "geometry": { "type": "Polygon", "coordinates": [ [ [ 4.88515, 52.374 ], [ 4.8857, 52.37388 ], [ 4.88665, 52.37345 ], [ 4.88885, 52.37326 ], [ 4.8885, 52.37232 ], [ 4.88783, 52.36876 ], [ 4.88261, 52.36893 ], [ 4.88306, 52.37399 ], [ 4.88338, 52.37406 ], [ 4.88515, 52.374 ] ] ] } },
{ "type": "Feature", "properties": { "buurtcode": "0363AC04", "buurtnaam": "Leidsegracht-Noord" }, "geometry": { "type": "Polygon", "coordinates": [ [ [ 4.88261, 52.36893 ], [ 4.88783, 52.36876 ], [ 4.88805, 52.3685 ], [ 4.8867, 52.36804 ], [ 4.88666, 52.36754 ], [ 4.88279, 52.36618 ], [ 4.88242, 52.36674 ], [ 4.88261, 52.36893 ] ] ] } },
{ "type": "Feature", "properties": { "buurtcode": "0363AD01", "buurtnaam": "Stationsplein e.o." }, "geometry": { "type": "Polygon", "coordinates": [ [ [ 4.89947, 52.38248 ], [ 4.90118, 52.38156 ], [ 4.90326, 52.38077 ], [ 4.90431, 52.38046 ], [ 4.9064, 52.38004 ], [ 4.90354, 52.37717 ], [ 4.90325, 52.37659 ], [ 4.90297, 52.37669 ], [ 4.90245, 52.37714 ], [ 4.90195, 52.37724 ], [ 4.89969, 52.3773 ], [ 4.89886, 52.37774 ], [ 4.89856, 52.37812 ], [ 4.89806, 52.3785 ], [ 4.89546, 52.37985 ], [ 4.89665, 52.38106 ], [ 4.89877, 52.38297 ], [ 4.89947, 52.38248 ] ] ] } },
{ "type": "Feature", "properties": { "buurtcode": "0363AD02", "buurtnaam": "Hemelrijk" }, "geometry": { "type": "Polygon", "coordinates": [ [ [ 4.89546, 52.37985 ], [ 4.89771, 52.37868 ], [ 4.89689, 52.378 ], [ 4.89574, 52.37771 ], [ 4.89496, 52.37704 ], [ 4.89419, 52.37661 ], [ 4.89208, 52.37703 ], [ 4.89391, 52.37869 ], [ 4.89546, 52.37985 ] ] ] } },
{ "type": "Feature", "properties": { "buurtcode": "0363AD03", "buurtnaam": "Nieuwendijk-Noord" }, "geometry": { "type": "Polygon", "coordinates": [ [ [ 4.89771, 52.37868 ], [ 4.89856, 52.37812 ], [ 4.89886, 52.37774 ], [ 4.89969, 52.3773 ], [ 4.89707, 52.3755 ], [ 4.89547, 52.37615 ], [ 4.89358, 52.37622 ], [ 4.89496, 52.37704 ], [ 4.89574, 52.37771 ], [ 4.89689, 52.378 ], [ 4.89771, 52.37868 ] ] ] } },
{ "type": "Feature", "properties": { "buurtcode": "0363AD04", "buurtnaam": "Spuistraat-Noord" }, "geometry": { "type": "Polygon", "coordinates": [ [ [ 4.89419, 52.37661 ], [ 4.89193, 52.37507 ], [ 4.89093, 52.37399 ], [ 4.89058, 52.37317 ], [ 4.88885, 52.37326 ], [ 4.8893, 52.37446 ], [ 4.89208, 52.37703 ], [ 4.89419, 52.37661 ] ] ] } },
{ "type": "Feature", "properties": { "buurtcode": "0363AD05", "buurtnaam": "Nieuwe Kerk e.o." }, "geometry": { "type": "Polygon", "coordinates": [ [ [ 4.89509, 52.3762 ], [ 4.89562, 52.37611 ], [ 4.89647, 52.37576 ], [ 4.89356, 52.37349 ], [ 4.89329, 52.3732 ], [ 4.89301, 52.37271 ], [ 4.89212, 52.37274 ], [ 4.8906, 52.37264 ], [ 4.89058, 52.37317 ], [ 4.89087, 52.37389 ], [ 4.89206, 52.37519 ], [ 4.89358, 52.37622 ], [ 4.89509, 52.3762 ] ] ] } },
{ "type": "Feature", "properties": { "buurtcode": "0363AD06", "buurtnaam": "Spuistraat-Zuid" }, "geometry": { "type": "Polygon", "coordinates": [ [ [ 4.89058, 52.37317 ], [ 4.89064, 52.37142 ], [ 4.89031, 52.37084 ], [ 4.8897, 52.37009 ], [ 4.88935, 52.36935 ], [ 4.88925, 52.3688 ], [ 4.88854, 52.36813 ], [ 4.88805, 52.3685 ], [ 4.88782, 52.3688 ], [ 4.8885, 52.37232 ], [ 4.88885, 52.37326 ], [ 4.89058, 52.37317 ] ] ] } },
{ "type": "Feature", "properties": { "buurtcode": "0363AD07", "buurtnaam": "Begijnhofbuurt" }, "geometry": { "type": "Polygon", "coordinates": [ [ [ 4.89297, 52.37271 ], [ 4.8928, 52.37149 ], [ 4.89253, 52.37045 ], [ 4.89201, 52.36905 ], [ 4.88918, 52.3687 ], [ 4.8893, 52.36891 ], [ 4.88935, 52.36935 ], [ 4.8897, 52.37009 ], [ 4.89031, 52.37084 ], [ 4.89064, 52.37142 ], [ 4.8906, 52.37264 ], [ 4.89212, 52.37274 ], [ 4.89297, 52.37271 ] ] ] } },
{ "type": "Feature", "properties": { "buurtcode": "0363AD08", "buurtnaam": "Kalverdriehoek" }, "geometry": { "type": "Polygon", "coordinates": [ [ [ 4.89239, 52.36908 ], [ 4.89289, 52.36833 ], [ 4.89414, 52.36729 ], [ 4.8938, 52.36726 ], [ 4.89315, 52.36691 ], [ 4.89115, 52.36697 ], [ 4.88964, 52.36728 ], [ 4.88854, 52.36813 ], [ 4.88918, 52.3687 ], [ 4.89139, 52.36901 ], [ 4.89239, 52.36908 ] ] ] } },
{ "type": "Feature", "properties": { "buurtcode": "0363AE01", "buurtnaam": "Kop Zeedijk" }, "geometry": { "type": "Polygon", "coordinates": [ [ [ 4.89969, 52.3773 ], [ 4.90195, 52.37724 ], [ 4.90245, 52.37714 ], [ 4.90297, 52.37669 ], [ 4.90325, 52.37659 ], [ 4.90227, 52.37614 ], [ 4.90126, 52.37417 ], [ 4.898, 52.37524 ], [ 4.89788, 52.37516 ], [ 4.89707, 52.3755 ], [ 4.89969, 52.3773 ] ] ] } },
{ "type": "Feature", "properties": { "buurtcode": "0363AE02", "buurtnaam": "Oude Kerk e.o." }, "geometry": { "type": "Polygon", "coordinates": [ [ [ 4.89647, 52.37576 ], [ 4.89788, 52.37516 ], [ 4.898, 52.37524 ], [ 4.8994, 52.37475 ], [ 4.89872, 52.37411 ], [ 4.89587, 52.37186 ], [ 4.89383, 52.37253 ], [ 4.89301, 52.37271 ], [ 4.89329, 52.3732 ], [ 4.89356, 52.37349 ], [ 4.89647, 52.37576 ] ] ] } },
{ "type": "Feature", "properties": { "buurtcode": "0363AE03", "buurtnaam": "Burgwallen-Oost" }, "geometry": { "type": "Polygon", "coordinates": [ [ [ 4.8994, 52.37475 ], [ 4.90126, 52.37417 ], [ 4.9007, 52.37302 ], [ 4.90036, 52.37303 ], [ 4.90009, 52.37291 ], [ 4.89968, 52.37234 ], [ 4.89966, 52.37227 ], [ 4.89985, 52.37222 ], [ 4.89875, 52.37099 ], [ 4.89706, 52.37144 ], [ 4.89587, 52.37186 ], [ 4.89872, 52.37411 ], [ 4.8994, 52.37475 ] ] ] } },
{ "type": "Feature", "properties": { "buurtcode": "0363AE04", "buurtnaam": "Nes e.o." }, "geometry": { "type": "Polygon", "coordinates": [ [ [ 4.89301, 52.37271 ], [ 4.89383, 52.37253 ], [ 4.89587, 52.37186 ], [ 4.89482, 52.3709 ], [ 4.89426, 52.36923 ], [ 4.89201, 52.36905 ], [ 4.89253, 52.37045 ], [ 4.8928, 52.37149 ], [ 4.89292, 52.37256 ], [ 4.89301, 52.37271 ] ] ] } },
{ "type": "Feature", "properties": { "buurtcode": "0363AE05", "buurtnaam": "BG-terrein e.o." }, "geometry": { "type": "Polygon", "coordinates": [ [ [ 4.89706, 52.37144 ], [ 4.89875, 52.37099 ], [ 4.89578, 52.36781 ], [ 4.89526, 52.36737 ], [ 4.89414, 52.36729 ], [ 4.89289, 52.36833 ], [ 4.89243, 52.36896 ], [ 4.89239, 52.36908 ], [ 4.89426, 52.36923 ], [ 4.89482, 52.3709 ], [ 4.89587, 52.37186 ], [ 4.89706, 52.37144 ] ] ] } },
{ "type": "Feature", "properties": { "buurtcode": "0363AF01", "buurtnaam": "Oosterdokseiland" }, "geometry": { "type": "Polygon", "coordinates": [ [ [ 4.9064, 52.38004 ], [ 4.90762, 52.37988 ], [ 4.90868, 52.37986 ], [ 4.91059, 52.37991 ], [ 4.91115, 52.37764 ], [ 4.91075, 52.37768 ], [ 4.91137, 52.37494 ], [ 4.91091, 52.3749 ], [ 4.90957, 52.37397 ], [ 4.90517, 52.37588 ], [ 4.90325, 52.37659 ], [ 4.90354, 52.37717 ], [ 4.9064, 52.38004 ] ] ] } },
{ "type": "Feature", "properties": { "buurtcode": "0363AF02", "buurtnaam": "Lastage" }, "geometry": { "type": "Polygon", "coordinates": [ [ [ 4.90428, 52.37622 ], [ 4.9038, 52.37541 ], [ 4.90332, 52.37505 ], [ 4.90313, 52.37448 ], [ 4.90318, 52.37417 ], [ 4.90365, 52.37357 ], [ 4.90636, 52.37207 ], [ 4.90481, 52.37141 ], [ 4.90135, 52.37337 ], [ 4.90093, 52.37349 ], [ 4.90227, 52.37614 ], [ 4.90325, 52.37659 ], [ 4.90428, 52.37622 ] ] ] } },
{ "type": "Feature", "properties": { "buurtcode": "0363AF03", "buurtnaam": "Scheepvaarthuisbuurt" }, "geometry": { "type": "Polygon", "coordinates": [ [ [ 4.90428, 52.37622 ], [ 4.90926, 52.37409 ], [ 4.90957, 52.37397 ], [ 4.90786, 52.37278 ], [ 4.90636, 52.37207 ], [ 4.90365, 52.37357 ], [ 4.90318, 52.37417 ], [ 4.90313, 52.37448 ], [ 4.90332, 52.37505 ], [ 4.9038, 52.37541 ], [ 4.90428, 52.37622 ] ] ] } },
{ "type": "Feature", "properties": { "buurtcode": "0363AF04", "buurtnaam": "Rapenburg" }, "geometry": { "type": "Polygon", "coordinates": [ [ [ 4.91272, 52.37506 ], [ 4.91341, 52.37377 ], [ 4.91358, 52.37301 ], [ 4.91358, 52.37224 ], [ 4.91341, 52.37147 ], [ 4.91112, 52.36997 ], [ 4.91078, 52.37016 ], [ 4.9105, 52.37021 ], [ 4.90964, 52.37071 ], [ 4.90915, 52.37038 ], [ 4.90636, 52.37207 ], [ 4.90786, 52.37278 ], [ 4.91091, 52.3749 ], [ 4.91272, 52.37506 ] ] ] } },
{ "type": "Feature", "properties": { "buurtcode": "0363AF05", "buurtnaam": "Nieuwmarkt" }, "geometry": { "type": "Polygon", "coordinates": [ [ [ 4.90135, 52.37337 ], [ 4.90423, 52.37176 ], [ 4.90481, 52.37141 ], [ 4.90215, 52.37028 ], [ 4.90112, 52.36962 ], [ 4.9009, 52.36971 ], [ 4.90068, 52.37012 ], [ 4.90043, 52.37185 ], [ 4.90046, 52.37209 ], [ 4.89966, 52.37227 ], [ 4.90016, 52.37297 ], [ 4.9007, 52.37302 ], [ 4.90093, 52.37349 ], [ 4.90135, 52.37337 ] ] ] } },
{ "type": "Feature", "properties": { "buurtcode": "0363AF06", "buurtnaam": "Uilenburg" }, "geometry": { "type": "Polygon", "coordinates": [ [ [ 4.90636, 52.37207 ], [ 4.90915, 52.37038 ], [ 4.9087, 52.37016 ], [ 4.90821, 52.37007 ], [ 4.90396, 52.36845 ], [ 4.90112, 52.36962 ], [ 4.90215, 52.37028 ], [ 4.90636, 52.37207 ] ] ] } },
{ "type": "Feature", "properties": { "buurtcode": "0363AF07", "buurtnaam": "Valkenburg" }, "geometry": { "type": "Polygon", "coordinates": [ [ [ 4.9105, 52.37021 ], [ 4.91078, 52.37016 ], [ 4.91112, 52.36997 ], [ 4.9071, 52.36734 ], [ 4.90396, 52.36845 ], [ 4.90821, 52.37007 ], [ 4.9087, 52.37016 ], [ 4.90964, 52.37071 ], [ 4.9105, 52.37021 ] ] ] } },
{ "type": "Feature", "properties": { "buurtcode": "0363AF08", "buurtnaam": "Zuiderkerkbuurt" }, "geometry": { "type": "Polygon", "coordinates": [ [ [ 4.90046, 52.37209 ], [ 4.90043, 52.37185 ], [ 4.90068, 52.37012 ], [ 4.9009, 52.36971 ], [ 4.90112, 52.36962 ], [ 4.90008, 52.36904 ], [ 4.8987, 52.36784 ], [ 4.89824, 52.36732 ], [ 4.89724, 52.36743 ], [ 4.89526, 52.36737 ], [ 4.89578, 52.36781 ], [ 4.89985, 52.37222 ], [ 4.90046, 52.37209 ] ] ] } },
{ "type": "Feature", "properties": { "buurtcode": "0363AF09", "buurtnaam": "Waterloopleinbuurt" }, "geometry": { "type": "Polygon", "coordinates": [ [ [ 4.90112, 52.36962 ], [ 4.90371, 52.36854 ], [ 4.9071, 52.36734 ], [ 4.90637, 52.36689 ], [ 4.90563, 52.36661 ], [ 4.90121, 52.36578 ], [ 4.90075, 52.36662 ], [ 4.89928, 52.36717 ], [ 4.89824, 52.36732 ], [ 4.8987, 52.36784 ], [ 4.90008, 52.36904 ], [ 4.90112, 52.36962 ] ] ] } },
{ "type": "Feature", "properties": { "buurtcode": "0363AG01", "buurtnaam": "Leidsegracht-Zuid" }, "geometry": { "type": "Polygon", "coordinates": [ [ [ 4.88805, 52.3685 ], [ 4.88964, 52.36728 ], [ 4.88941, 52.36713 ], [ 4.88791, 52.36666 ], [ 4.88446, 52.36502 ], [ 4.88279, 52.36618 ], [ 4.88666, 52.36754 ], [ 4.8867, 52.36804 ], [ 4.88771, 52.36839 ], [ 4.88805, 52.3685 ] ] ] } },
{ "type": "Feature", "properties": { "buurtcode": "0363AG02", "buurtnaam": "Geelvinckbuurt" }, "geometry": { "type": "Polygon", "coordinates": [ [ [ 4.89009, 52.36714 ], [ 4.89174, 52.36691 ], [ 4.89315, 52.36691 ], [ 4.89346, 52.36704 ], [ 4.89281, 52.36518 ], [ 4.89052, 52.3655 ], [ 4.88826, 52.36678 ], [ 4.88941, 52.36713 ], [ 4.88964, 52.36728 ], [ 4.89009, 52.36714 ] ] ] } },
{ "type": "Feature", "properties": { "buurtcode": "0363AG03", "buurtnaam": "Rembrandtplein e.o." }, "geometry": { "type": "Polygon", "coordinates": [ [ [ 4.89724, 52.36743 ], [ 4.89928, 52.36717 ], [ 4.90075, 52.36662 ], [ 4.90121, 52.36578 ], [ 4.89587, 52.36475 ], [ 4.89281, 52.36518 ], [ 4.89346, 52.36704 ], [ 4.8938, 52.36726 ], [ 4.89724, 52.36743 ] ] ] } },
{ "type": "Feature", "properties": { "buurtcode": "0363AG04", "buurtnaam": "Spiegelbuurt" }, "geometry": { "type": "Polygon", "coordinates": [ [ [ 4.88826, 52.36678 ], [ 4.89052, 52.3655 ], [ 4.88803, 52.36269 ], [ 4.88446, 52.36502 ], [ 4.88791, 52.36666 ], [ 4.88826, 52.36678 ] ] ] } },
{ "type": "Feature", "properties": { "buurtcode": "0363AG05", "buurtnaam": "Vijzelstraatbuurt" }, "geometry": { "type": "Polygon", "coordinates": [ [ [ 4.89052, 52.3655 ], [ 4.89587, 52.36475 ], [ 4.89608, 52.36162 ], [ 4.88803, 52.36269 ], [ 4.89052, 52.3655 ] ] ] } },
{ "type": "Feature", "properties": { "buurtcode": "0363AG06", "buurtnaam": "Amstelveldbuurt" }, "geometry": { "type": "Polygon", "coordinates": [ [ [ 4.90121, 52.36578 ], [ 4.90276, 52.3628 ], [ 4.89608, 52.36162 ], [ 4.89587, 52.36475 ], [ 4.90121, 52.36578 ] ] ] } },
{ "type": "Feature", "properties": { "buurtcode": "0363AH01", "buurtnaam": "Leidsebuurt-Noordwest" }, "geometry": { "type": "Polygon", "coordinates": [ [ [ 4.88279, 52.36618 ], [ 4.88446, 52.36502 ], [ 4.88316, 52.3644 ], [ 4.88297, 52.36424 ], [ 4.88257, 52.36452 ], [ 4.88229, 52.36438 ], [ 4.88179, 52.36474 ], [ 4.88168, 52.36468 ], [ 4.88071, 52.36543 ], [ 4.88279, 52.36618 ] ] ] } },
{ "type": "Feature", "properties": { "buurtcode": "0363AH02", "buurtnaam": "Leidsebuurt-Noordoost" }, "geometry": { "type": "Polygon", "coordinates": [ [ [ 4.88446, 52.36502 ], [ 4.88787, 52.36277 ], [ 4.88682, 52.36161 ], [ 4.88356, 52.36324 ], [ 4.88258, 52.3639 ], [ 4.88316, 52.3644 ], [ 4.88446, 52.36502 ] ] ] } },
{ "type": "Feature", "properties": { "buurtcode": "0363AH03", "buurtnaam": "Weteringbuurt" }, "geometry": { "type": "Polygon", "coordinates": [ [ [ 4.88787, 52.36277 ], [ 4.89608, 52.36162 ], [ 4.89618, 52.35969 ], [ 4.89001, 52.36009 ], [ 4.88682, 52.36161 ], [ 4.88787, 52.36277 ] ] ] } },
{ "type": "Feature", "properties": { "buurtcode": "0363AH04", "buurtnaam": "Utrechtsebuurt-Zuid" }, "geometry": { "type": "Polygon", "coordinates": [ [ [ 4.90335, 52.36165 ], [ 4.90119, 52.36123 ], [ 4.89618, 52.36025 ], [ 4.89608, 52.36162 ], [ 4.90276, 52.3628 ], [ 4.90335, 52.36165 ] ] ] } },
{ "type": "Feature", "properties": { "buurtcode": "0363AH05", "buurtnaam": "Leidsebuurt-Zuidwest" }, "geometry": { "type": "Polygon", "coordinates": [ [ [ 4.88071, 52.36543 ], [ 4.88168, 52.36468 ], [ 4.88179, 52.36474 ], [ 4.88229, 52.36438 ], [ 4.88257, 52.36452 ], [ 4.88297, 52.36424 ], [ 4.88258, 52.3639 ], [ 4.88123, 52.36327 ], [ 4.88054, 52.36371 ], [ 4.8796, 52.36404 ], [ 4.87935, 52.36426 ], [ 4.87923, 52.36463 ], [ 4.87922, 52.36492 ], [ 4.88071, 52.36543 ] ] ] } },
{ "type": "Feature", "properties": { "buurtcode": "0363AH06", "buurtnaam": "Leidsebuurt-Zuidoost" }, "geometry": { "type": "Polygon", "coordinates": [ [ [ 4.88356, 52.36324 ], [ 4.88682, 52.36161 ], [ 4.88698, 52.36154 ], [ 4.8863, 52.36078 ], [ 4.88423, 52.36179 ], [ 4.88363, 52.36191 ], [ 4.88225, 52.36199 ], [ 4.88174, 52.36228 ], [ 4.88151, 52.36294 ], [ 4.88123, 52.36327 ], [ 4.88258, 52.3639 ], [ 4.88356, 52.36324 ] ] ] } },
{ "type": "Feature", "properties": { "buurtcode": "0363AH07", "buurtnaam": "Den Texbuurt" }, "geometry": { "type": "Polygon", "coordinates": [ [ [ 4.89001, 52.36009 ], [ 4.89638, 52.35968 ], [ 4.89617, 52.35805 ], [ 4.89087, 52.35837 ], [ 4.89, 52.35853 ], [ 4.88893, 52.35902 ], [ 4.88768, 52.36007 ], [ 4.8863, 52.36078 ], [ 4.88698, 52.36154 ], [ 4.89001, 52.36009 ] ] ] } },
{ "type": "Feature", "properties": { "buurtcode": "0363AH08", "buurtnaam": "Frederikspleinbuurt" }, "geometry": { "type": "Polygon", "coordinates": [ [ [ 4.90335, 52.36165 ], [ 4.90463, 52.35921 ], [ 4.89876, 52.358 ], [ 4.89803, 52.35793 ], [ 4.89617, 52.35805 ], [ 4.89638, 52.35953 ], [ 4.89638, 52.35968 ], [ 4.89618, 52.35969 ], [ 4.89618, 52.36025 ], [ 4.90335, 52.36165 ] ] ] } },
{ "type": "Feature", "properties": { "buurtcode": "0363AJ01", "buurtnaam": "Weesperbuurt" }, "geometry": { "type": "Polygon", "coordinates": [ [ [ 4.90632, 52.36662 ], [ 4.90773, 52.36623 ], [ 4.90809, 52.36599 ], [ 4.90824, 52.3657 ], [ 4.90887, 52.36581 ], [ 4.91438, 52.36394 ], [ 4.91422, 52.36377 ], [ 4.90504, 52.36199 ], [ 4.90511, 52.36185 ], [ 4.90341, 52.36153 ], [ 4.90121, 52.36578 ], [ 4.90563, 52.36661 ], [ 4.90611, 52.36676 ], [ 4.90632, 52.36662 ] ] ] } },
{ "type": "Feature", "properties": { "buurtcode": "0363AJ02", "buurtnaam": "Plantage" }, "geometry": { "type": "Polygon", "coordinates": [ [ [ 4.92124, 52.3661 ], [ 4.92162, 52.36557 ], [ 4.92036, 52.3647 ], [ 4.91845, 52.36388 ], [ 4.91656, 52.36337 ], [ 4.91615, 52.36335 ], [ 4.90887, 52.36581 ], [ 4.90824, 52.3657 ], [ 4.90809, 52.36599 ], [ 4.90773, 52.36623 ], [ 4.90632, 52.36662 ], [ 4.90611, 52.36676 ], [ 4.91068, 52.3697 ], [ 4.92124, 52.3661 ] ] ] } },
{ "type": "Feature", "properties": { "buurtcode": "0363AJ03", "buurtnaam": "Sarphatistrook" }, "geometry": { "type": "Polygon", "coordinates": [ [ [ 4.91438, 52.36394 ], [ 4.91597, 52.36338 ], [ 4.91638, 52.36335 ], [ 4.91677, 52.36342 ], [ 4.91749, 52.36213 ], [ 4.91624, 52.36207 ], [ 4.91403, 52.36149 ], [ 4.91162, 52.36122 ], [ 4.91083, 52.36079 ], [ 4.91025, 52.36062 ], [ 4.90964, 52.36058 ], [ 4.90881, 52.36066 ], [ 4.90832, 52.36059 ], [ 4.90764, 52.36037 ], [ 4.9065, 52.35966 ], [ 4.90463, 52.35921 ], [ 4.90341, 52.36153 ], [ 4.90511, 52.36185 ], [ 4.90504, 52.36199 ], [ 4.91422, 52.36377 ], [ 4.91438, 52.36394 ] ] ] } },
{ "type": "Feature", "properties": { "buurtcode": "0363AJ04", "buurtnaam": "Alexanderplein e.o." }, "geometry": { "type": "Polygon", "coordinates": [ [ [ 4.92231, 52.36376 ], [ 4.92176, 52.36352 ], [ 4.92004, 52.36329 ], [ 4.91971, 52.36314 ], [ 4.91887, 52.36246 ], [ 4.91842, 52.36227 ], [ 4.9178, 52.36214 ], [ 4.91749, 52.36213 ], [ 4.91677, 52.36342 ], [ 4.91845, 52.36388 ], [ 4.92055, 52.36482 ], [ 4.92231, 52.36376 ] ] ] } },
{ "type": "Feature", "properties": { "buurtcode": "0363AK01", "buurtnaam": "Marine-Etablissement" }, "geometry": { "type": "Polygon", "coordinates": [ [ [ 4.91075, 52.37768 ], [ 4.91198, 52.37758 ], [ 4.91208, 52.37718 ], [ 4.9119, 52.3771 ], [ 4.91198, 52.3768 ], [ 4.91411, 52.37671 ], [ 4.9205, 52.37569 ], [ 4.92141, 52.3756 ], [ 4.92087, 52.3741 ], [ 4.91766, 52.37211 ], [ 4.91445, 52.37091 ], [ 4.91341, 52.37147 ], [ 4.9136, 52.37262 ], [ 4.91352, 52.3734 ], [ 4.91326, 52.37415 ], [ 4.91272, 52.37506 ], [ 4.91137, 52.37494 ], [ 4.91075, 52.37768 ] ] ] } },
{ "type": "Feature", "properties": { "buurtcode": "0363AK02", "buurtnaam": "Kattenburg" }, "geometry": { "type": "Polygon", "coordinates": [ [ [ 4.92156, 52.37558 ], [ 4.92154, 52.37553 ], [ 4.92351, 52.37521 ], [ 4.92493, 52.3748 ], [ 4.92016, 52.37178 ], [ 4.9195, 52.37172 ], [ 4.91928, 52.37141 ], [ 4.91768, 52.3706 ], [ 4.91701, 52.36992 ], [ 4.91513, 52.37058 ], [ 4.91445, 52.37091 ], [ 4.91766, 52.37211 ], [ 4.92087, 52.3741 ], [ 4.92141, 52.3756 ], [ 4.92156, 52.37558 ] ] ] } },
{ "type": "Feature", "properties": { "buurtcode": "0363AK03", "buurtnaam": "Wittenburg" }, "geometry": { "type": "Polygon", "coordinates": [ [ [ 4.92493, 52.3748 ], [ 4.9279, 52.37385 ], [ 4.92786, 52.37376 ], [ 4.92374, 52.37117 ], [ 4.92249, 52.37022 ], [ 4.92127, 52.36946 ], [ 4.92106, 52.36955 ], [ 4.9207, 52.36931 ], [ 4.92019, 52.36875 ], [ 4.91701, 52.36992 ], [ 4.91768, 52.3706 ], [ 4.91928, 52.37141 ], [ 4.9195, 52.37172 ], [ 4.92016, 52.37178 ], [ 4.92493, 52.3748 ] ] ] } },
{ "type": "Feature", "properties": { "buurtcode": "0363AK04", "buurtnaam": "Oostenburg" }, "geometry": { "type": "Polygon", "coordinates": [ [ [ 4.9279, 52.37385 ], [ 4.92985, 52.37334 ], [ 4.93055, 52.37308 ], [ 4.93143, 52.37259 ], [ 4.93197, 52.37216 ], [ 4.92654, 52.36885 ], [ 4.92605, 52.36854 ], [ 4.92612, 52.36849 ], [ 4.92587, 52.36833 ], [ 4.92579, 52.36837 ], [ 4.92429, 52.36744 ], [ 4.92376, 52.36755 ], [ 4.92019, 52.36875 ], [ 4.9207, 52.36931 ], [ 4.92106, 52.36955 ], [ 4.92127, 52.36946 ], [ 4.92249, 52.37022 ], [ 4.92374, 52.37117 ], [ 4.92786, 52.37376 ], [ 4.9279, 52.37385 ] ] ] } },
{ "type": "Feature", "properties": { "buurtcode": "0363AK05", "buurtnaam": "Czaar Peterbuurt" }, "geometry": { "type": "Polygon", "coordinates": [ [ [ 4.9321, 52.37198 ], [ 4.93225, 52.37196 ], [ 4.93239, 52.37178 ], [ 4.93232, 52.3717 ], [ 4.93262, 52.37128 ], [ 4.93277, 52.37073 ], [ 4.93291, 52.37067 ], [ 4.93294, 52.37055 ], [ 4.93275, 52.37056 ], [ 4.93188, 52.37026 ], [ 4.93164, 52.37002 ], [ 4.93125, 52.36989 ], [ 4.93077, 52.36939 ], [ 4.9301, 52.36891 ], [ 4.92913, 52.36845 ], [ 4.92906, 52.3684 ], [ 4.92906, 52.36816 ], [ 4.92759, 52.36731 ], [ 4.9276, 52.36717 ], [ 4.9267, 52.3671 ], [ 4.92559, 52.36714 ], [ 4.92429, 52.36744 ], [ 4.92579, 52.36837 ], [ 4.92587, 52.36833 ], [ 4.92612, 52.36849 ], [ 4.92605, 52.36854 ], [ 4.92654, 52.36885 ], [ 4.93197, 52.37216 ], [ 4.9321, 52.37198 ] ] ] } },
{ "type": "Feature", "properties": { "buurtcode": "0363AK06", "buurtnaam": "Het Funen" }, "geometry": { "type": "Polygon", "coordinates": [ [ [ 4.93188, 52.37026 ], [ 4.93294, 52.37055 ], [ 4.93297, 52.37041 ], [ 4.9329, 52.37037 ], [ 4.93295, 52.3699 ], [ 4.93282, 52.36907 ], [ 4.93259, 52.3685 ], [ 4.93209, 52.36767 ], [ 4.93219, 52.36757 ], [ 4.93158, 52.36657 ], [ 4.92713, 52.36646 ], [ 4.9267, 52.3671 ], [ 4.9276, 52.36717 ], [ 4.92759, 52.36731 ], [ 4.92906, 52.36816 ], [ 4.92906, 52.3684 ], [ 4.92913, 52.36845 ], [ 4.9301, 52.36891 ], [ 4.93077, 52.36939 ], [ 4.93125, 52.36989 ], [ 4.93164, 52.37002 ], [ 4.93188, 52.37026 ] ] ] } },
{ "type": "Feature", "properties": { "buurtcode": "0363AK07", "buurtnaam": "Kadijken" }, "geometry": { "type": "Polygon", "coordinates": [ [ [ 4.91341, 52.37147 ], [ 4.91513, 52.37058 ], [ 4.91953, 52.36897 ], [ 4.92376, 52.36755 ], [ 4.9253, 52.36722 ], [ 4.92504, 52.36699 ], [ 4.92395, 52.3665 ], [ 4.92204, 52.36532 ], [ 4.92162, 52.36557 ], [ 4.92124, 52.3661 ], [ 4.91068, 52.3697 ], [ 4.91341, 52.37147 ] ] ] } },
{ "type": "Feature", "properties": { "buurtcode": "0363AK08", "buurtnaam": "Kazernebuurt" }, "geometry": { "type": "Polygon", "coordinates": [ [ [ 4.92559, 52.36714 ], [ 4.9267, 52.3671 ], [ 4.92713, 52.36646 ], [ 4.9266, 52.36627 ], [ 4.92231, 52.36376 ], [ 4.92055, 52.36482 ], [ 4.92162, 52.36557 ], [ 4.92204, 52.36532 ], [ 4.92395, 52.3665 ], [ 4.92504, 52.36699 ], [ 4.9253, 52.36722 ], [ 4.92559, 52.36714 ] ] ] } },
{ "type": "Feature", "properties": { "buurtcode": "0363BA01", "buurtnaam": "Afrikahaven" }, "geometry": { "type": "Polygon", "coordinates": [ [ [ 4.73921, 52.43106 ], [ 4.75321, 52.42924 ], [ 4.75252, 52.42723 ], [ 4.75317, 52.42663 ], [ 4.7536, 52.42583 ], [ 4.75385, 52.42232 ], [ 4.75436, 52.41969 ], [ 4.75801, 52.40722 ], [ 4.75812, 52.40664 ], [ 4.7578, 52.40628 ], [ 4.75845, 52.40585 ], [ 4.75885, 52.40536 ], [ 4.75955, 52.40315 ], [ 4.75988, 52.40185 ], [ 4.76027, 52.40118 ], [ 4.75981, 52.40021 ], [ 4.75936, 52.39891 ], [ 4.75829, 52.3992 ], [ 4.75748, 52.39688 ], [ 4.75602, 52.3971 ], [ 4.75605, 52.39719 ], [ 4.72876, 52.40071 ], [ 4.73921, 52.43106 ] ] ] } },
{ "type": "Feature", "properties": { "buurtcode": "0363BA02", "buurtnaam": "Amerikahaven" }, "geometry": { "type": "Polygon", "coordinates": [ [ [ 4.75321, 52.42924 ], [ 4.76718, 52.42747 ], [ 4.76754, 52.4285 ], [ 4.80994, 52.42302 ], [ 4.80599, 52.41501 ], [ 4.80572, 52.41507 ], [ 4.80559, 52.41485 ], [ 4.80568, 52.41483 ], [ 4.80482, 52.41324 ], [ 4.8042, 52.41181 ], [ 4.80406, 52.41171 ], [ 4.80375, 52.41083 ], [ 4.80304, 52.40789 ], [ 4.80266, 52.40345 ], [ 4.8025, 52.40249 ], [ 4.80244, 52.40103 ], [ 4.80231, 52.40095 ], [ 4.80167, 52.4009 ], [ 4.8021, 52.39997 ], [ 4.8019, 52.39989 ], [ 4.80171, 52.39997 ], [ 4.80138, 52.39973 ], [ 4.80114, 52.39991 ], [ 4.80017, 52.4002 ], [ 4.79941, 52.40028 ], [ 4.79864, 52.40025 ], [ 4.79792, 52.40013 ], [ 4.7963, 52.39952 ], [ 4.7957, 52.39937 ], [ 4.79271, 52.39914 ], [ 4.775, 52.39912 ], [ 4.77298, 52.39482 ], [ 4.77063, 52.39737 ], [ 4.77073, 52.39784 ], [ 4.77085, 52.39804 ], [ 4.77125, 52.39839 ], [ 4.76922, 52.39894 ], [ 4.76741, 52.39927 ], [ 4.75981, 52.40021 ], [ 4.76027, 52.40118 ], [ 4.75988, 52.40185 ], [ 4.75955, 52.40315 ], [ 4.75885, 52.40536 ], [ 4.75845, 52.40585 ], [ 4.7578, 52.40628 ], [ 4.75812, 52.40664 ], [ 4.75801, 52.40722 ], [ 4.75473, 52.41837 ], [ 4.75407, 52.42092 ], [ 4.75372, 52.42361 ], [ 4.7536, 52.42583 ], [ 4.75317, 52.42663 ], [ 4.75252, 52.42723 ], [ 4.75321, 52.42924 ] ] ] } },
{ "type": "Feature", "properties": { "buurtcode": "0363BA03", "buurtnaam": "Westhaven-Noord" }, "geometry": { "type": "Polygon", "coordinates": [ [ [ 4.80994, 52.42302 ], [ 4.82431, 52.42116 ], [ 4.82772, 52.42078 ], [ 4.82686, 52.41838 ], [ 4.82692, 52.41757 ], [ 4.82672, 52.41739 ], [ 4.82616, 52.41726 ], [ 4.82632, 52.41693 ], [ 4.82632, 52.41657 ], [ 4.82573, 52.41512 ], [ 4.82569, 52.41458 ], [ 4.82576, 52.414 ], [ 4.82594, 52.41351 ], [ 4.82629, 52.41289 ], [ 4.827, 52.41202 ], [ 4.82775, 52.41128 ], [ 4.82842, 52.41075 ], [ 4.8294, 52.41015 ], [ 4.83892, 52.40595 ], [ 4.8364, 52.40367 ], [ 4.83638, 52.3988 ], [ 4.83612, 52.39687 ], [ 4.83613, 52.39543 ], [ 4.83579, 52.39543 ], [ 4.83566, 52.39378 ], [ 4.82909, 52.39377 ], [ 4.82909, 52.39474 ], [ 4.82893, 52.39489 ], [ 4.80965, 52.3948 ], [ 4.80952, 52.39481 ], [ 4.80897, 52.39533 ], [ 4.80877, 52.39524 ], [ 4.80855, 52.39543 ], [ 4.80598, 52.39444 ], [ 4.80587, 52.39456 ], [ 4.80552, 52.39451 ], [ 4.80541, 52.39457 ], [ 4.80418, 52.39579 ], [ 4.80307, 52.39737 ], [ 4.80221, 52.39908 ], [ 4.80188, 52.39941 ], [ 4.80138, 52.39973 ], [ 4.80171, 52.39997 ], [ 4.8019, 52.39989 ], [ 4.8021, 52.39997 ], [ 4.80167, 52.4009 ], [ 4.80231, 52.40095 ], [ 4.80244, 52.40103 ], [ 4.8025, 52.40249 ], [ 4.80266, 52.40345 ], [ 4.80287, 52.40642 ], [ 4.8032, 52.40873 ], [ 4.80348, 52.4099 ], [ 4.80406, 52.41171 ], [ 4.8042, 52.41181 ], [ 4.80482, 52.41324 ], [ 4.80568, 52.41483 ], [ 4.80559, 52.41485 ], [ 4.80572, 52.41507 ], [ 4.80599, 52.41501 ], [ 4.80994, 52.42302 ] ] ] } },
{ "type": "Feature", "properties": { "buurtcode": "0363BA04", "buurtnaam": "Petroleumhaven" }, "geometry": { "type": "Polygon", "coordinates": [ [ [ 4.82768, 52.42077 ], [ 4.83382, 52.41991 ], [ 4.84639, 52.41831 ], [ 4.85608, 52.41666 ], [ 4.85571, 52.41632 ], [ 4.86087, 52.4149 ], [ 4.86363, 52.4139 ], [ 4.8597, 52.40975 ], [ 4.84934, 52.40111 ], [ 4.84252, 52.40434 ], [ 4.82969, 52.41001 ], [ 4.82842, 52.41075 ], [ 4.82775, 52.41128 ], [ 4.827, 52.41202 ], [ 4.82629, 52.41289 ], [ 4.82584, 52.41375 ], [ 4.82569, 52.41458 ], [ 4.82578, 52.41532 ], [ 4.82632, 52.41657 ], [ 4.82632, 52.41693 ], [ 4.82616, 52.41726 ], [ 4.82668, 52.41737 ], [ 4.82689, 52.41752 ], [ 4.82686, 52.41838 ], [ 4.82768, 52.42077 ] ] ] } },
{ "type": "Feature", "properties": { "buurtcode": "0363BA05", "buurtnaam": "Vervoerscentrum" }, "geometry": { "type": "Polygon", "coordinates": [ [ [ 4.84252, 52.40434 ], [ 4.84934, 52.40111 ], [ 4.84674, 52.39893 ], [ 4.84582, 52.39802 ], [ 4.84484, 52.39661 ], [ 4.84431, 52.3953 ], [ 4.84368, 52.39523 ], [ 4.84224, 52.39488 ], [ 4.84066, 52.39421 ], [ 4.84176, 52.39508 ], [ 4.83952, 52.3958 ], [ 4.83948, 52.39598 ], [ 4.83885, 52.39617 ], [ 4.83789, 52.39543 ], [ 4.83613, 52.39543 ], [ 4.83612, 52.39687 ], [ 4.83638, 52.3988 ], [ 4.83643, 52.40373 ], [ 4.83892, 52.40595 ], [ 4.84252, 52.40434 ] ] ] } },
{ "type": "Feature", "properties": { "buurtcode": "0363BA06", "buurtnaam": "Westhaven-Zuid" }, "geometry": { "type": "Polygon", "coordinates": [ [ [ 4.82893, 52.39489 ], [ 4.82909, 52.39474 ], [ 4.82909, 52.39377 ], [ 4.83566, 52.39378 ], [ 4.83557, 52.39229 ], [ 4.83544, 52.39212 ], [ 4.83492, 52.39204 ], [ 4.83301, 52.39191 ], [ 4.81617, 52.39191 ], [ 4.81464, 52.39222 ], [ 4.81245, 52.39304 ], [ 4.81083, 52.39391 ], [ 4.80965, 52.3948 ], [ 4.82893, 52.39489 ] ] ] } },
{ "type": "Feature", "properties": { "buurtcode": "0363BB01", "buurtnaam": "Coenhaven" }, "geometry": { "type": "Polygon", "coordinates": [ [ [ 4.86363, 52.4139 ], [ 4.8671, 52.41238 ], [ 4.87099, 52.41013 ], [ 4.87777, 52.40525 ], [ 4.86821, 52.40063 ], [ 4.85556, 52.40628 ], [ 4.8597, 52.40975 ], [ 4.86363, 52.4139 ] ] ] } },
{ "type": "Feature", "properties": { "buurtcode": "0363BB02", "buurtnaam": "Vlothaven" }, "geometry": { "type": "Polygon", "coordinates": [ [ [ 4.86821, 52.40063 ], [ 4.8594, 52.39637 ], [ 4.85255, 52.39944 ], [ 4.85035, 52.40065 ], [ 4.84934, 52.40111 ], [ 4.85556, 52.40628 ], [ 4.86821, 52.40063 ] ] ] } },
{ "type": "Feature", "properties": { "buurtcode": "0363BB03", "buurtnaam": "Minervahaven-Noordoost" }, "geometry": { "type": "Polygon", "coordinates": [ [ [ 4.87777, 52.40525 ], [ 4.88338, 52.4012 ], [ 4.87779, 52.39831 ], [ 4.8739, 52.39757 ], [ 4.87266, 52.39717 ], [ 4.87189, 52.39683 ], [ 4.87169, 52.39697 ], [ 4.86938, 52.40119 ], [ 4.87777, 52.40525 ] ] ] } },
{ "type": "Feature", "properties": { "buurtcode": "0363BB04", "buurtnaam": "Minervahaven-Noordwest" }, "geometry": { "type": "Polygon", "coordinates": [ [ [ 4.87169, 52.39697 ], [ 4.87189, 52.39683 ], [ 4.8691, 52.39549 ], [ 4.86896, 52.39529 ], [ 4.86568, 52.39375 ], [ 4.8594, 52.39637 ], [ 4.86938, 52.40119 ], [ 4.87169, 52.39697 ] ] ] } },
{ "type": "Feature", "properties": { "buurtcode": "0363BB05", "buurtnaam": "Minervahaven-Zuidwest" }, "geometry": { "type": "Polygon", "coordinates": [ [ [ 4.87517, 52.39456 ], [ 4.87281, 52.39477 ], [ 4.87177, 52.39462 ], [ 4.87149, 52.39508 ], [ 4.87128, 52.39526 ], [ 4.86721, 52.39334 ], [ 4.8666, 52.39345 ], [ 4.86568, 52.39375 ], [ 4.86896, 52.39529 ], [ 4.8691, 52.39549 ], [ 4.87189, 52.39683 ], [ 4.87517, 52.39456 ] ] ] } },
{ "type": "Feature", "properties": { "buurtcode": "0363BB06", "buurtnaam": "Minervahaven-Zuidoost" }, "geometry": { "type": "Polygon", "coordinates": [ [ [ 4.88586, 52.39938 ], [ 4.8763, 52.39452 ], [ 4.87517, 52.39456 ], [ 4.87189, 52.39683 ], [ 4.87266, 52.39717 ], [ 4.8739, 52.39757 ], [ 4.87779, 52.39831 ], [ 4.88338, 52.4012 ], [ 4.88586, 52.39938 ] ] ] } },
{ "type": "Feature", "properties": { "buurtcode": "0363BB07", "buurtnaam": "Alfa-driehoek" }, "geometry": { "type": "Polygon", "coordinates": [ [ [ 4.85035, 52.40065 ], [ 4.85255, 52.39944 ], [ 4.85508, 52.3983 ], [ 4.8552, 52.39551 ], [ 4.84675, 52.39546 ], [ 4.84675, 52.39552 ], [ 4.846, 52.39551 ], [ 4.84431, 52.3953 ], [ 4.84468, 52.39629 ], [ 4.84533, 52.39739 ], [ 4.84582, 52.39802 ], [ 4.84674, 52.39893 ], [ 4.84934, 52.40111 ], [ 4.85035, 52.40065 ] ] ] } },
{ "type": "Feature", "properties": { "buurtcode": "0363BB08", "buurtnaam": "Hemknoop-Noord" }, "geometry": { "type": "Polygon", "coordinates": [ [ [ 4.8594, 52.39637 ], [ 4.86568, 52.39375 ], [ 4.86601, 52.39361 ], [ 4.8656, 52.39316 ], [ 4.86422, 52.39287 ], [ 4.86312, 52.39371 ], [ 4.86237, 52.39416 ], [ 4.86058, 52.39489 ], [ 4.85932, 52.39519 ], [ 4.8581, 52.39535 ], [ 4.85562, 52.3954 ], [ 4.85561, 52.39551 ], [ 4.8552, 52.39551 ], [ 4.85508, 52.3983 ], [ 4.8594, 52.39637 ] ] ] } },
{ "type": "Feature", "properties": { "buurtcode": "0363EA01", "buurtnaam": "Isolatorbuurt" }, "geometry": { "type": "Polygon", "coordinates": [ [ [ 4.84675, 52.39546 ], [ 4.85496, 52.39552 ], [ 4.85561, 52.39551 ], [ 4.85562, 52.3954 ], [ 4.8569, 52.3954 ], [ 4.85694, 52.39382 ], [ 4.85723, 52.39382 ], [ 4.85731, 52.39238 ], [ 4.85749, 52.39218 ], [ 4.85549, 52.392 ], [ 4.84421, 52.39181 ], [ 4.84411, 52.39385 ], [ 4.84431, 52.3953 ], [ 4.84549, 52.39548 ], [ 4.84675, 52.39552 ], [ 4.84675, 52.39546 ] ] ] } },
{ "type": "Feature", "properties": { "buurtcode": "0363EA02", "buurtnaam": "Contactbuurt" }, "geometry": { "type": "Polygon", "coordinates": [ [ [ 4.85749, 52.39218 ], [ 4.85819, 52.39135 ], [ 4.85848, 52.39121 ], [ 4.8588, 52.39118 ], [ 4.85908, 52.39039 ], [ 4.85916, 52.38893 ], [ 4.84437, 52.3889 ], [ 4.84421, 52.39181 ], [ 4.85549, 52.392 ], [ 4.85749, 52.39218 ] ] ] } },
{ "type": "Feature", "properties": { "buurtcode": "0363EA03", "buurtnaam": "Woon- en Groengebied Sloterdijk" }, "geometry": { "type": "Polygon", "coordinates": [ [ [ 4.84468, 52.38892 ], [ 4.85089, 52.38888 ], [ 4.86496, 52.38897 ], [ 4.86492, 52.38866 ], [ 4.86484, 52.38864 ], [ 4.86491, 52.38806 ], [ 4.86318, 52.38803 ], [ 4.8642, 52.38545 ], [ 4.84481, 52.38511 ], [ 4.84468, 52.38892 ] ] ] } },
{ "type": "Feature", "properties": { "buurtcode": "0363EB01", "buurtnaam": "Hemknoop-Zuid" }, "geometry": { "type": "Polygon", "coordinates": [ [ [ 4.8569, 52.3954 ], [ 4.85892, 52.39525 ], [ 4.86095, 52.39478 ], [ 4.86264, 52.39401 ], [ 4.86422, 52.39287 ], [ 4.86108, 52.39249 ], [ 4.85749, 52.39218 ], [ 4.85731, 52.39238 ], [ 4.85723, 52.39382 ], [ 4.85694, 52.39382 ], [ 4.8569, 52.3954 ] ] ] } },
{ "type": "Feature", "properties": { "buurtcode": "0363EB02", "buurtnaam": "Overbraker Binnenpolder" }, "geometry": { "type": "Polygon", "coordinates": [ [ [ 4.86413, 52.39285 ], [ 4.8664, 52.39109 ], [ 4.86822, 52.38987 ], [ 4.86994, 52.38897 ], [ 4.87213, 52.38835 ], [ 4.8695, 52.38767 ], [ 4.86524, 52.38638 ], [ 4.86397, 52.38611 ], [ 4.86318, 52.38803 ], [ 4.86491, 52.38806 ], [ 4.86484, 52.38864 ], [ 4.86492, 52.38866 ], [ 4.86496, 52.38897 ], [ 4.85916, 52.38893 ], [ 4.85908, 52.39039 ], [ 4.8588, 52.39118 ], [ 4.85848, 52.39121 ], [ 4.85819, 52.39135 ], [ 4.85749, 52.39218 ], [ 4.86108, 52.39249 ], [ 4.86413, 52.39285 ] ] ] } },
{ "type": "Feature", "properties": { "buurtcode": "0363EB03", "buurtnaam": "Zaanstraat emplacement" }, "geometry": { "type": "Polygon", "coordinates": [ [ [ 4.86562, 52.39299 ], [ 4.86631, 52.39312 ], [ 4.87085, 52.39107 ], [ 4.87123, 52.39092 ], [ 4.87141, 52.39096 ], [ 4.87876, 52.38771 ], [ 4.87832, 52.38723 ], [ 4.8781, 52.38724 ], [ 4.87717, 52.38753 ], [ 4.8752, 52.38794 ], [ 4.87213, 52.38835 ], [ 4.86994, 52.38897 ], [ 4.86822, 52.38987 ], [ 4.86737, 52.3904 ], [ 4.86413, 52.39285 ], [ 4.86555, 52.39315 ], [ 4.86562, 52.39299 ] ] ] } },
{ "type": "Feature", "properties": { "buurtcode": "0363EB04", "buurtnaam": "Spaarndammerbuurt-Noordwest" }, "geometry": { "type": "Polygon", "coordinates": [ [ [ 4.8705, 52.39312 ], [ 4.87358, 52.39287 ], [ 4.87642, 52.3928 ], [ 4.87678, 52.39269 ], [ 4.87746, 52.39222 ], [ 4.87665, 52.39182 ], [ 4.87303, 52.39074 ], [ 4.8726, 52.39043 ], [ 4.87141, 52.39096 ], [ 4.87123, 52.39092 ], [ 4.87085, 52.39107 ], [ 4.86631, 52.39312 ], [ 4.86733, 52.39319 ], [ 4.8705, 52.39312 ] ] ] } },
{ "type": "Feature", "properties": { "buurtcode": "0363EB05", "buurtnaam": "Spaarndammerbuurt-Midden" }, "geometry": { "type": "Polygon", "coordinates": [ [ [ 4.87746, 52.39222 ], [ 4.8782, 52.39165 ], [ 4.87812, 52.39143 ], [ 4.87836, 52.39071 ], [ 4.87454, 52.38956 ], [ 4.8726, 52.39043 ], [ 4.87303, 52.39074 ], [ 4.87665, 52.39182 ], [ 4.87746, 52.39222 ] ] ] } },
{ "type": "Feature", "properties": { "buurtcode": "0363EB06", "buurtnaam": "Spaarndammerbuurt-Zuidwest" }, "geometry": { "type": "Polygon", "coordinates": [ [ [ 4.87836, 52.39071 ], [ 4.88151, 52.38679 ], [ 4.87876, 52.38771 ], [ 4.87454, 52.38956 ], [ 4.87836, 52.39071 ] ] ] } },
{ "type": "Feature", "properties": { "buurtcode": "0363EB07", "buurtnaam": "Spaarndammerbuurt-Noordoost" }, "geometry": { "type": "Polygon", "coordinates": [ [ [ 4.8782, 52.39165 ], [ 4.88475, 52.39078 ], [ 4.88552, 52.39047 ], [ 4.88448, 52.38838 ], [ 4.88157, 52.38877 ], [ 4.88125, 52.38914 ], [ 4.88043, 52.38925 ], [ 4.8797, 52.38903 ], [ 4.87836, 52.39071 ], [ 4.87812, 52.39143 ], [ 4.8782, 52.39165 ] ] ] } },
{ "type": "Feature", "properties": { "buurtcode": "0363EB08", "buurtnaam": "Zeeheldenbuurt" }, "geometry": { "type": "Polygon", "coordinates": [ [ [ 4.89137, 52.39003 ], [ 4.89141, 52.38993 ], [ 4.89149, 52.38994 ], [ 4.89193, 52.38909 ], [ 4.89089, 52.38892 ], [ 4.89101, 52.38844 ], [ 4.88597, 52.38813 ], [ 4.88448, 52.38838 ], [ 4.88566, 52.39076 ], [ 4.89137, 52.39003 ] ] ] } },
{ "type": "Feature", "properties": { "buurtcode": "0363EB09", "buurtnaam": "Westergasfabriek" }, "geometry": { "type": "Polygon", "coordinates": [ [ [ 4.87213, 52.38835 ], [ 4.8752, 52.38794 ], [ 4.87717, 52.38753 ], [ 4.8781, 52.38724 ], [ 4.87832, 52.38723 ], [ 4.87876, 52.38771 ], [ 4.88103, 52.3869 ], [ 4.88323, 52.38624 ], [ 4.88259, 52.38546 ], [ 4.88175, 52.38564 ], [ 4.88054, 52.38574 ], [ 4.8642, 52.38545 ], [ 4.86397, 52.38611 ], [ 4.86524, 52.38638 ], [ 4.8695, 52.38767 ], [ 4.87213, 52.38835 ] ] ] } },
{ "type": "Feature", "properties": { "buurtcode": "0363EB10", "buurtnaam": "Spaarndammerbuurt-Zuidoost" }, "geometry": { "type": "Polygon", "coordinates": [ [ [ 4.88125, 52.38914 ], [ 4.88157, 52.38877 ], [ 4.88448, 52.38838 ], [ 4.884, 52.38734 ], [ 4.88323, 52.38624 ], [ 4.88151, 52.38679 ], [ 4.8797, 52.38903 ], [ 4.88043, 52.38925 ], [ 4.88125, 52.38914 ] ] ] } },
{ "type": "Feature", "properties": { "buurtcode": "0363EC01", "buurtnaam": "Houthavens-West" }, "geometry": { "type": "Polygon", "coordinates": [ [ [ 4.88586, 52.39938 ], [ 4.89155, 52.39511 ], [ 4.89109, 52.39485 ], [ 4.88784, 52.39364 ], [ 4.88566, 52.39076 ], [ 4.88552, 52.39047 ], [ 4.88475, 52.39078 ], [ 4.87829, 52.39162 ], [ 4.87678, 52.39269 ], [ 4.87642, 52.3928 ], [ 4.87358, 52.39287 ], [ 4.8705, 52.39312 ], [ 4.86733, 52.39319 ], [ 4.86656, 52.39315 ], [ 4.86562, 52.39299 ], [ 4.86555, 52.39315 ], [ 4.86567, 52.3932 ], [ 4.86604, 52.39364 ], [ 4.86721, 52.39334 ], [ 4.87128, 52.39526 ], [ 4.87149, 52.39508 ], [ 4.87177, 52.39462 ], [ 4.87281, 52.39477 ], [ 4.87585, 52.39449 ], [ 4.87644, 52.39456 ], [ 4.88586, 52.39938 ] ] ] } },
{ "type": "Feature", "properties": { "buurtcode": "0363EC02", "buurtnaam": "Houthavens-Oost" }, "geometry": { "type": "Polygon", "coordinates": [ [ [ 4.89155, 52.39511 ], [ 4.89265, 52.39421 ], [ 4.89321, 52.39356 ], [ 4.89365, 52.39282 ], [ 4.89398, 52.39205 ], [ 4.89508, 52.38869 ], [ 4.89236, 52.38852 ], [ 4.8923, 52.38821 ], [ 4.89221, 52.38819 ], [ 4.89207, 52.38851 ], [ 4.89101, 52.38844 ], [ 4.89089, 52.38892 ], [ 4.89193, 52.38909 ], [ 4.89149, 52.38994 ], [ 4.89141, 52.38993 ], [ 4.89137, 52.39003 ], [ 4.88566, 52.39076 ], [ 4.88784, 52.39364 ], [ 4.89109, 52.39485 ], [ 4.89155, 52.39511 ] ] ] } },
{ "type": "Feature", "properties": { "buurtcode": "0363ED01", "buurtnaam": "Kolenkitbuurt-Noord" }, "geometry": { "type": "Polygon", "coordinates": [ [ [ 4.83925, 52.38502 ], [ 4.84457, 52.3851 ], [ 4.84479, 52.38103 ], [ 4.84467, 52.3796 ], [ 4.84406, 52.3779 ], [ 4.83772, 52.37886 ], [ 4.8393, 52.38269 ], [ 4.83945, 52.38404 ], [ 4.83941, 52.38459 ], [ 4.83936, 52.38459 ], [ 4.83925, 52.38502 ] ] ] } },
{ "type": "Feature", "properties": { "buurtcode": "0363ED02", "buurtnaam": "Kolenkitbuurt-Zuid" }, "geometry": { "type": "Polygon", "coordinates": [ [ [ 4.83772, 52.37886 ], [ 4.84406, 52.3779 ], [ 4.84301, 52.37536 ], [ 4.83669, 52.37635 ], [ 4.83772, 52.37886 ] ] ] } },
{ "type": "Feature", "properties": { "buurtcode": "0363ED03", "buurtnaam": "Laan van Spartaan" }, "geometry": { "type": "Polygon", "coordinates": [ [ [ 4.84301, 52.37536 ], [ 4.8424, 52.37373 ], [ 4.84213, 52.37224 ], [ 4.8406, 52.37233 ], [ 4.83533, 52.37315 ], [ 4.83669, 52.37635 ], [ 4.84301, 52.37536 ] ] ] } },
{ "type": "Feature", "properties": { "buurtcode": "0363ED04", "buurtnaam": "Robert Scottbuurt-West" }, "geometry": { "type": "Polygon", "coordinates": [ [ [ 4.84741, 52.37547 ], [ 4.84555, 52.3752 ], [ 4.84579, 52.37418 ], [ 4.84608, 52.37403 ], [ 4.84635, 52.37324 ], [ 4.84678, 52.37241 ], [ 4.84527, 52.37221 ], [ 4.84213, 52.37224 ], [ 4.84233, 52.37345 ], [ 4.84264, 52.37445 ], [ 4.84406, 52.3779 ], [ 4.84507, 52.37776 ], [ 4.84608, 52.37795 ], [ 4.84741, 52.37547 ] ] ] } },
{ "type": "Feature", "properties": { "buurtcode": "0363EE01", "buurtnaam": "Bosleeuw" }, "geometry": { "type": "Polygon", "coordinates": [ [ [ 4.84457, 52.3851 ], [ 4.8475, 52.38516 ], [ 4.8475, 52.38437 ], [ 4.84766, 52.38416 ], [ 4.85132, 52.38257 ], [ 4.8546, 52.38071 ], [ 4.85252, 52.37937 ], [ 4.85194, 52.37914 ], [ 4.84521, 52.37777 ], [ 4.84406, 52.3779 ], [ 4.84462, 52.37942 ], [ 4.84478, 52.38041 ], [ 4.84457, 52.3851 ] ] ] } },
{ "type": "Feature", "properties": { "buurtcode": "0363EE02", "buurtnaam": "Gibraltarbuurt" }, "geometry": { "type": "Polygon", "coordinates": [ [ [ 4.85672, 52.38406 ], [ 4.85692, 52.38407 ], [ 4.85705, 52.38253 ], [ 4.85551, 52.38251 ], [ 4.85553, 52.38153 ], [ 4.85548, 52.38133 ], [ 4.8546, 52.38071 ], [ 4.85132, 52.38257 ], [ 4.84766, 52.38416 ], [ 4.8475, 52.38437 ], [ 4.8475, 52.38516 ], [ 4.85667, 52.38532 ], [ 4.85672, 52.38406 ] ] ] } },
{ "type": "Feature", "properties": { "buurtcode": "0363EE03", "buurtnaam": "Bedrijventerrein Landlust" }, "geometry": { "type": "Polygon", "coordinates": [ [ [ 4.8607, 52.38451 ], [ 4.86087, 52.38396 ], [ 4.8618, 52.38247 ], [ 4.86262, 52.38039 ], [ 4.86175, 52.38027 ], [ 4.8615, 52.38012 ], [ 4.85763, 52.38235 ], [ 4.85705, 52.38253 ], [ 4.85692, 52.38407 ], [ 4.85672, 52.38406 ], [ 4.85667, 52.38532 ], [ 4.86067, 52.38539 ], [ 4.8607, 52.38451 ] ] ] } },
{ "type": "Feature", "properties": { "buurtcode": "0363EE04", "buurtnaam": "Landlust-Noord" }, "geometry": { "type": "Polygon", "coordinates": [ [ [ 4.85719, 52.38251 ], [ 4.85763, 52.38235 ], [ 4.8615, 52.38012 ], [ 4.86097, 52.37985 ], [ 4.8577, 52.3794 ], [ 4.85677, 52.37908 ], [ 4.85583, 52.37995 ], [ 4.8546, 52.38071 ], [ 4.85548, 52.38133 ], [ 4.85553, 52.38153 ], [ 4.85551, 52.38251 ], [ 4.85719, 52.38251 ] ] ] } },
{ "type": "Feature", "properties": { "buurtcode": "0363EE05", "buurtnaam": "Erasmusparkbuurt-Oost" }, "geometry": { "type": "Polygon", "coordinates": [ [ [ 4.85519, 52.38037 ], [ 4.85635, 52.37952 ], [ 4.85728, 52.37839 ], [ 4.85768, 52.37757 ], [ 4.85856, 52.37465 ], [ 4.85556, 52.37436 ], [ 4.8555, 52.37454 ], [ 4.85531, 52.37452 ], [ 4.85466, 52.3766 ], [ 4.8568, 52.37685 ], [ 4.85631, 52.37828 ], [ 4.85604, 52.37867 ], [ 4.85532, 52.37932 ], [ 4.85454, 52.37988 ], [ 4.85409, 52.37979 ], [ 4.85361, 52.38007 ], [ 4.8546, 52.38071 ], [ 4.85519, 52.38037 ] ] ] } },
{ "type": "Feature", "properties": { "buurtcode": "0363EE06", "buurtnaam": "Landlust-Zuid" }, "geometry": { "type": "Polygon", "coordinates": [ [ [ 4.86443, 52.37541 ], [ 4.85856, 52.37465 ], [ 4.8576, 52.37778 ], [ 4.85728, 52.37839 ], [ 4.85677, 52.37908 ], [ 4.8577, 52.3794 ], [ 4.86097, 52.37985 ], [ 4.86175, 52.38027 ], [ 4.86262, 52.38039 ], [ 4.86443, 52.37541 ] ] ] } },
{ "type": "Feature", "properties": { "buurtcode": "0363EF01", "buurtnaam": "Robert Scottbuurt-Oost" }, "geometry": { "type": "Polygon", "coordinates": [ [ [ 4.84999, 52.37294 ], [ 4.84678, 52.37241 ], [ 4.84635, 52.37324 ], [ 4.84608, 52.37403 ], [ 4.84579, 52.37418 ], [ 4.84555, 52.3752 ], [ 4.84686, 52.37536 ], [ 4.84834, 52.37567 ], [ 4.84999, 52.37294 ] ] ] } },
{ "type": "Feature", "properties": { "buurtcode": "0363EF02", "buurtnaam": "Erasmusparkbuurt-West" }, "geometry": { "type": "Polygon", "coordinates": [ [ [ 4.85409, 52.37979 ], [ 4.85454, 52.37988 ], [ 4.85532, 52.37932 ], [ 4.85604, 52.37867 ], [ 4.85631, 52.37828 ], [ 4.8568, 52.37685 ], [ 4.85466, 52.3766 ], [ 4.85531, 52.37452 ], [ 4.8555, 52.37454 ], [ 4.85556, 52.37436 ], [ 4.85481, 52.37423 ], [ 4.85289, 52.37348 ], [ 4.84999, 52.37294 ], [ 4.84834, 52.37567 ], [ 4.84741, 52.37547 ], [ 4.84608, 52.37795 ], [ 4.85194, 52.37914 ], [ 4.85252, 52.37937 ], [ 4.85361, 52.38007 ], [ 4.85409, 52.37979 ] ] ] } },
{ "type": "Feature", "properties": { "buurtcode": "0363EG01", "buurtnaam": "Bedrijvencentrum Westerkwartier" }, "geometry": { "type": "Polygon", "coordinates": [ [ [ 4.86687, 52.3855 ], [ 4.86803, 52.38208 ], [ 4.86616, 52.38178 ], [ 4.86607, 52.38168 ], [ 4.86583, 52.38164 ], [ 4.86546, 52.38253 ], [ 4.86529, 52.38268 ], [ 4.86511, 52.38312 ], [ 4.86501, 52.3831 ], [ 4.86491, 52.38338 ], [ 4.86348, 52.38318 ], [ 4.86379, 52.38253 ], [ 4.86375, 52.38232 ], [ 4.86308, 52.38183 ], [ 4.86211, 52.38171 ], [ 4.86161, 52.38282 ], [ 4.86081, 52.38412 ], [ 4.8607, 52.38451 ], [ 4.86067, 52.38539 ], [ 4.86687, 52.3855 ] ] ] } },
{ "type": "Feature", "properties": { "buurtcode": "0363EG02", "buurtnaam": "GWL-terrein" }, "geometry": { "type": "Polygon", "coordinates": [ [ [ 4.87067, 52.38253 ], [ 4.86803, 52.38208 ], [ 4.86687, 52.3855 ], [ 4.86941, 52.38554 ], [ 4.87067, 52.38253 ] ] ] } },
{ "type": "Feature", "properties": { "buurtcode": "0363EG03", "buurtnaam": "Markthallen" }, "geometry": { "type": "Polygon", "coordinates": [ [ [ 4.86501, 52.3831 ], [ 4.86511, 52.38312 ], [ 4.86529, 52.38268 ], [ 4.86546, 52.38253 ], [ 4.86583, 52.38164 ], [ 4.86607, 52.38168 ], [ 4.86616, 52.38178 ], [ 4.86781, 52.38201 ], [ 4.86827, 52.38077 ], [ 4.86831, 52.38046 ], [ 4.86816, 52.38019 ], [ 4.86975, 52.37599 ], [ 4.87016, 52.37587 ], [ 4.86981, 52.37541 ], [ 4.86888, 52.37568 ], [ 4.86815, 52.37573 ], [ 4.86707, 52.3757 ], [ 4.86443, 52.37541 ], [ 4.86211, 52.38171 ], [ 4.86308, 52.38183 ], [ 4.86375, 52.38232 ], [ 4.86379, 52.38253 ], [ 4.86348, 52.38318 ], [ 4.86491, 52.38338 ], [ 4.86501, 52.3831 ] ] ] } },
{ "type": "Feature", "properties": { "buurtcode": "0363EG04", "buurtnaam": "Marcanti" }, "geometry": { "type": "Polygon", "coordinates": [ [ [ 4.8685, 52.37572 ], [ 4.86981, 52.37541 ], [ 4.86723, 52.37254 ], [ 4.86485, 52.37453 ], [ 4.86468, 52.37476 ], [ 4.86443, 52.37541 ], [ 4.86707, 52.3757 ], [ 4.8685, 52.37572 ] ] ] } },
{ "type": "Feature", "properties": { "buurtcode": "0363EH01", "buurtnaam": "Westerstaatsman" }, "geometry": { "type": "Polygon", "coordinates": [ [ [ 4.87153, 52.38478 ], [ 4.87312, 52.38134 ], [ 4.87305, 52.38122 ], [ 4.87251, 52.3812 ], [ 4.86831, 52.38046 ], [ 4.86827, 52.38077 ], [ 4.86781, 52.38201 ], [ 4.87067, 52.38253 ], [ 4.86941, 52.38554 ], [ 4.87149, 52.38558 ], [ 4.87153, 52.38478 ] ] ] } },
{ "type": "Feature", "properties": { "buurtcode": "0363EH02", "buurtnaam": "Fannius Scholtenbuurt" }, "geometry": { "type": "Polygon", "coordinates": [ [ [ 4.87505, 52.38435 ], [ 4.87705, 52.38318 ], [ 4.87388, 52.38117 ], [ 4.87375, 52.38098 ], [ 4.87338, 52.3811 ], [ 4.87305, 52.38122 ], [ 4.87312, 52.38134 ], [ 4.87153, 52.38478 ], [ 4.87149, 52.38558 ], [ 4.87499, 52.38564 ], [ 4.87505, 52.38435 ] ] ] } },
{ "type": "Feature", "properties": { "buurtcode": "0363EH03", "buurtnaam": "Staatsliedenbuurt-Noordoost" }, "geometry": { "type": "Polygon", "coordinates": [ [ [ 4.87499, 52.38564 ], [ 4.88124, 52.38571 ], [ 4.87705, 52.38318 ], [ 4.87505, 52.38435 ], [ 4.87499, 52.38564 ] ] ] } },
{ "type": "Feature", "properties": { "buurtcode": "0363EH04", "buurtnaam": "De Wittenbuurt-Noord" }, "geometry": { "type": "Polygon", "coordinates": [ [ [ 4.88124, 52.38571 ], [ 4.88259, 52.38546 ], [ 4.88183, 52.38443 ], [ 4.88064, 52.38256 ], [ 4.88033, 52.3823 ], [ 4.87963, 52.38193 ], [ 4.87909, 52.38179 ], [ 4.87888, 52.3821 ], [ 4.87705, 52.38318 ], [ 4.88124, 52.38571 ] ] ] } },
{ "type": "Feature", "properties": { "buurtcode": "0363EH05", "buurtnaam": "De Wittenbuurt-Zuid" }, "geometry": { "type": "Polygon", "coordinates": [ [ [ 4.87705, 52.38318 ], [ 4.87888, 52.3821 ], [ 4.87909, 52.38179 ], [ 4.87399, 52.38057 ], [ 4.87373, 52.38081 ], [ 4.87375, 52.38098 ], [ 4.87388, 52.38117 ], [ 4.87705, 52.38318 ] ] ] } },
{ "type": "Feature", "properties": { "buurtcode": "0363EH06", "buurtnaam": "Buyskade e.o." }, "geometry": { "type": "Polygon", "coordinates": [ [ [ 4.87305, 52.38122 ], [ 4.87375, 52.38098 ], [ 4.8738, 52.38069 ], [ 4.87399, 52.38057 ], [ 4.87347, 52.37959 ], [ 4.87016, 52.37587 ], [ 4.86975, 52.37599 ], [ 4.86816, 52.38019 ], [ 4.86831, 52.38046 ], [ 4.87251, 52.3812 ], [ 4.87305, 52.38122 ] ] ] } },
{ "type": "Feature", "properties": { "buurtcode": "0363EJ01", "buurtnaam": "Frederik Hendrikbuurt-Noord" }, "geometry": { "type": "Polygon", "coordinates": [ [ [ 4.87963, 52.38193 ], [ 4.87958, 52.38168 ], [ 4.87985, 52.38134 ], [ 4.87986, 52.38122 ], [ 4.87809, 52.3784 ], [ 4.87829, 52.37835 ], [ 4.8779, 52.37778 ], [ 4.87801, 52.37776 ], [ 4.87659, 52.37549 ], [ 4.8721, 52.37655 ], [ 4.87316, 52.37817 ], [ 4.87237, 52.37836 ], [ 4.87347, 52.37959 ], [ 4.87399, 52.38057 ], [ 4.87963, 52.38193 ] ] ] } },
{ "type": "Feature", "properties": { "buurtcode": "0363EJ02", "buurtnaam": "Frederik Hendrikbuurt-Zuidwest" }, "geometry": { "type": "Polygon", "coordinates": [ [ [ 4.87316, 52.37817 ], [ 4.87112, 52.37505 ], [ 4.87135, 52.37499 ], [ 4.8695, 52.3725 ], [ 4.86964, 52.37224 ], [ 4.86635, 52.37159 ], [ 4.87237, 52.37836 ], [ 4.87316, 52.37817 ] ] ] } },
{ "type": "Feature", "properties": { "buurtcode": "0363EJ03", "buurtnaam": "Frederik Hendrikbuurt-Zuidoost" }, "geometry": { "type": "Polygon", "coordinates": [ [ [ 4.87659, 52.37549 ], [ 4.87599, 52.37454 ], [ 4.87585, 52.37418 ], [ 4.87554, 52.37421 ], [ 4.87548, 52.37341 ], [ 4.86964, 52.37224 ], [ 4.8695, 52.3725 ], [ 4.87135, 52.37499 ], [ 4.87112, 52.37505 ], [ 4.8721, 52.37655 ], [ 4.87659, 52.37549 ] ] ] } },
{ "type": "Feature", "properties": { "buurtcode": "0363EK01", "buurtnaam": "Mercatorpark" }, "geometry": { "type": "Polygon", "coordinates": [ [ [ 4.84689, 52.37217 ], [ 4.84716, 52.37205 ], [ 4.84731, 52.37186 ], [ 4.84835, 52.36971 ], [ 4.84774, 52.36961 ], [ 4.84762, 52.36986 ], [ 4.84571, 52.36964 ], [ 4.84256, 52.36959 ], [ 4.84279, 52.37186 ], [ 4.84302, 52.37191 ], [ 4.84303, 52.37221 ], [ 4.84527, 52.37221 ], [ 4.84678, 52.37241 ], [ 4.84689, 52.37217 ] ] ] } },
{ "type": "Feature", "properties": { "buurtcode": "0363EK02", "buurtnaam": "Orteliusbuurt-Noord" }, "geometry": { "type": "Polygon", "coordinates": [ [ [ 4.84887, 52.37274 ], [ 4.85026, 52.37004 ], [ 4.84835, 52.36971 ], [ 4.84731, 52.37186 ], [ 4.84716, 52.37205 ], [ 4.84689, 52.37217 ], [ 4.84678, 52.37241 ], [ 4.84887, 52.37274 ] ] ] } },
{ "type": "Feature", "properties": { "buurtcode": "0363EK03", "buurtnaam": "Jan Maijenbuurt" }, "geometry": { "type": "Polygon", "coordinates": [ [ [ 4.85369, 52.37063 ], [ 4.85026, 52.37004 ], [ 4.84887, 52.37274 ], [ 4.85241, 52.3734 ], [ 4.85369, 52.37063 ] ] ] } },
{ "type": "Feature", "properties": { "buurtcode": "0363EK04", "buurtnaam": "John Franklinbuurt" }, "geometry": { "type": "Polygon", "coordinates": [ [ [ 4.85655, 52.37112 ], [ 4.85369, 52.37063 ], [ 4.85241, 52.3734 ], [ 4.85314, 52.37355 ], [ 4.85481, 52.37423 ], [ 4.85556, 52.37436 ], [ 4.85655, 52.37112 ] ] ] } },
{ "type": "Feature", "properties": { "buurtcode": "0363EL01", "buurtnaam": "Pieter van der Doesbuurt" }, "geometry": { "type": "Polygon", "coordinates": [ [ [ 4.85856, 52.37465 ], [ 4.8596, 52.37151 ], [ 4.85655, 52.37112 ], [ 4.85556, 52.37436 ], [ 4.85856, 52.37465 ] ] ] } },
{ "type": "Feature", "properties": { "buurtcode": "0363EL02", "buurtnaam": "Trompbuurt" }, "geometry": { "type": "Polygon", "coordinates": [ [ [ 4.86329, 52.37385 ], [ 4.86354, 52.37252 ], [ 4.86365, 52.37067 ], [ 4.86299, 52.37093 ], [ 4.8596, 52.37151 ], [ 4.85856, 52.37465 ], [ 4.86286, 52.3752 ], [ 4.86329, 52.37385 ] ] ] } },
{ "type": "Feature", "properties": { "buurtcode": "0363EL03", "buurtnaam": "Geuzenhofbuurt" }, "geometry": { "type": "Polygon", "coordinates": [ [ [ 4.86463, 52.37487 ], [ 4.86494, 52.37445 ], [ 4.86723, 52.37254 ], [ 4.86502, 52.37014 ], [ 4.86365, 52.37067 ], [ 4.86347, 52.37305 ], [ 4.86286, 52.3752 ], [ 4.86443, 52.37541 ], [ 4.86463, 52.37487 ] ] ] } },
{ "type": "Feature", "properties": { "buurtcode": "0363EM01", "buurtnaam": "Orteliusbuurt-Midden" }, "geometry": { "type": "Polygon", "coordinates": [ [ [ 4.85073, 52.369 ], [ 4.85158, 52.36914 ], [ 4.85248, 52.36719 ], [ 4.8497, 52.3667 ], [ 4.84835, 52.36971 ], [ 4.85026, 52.37004 ], [ 4.85073, 52.369 ] ] ] } },
{ "type": "Feature", "properties": { "buurtcode": "0363EM02", "buurtnaam": "Balboaplein e.o." }, "geometry": { "type": "Polygon", "coordinates": [ [ [ 4.85736, 52.36846 ], [ 4.85319, 52.36781 ], [ 4.8534, 52.36734 ], [ 4.85248, 52.36719 ], [ 4.85158, 52.36914 ], [ 4.85073, 52.369 ], [ 4.85026, 52.37004 ], [ 4.85655, 52.37112 ], [ 4.85736, 52.36846 ] ] ] } },
{ "type": "Feature", "properties": { "buurtcode": "0363EM03", "buurtnaam": "Orteliusbuurt-Zuid" }, "geometry": { "type": "Polygon", "coordinates": [ [ [ 4.85307, 52.3659 ], [ 4.85318, 52.36355 ], [ 4.85165, 52.36337 ], [ 4.84921, 52.36336 ], [ 4.84918, 52.36422 ], [ 4.85049, 52.36424 ], [ 4.85045, 52.36521 ], [ 4.8497, 52.3667 ], [ 4.85248, 52.36719 ], [ 4.85307, 52.3659 ] ] ] } },
{ "type": "Feature", "properties": { "buurtcode": "0363EM04", "buurtnaam": "Columbusplein e.o." }, "geometry": { "type": "Polygon", "coordinates": [ [ [ 4.85756, 52.3678 ], [ 4.85825, 52.36421 ], [ 4.85763, 52.36426 ], [ 4.8566, 52.36416 ], [ 4.85567, 52.36386 ], [ 4.85318, 52.36355 ], [ 4.85311, 52.36579 ], [ 4.85248, 52.36719 ], [ 4.8534, 52.36734 ], [ 4.85319, 52.36781 ], [ 4.85629, 52.36834 ], [ 4.85736, 52.36846 ], [ 4.85756, 52.3678 ] ] ] } },
{ "type": "Feature", "properties": { "buurtcode": "0363EN01", "buurtnaam": "Filips van Almondekwartier" }, "geometry": { "type": "Polygon", "coordinates": [ [ [ 4.85925, 52.36942 ], [ 4.85899, 52.36866 ], [ 4.85736, 52.36846 ], [ 4.85655, 52.37112 ], [ 4.85889, 52.37144 ], [ 4.85925, 52.36942 ] ] ] } },
{ "type": "Feature", "properties": { "buurtcode": "0363EN02", "buurtnaam": "Kortenaerkwartier" }, "geometry": { "type": "Polygon", "coordinates": [ [ [ 4.85996, 52.3715 ], [ 4.86299, 52.37093 ], [ 4.86502, 52.37014 ], [ 4.86328, 52.36824 ], [ 4.86149, 52.36881 ], [ 4.85899, 52.36866 ], [ 4.85925, 52.36942 ], [ 4.85889, 52.37144 ], [ 4.85996, 52.3715 ] ] ] } },
{ "type": "Feature", "properties": { "buurtcode": "0363EN03", "buurtnaam": "Van Brakelkwartier" }, "geometry": { "type": "Polygon", "coordinates": [ [ [ 4.85899, 52.36866 ], [ 4.85921, 52.36668 ], [ 4.85955, 52.36487 ], [ 4.85968, 52.36473 ], [ 4.86007, 52.3646 ], [ 4.85923, 52.36367 ], [ 4.8582, 52.36427 ], [ 4.85756, 52.3678 ], [ 4.85736, 52.36846 ], [ 4.85899, 52.36866 ] ] ] } },
{ "type": "Feature", "properties": { "buurtcode": "0363EN04", "buurtnaam": "De Wester Quartier" }, "geometry": { "type": "Polygon", "coordinates": [ [ [ 4.86328, 52.36824 ], [ 4.8613, 52.36608 ], [ 4.86007, 52.3646 ], [ 4.85959, 52.36481 ], [ 4.85921, 52.36668 ], [ 4.85899, 52.36866 ], [ 4.86149, 52.36881 ], [ 4.86328, 52.36824 ] ] ] } },
{ "type": "Feature", "properties": { "buurtcode": "0363EP01", "buurtnaam": "Bellamybuurt-Noord" }, "geometry": { "type": "Polygon", "coordinates": [ [ [ 4.86958, 52.3686 ], [ 4.86841, 52.36831 ], [ 4.86702, 52.36831 ], [ 4.86225, 52.36712 ], [ 4.86635, 52.37159 ], [ 4.8674, 52.37179 ], [ 4.86958, 52.3686 ] ] ] } },
{ "type": "Feature", "properties": { "buurtcode": "0363EP02", "buurtnaam": "Bellamybuurt-Zuid" }, "geometry": { "type": "Polygon", "coordinates": [ [ [ 4.8708, 52.36685 ], [ 4.86719, 52.36589 ], [ 4.86113, 52.36443 ], [ 4.8606, 52.36442 ], [ 4.86007, 52.3646 ], [ 4.86225, 52.36712 ], [ 4.86702, 52.36831 ], [ 4.86841, 52.36831 ], [ 4.86958, 52.3686 ], [ 4.8708, 52.36685 ] ] ] } },
{ "type": "Feature", "properties": { "buurtcode": "0363EQ01", "buurtnaam": "Da Costabuurt-Noord" }, "geometry": { "type": "Polygon", "coordinates": [ [ [ 4.87548, 52.37341 ], [ 4.87523, 52.37297 ], [ 4.87464, 52.37256 ], [ 4.87448, 52.37232 ], [ 4.87445, 52.37206 ], [ 4.87504, 52.37068 ], [ 4.87567, 52.36964 ], [ 4.8768, 52.3685 ], [ 4.8708, 52.36685 ], [ 4.8674, 52.37179 ], [ 4.87548, 52.37341 ] ] ] } },
{ "type": "Feature", "properties": { "buurtcode": "0363ER01", "buurtnaam": "Postjeskade e.o." }, "geometry": { "type": "Polygon", "coordinates": [ [ [ 4.85318, 52.36355 ], [ 4.85345, 52.35899 ], [ 4.85389, 52.35802 ], [ 4.85354, 52.3581 ], [ 4.85245, 52.35791 ], [ 4.84889, 52.35791 ], [ 4.84888, 52.36076 ], [ 4.84951, 52.36095 ], [ 4.84946, 52.36336 ], [ 4.85165, 52.36337 ], [ 4.85318, 52.36355 ] ] ] } },
{ "type": "Feature", "properties": { "buurtcode": "0363ER02", "buurtnaam": "Paramariboplein e.o." }, "geometry": { "type": "Polygon", "coordinates": [ [ [ 4.85825, 52.36421 ], [ 4.85923, 52.36367 ], [ 4.85763, 52.36184 ], [ 4.85683, 52.36029 ], [ 4.85478, 52.35775 ], [ 4.85389, 52.35802 ], [ 4.85345, 52.35899 ], [ 4.85318, 52.36355 ], [ 4.85567, 52.36386 ], [ 4.8566, 52.36416 ], [ 4.85763, 52.36426 ], [ 4.85825, 52.36421 ] ] ] } },
{ "type": "Feature", "properties": { "buurtcode": "0363ES01", "buurtnaam": "Lootsbuurt" }, "geometry": { "type": "Polygon", "coordinates": [ [ [ 4.86378, 52.36307 ], [ 4.85745, 52.36155 ], [ 4.85785, 52.36212 ], [ 4.86007, 52.3646 ], [ 4.86094, 52.3644 ], [ 4.86268, 52.36481 ], [ 4.86378, 52.36307 ] ] ] } },
{ "type": "Feature", "properties": { "buurtcode": "0363ES02", "buurtnaam": "Borgerbuurt" }, "geometry": { "type": "Polygon", "coordinates": [ [ [ 4.87198, 52.36515 ], [ 4.86947, 52.36444 ], [ 4.86378, 52.36307 ], [ 4.86268, 52.36481 ], [ 4.8708, 52.36685 ], [ 4.87198, 52.36515 ] ] ] } },
{ "type": "Feature", "properties": { "buurtcode": "0363ES03", "buurtnaam": "Da Costabuurt-Zuid" }, "geometry": { "type": "Polygon", "coordinates": [ [ [ 4.87708, 52.36811 ], [ 4.87751, 52.36677 ], [ 4.87198, 52.36515 ], [ 4.8708, 52.36685 ], [ 4.8768, 52.3685 ], [ 4.87708, 52.36811 ] ] ] } },
{ "type": "Feature", "properties": { "buurtcode": "0363ET01", "buurtnaam": "Cremerbuurt-West" }, "geometry": { "type": "Polygon", "coordinates": [ [ [ 4.86378, 52.36307 ], [ 4.86553, 52.36029 ], [ 4.86199, 52.35946 ], [ 4.85573, 52.35779 ], [ 4.85528, 52.35776 ], [ 4.85486, 52.35786 ], [ 4.85683, 52.36029 ], [ 4.85745, 52.36155 ], [ 4.86378, 52.36307 ] ] ] } },
{ "type": "Feature", "properties": { "buurtcode": "0363ET02", "buurtnaam": "Vondelparkbuurt-West" }, "geometry": { "type": "Polygon", "coordinates": [ [ [ 4.86469, 52.3601 ], [ 4.86545, 52.35901 ], [ 4.86224, 52.35826 ], [ 4.85508, 52.35641 ], [ 4.85412, 52.35652 ], [ 4.85432, 52.35718 ], [ 4.85486, 52.35786 ], [ 4.85528, 52.35776 ], [ 4.85573, 52.35779 ], [ 4.86199, 52.35946 ], [ 4.86469, 52.3601 ] ] ] } },
{ "type": "Feature", "properties": { "buurtcode": "0363EU01", "buurtnaam": "Cremerbuurt-Oost" }, "geometry": { "type": "Polygon", "coordinates": [ [ [ 4.86816, 52.36168 ], [ 4.86746, 52.36149 ], [ 4.86791, 52.36083 ], [ 4.86553, 52.36029 ], [ 4.86378, 52.36307 ], [ 4.86671, 52.36378 ], [ 4.86816, 52.36168 ] ] ] } },
{ "type": "Feature", "properties": { "buurtcode": "0363EU02", "buurtnaam": "WG-terrein" }, "geometry": { "type": "Polygon", "coordinates": [ [ [ 4.87529, 52.36275 ], [ 4.86791, 52.36083 ], [ 4.86746, 52.36149 ], [ 4.86816, 52.36168 ], [ 4.86671, 52.36378 ], [ 4.86947, 52.36444 ], [ 4.87335, 52.36555 ], [ 4.87529, 52.36275 ] ] ] } },
{ "type": "Feature", "properties": { "buurtcode": "0363EU03", "buurtnaam": "Helmersbuurt-Oost" }, "geometry": { "type": "Polygon", "coordinates": [ [ [ 4.87751, 52.36677 ], [ 4.87853, 52.36608 ], [ 4.87895, 52.36566 ], [ 4.87918, 52.36526 ], [ 4.87931, 52.36434 ], [ 4.87864, 52.36413 ], [ 4.87886, 52.3638 ], [ 4.87529, 52.36275 ], [ 4.87335, 52.36555 ], [ 4.87751, 52.36677 ] ] ] } },
{ "type": "Feature", "properties": { "buurtcode": "0363EV01", "buurtnaam": "Vondelparkbuurt-Midden" }, "geometry": { "type": "Polygon", "coordinates": [ [ [ 4.87384, 52.36199 ], [ 4.87409, 52.36129 ], [ 4.87385, 52.36111 ], [ 4.87393, 52.361 ], [ 4.87378, 52.36081 ], [ 4.87329, 52.36075 ], [ 4.87184, 52.36035 ], [ 4.87154, 52.36035 ], [ 4.87139, 52.36057 ], [ 4.87127, 52.36054 ], [ 4.87147, 52.36025 ], [ 4.8713, 52.3602 ], [ 4.87124, 52.36028 ], [ 4.87006, 52.35998 ], [ 4.86995, 52.36012 ], [ 4.8659, 52.35912 ], [ 4.8659, 52.35893 ], [ 4.86579, 52.35882 ], [ 4.86552, 52.35886 ], [ 4.86548, 52.35901 ], [ 4.86526, 52.3592 ], [ 4.86469, 52.3601 ], [ 4.86832, 52.36093 ], [ 4.87362, 52.36232 ], [ 4.87384, 52.36199 ] ] ] } },
{ "type": "Feature", "properties": { "buurtcode": "0363EV02", "buurtnaam": "Vondelparkbuurt-Oost" }, "geometry": { "type": "Polygon", "coordinates": [ [ [ 4.87931, 52.36434 ], [ 4.8796, 52.36404 ], [ 4.88054, 52.36371 ], [ 4.88112, 52.36336 ], [ 4.88141, 52.36313 ], [ 4.88171, 52.36232 ], [ 4.88209, 52.36205 ], [ 4.87745, 52.36078 ], [ 4.87719, 52.36109 ], [ 4.87674, 52.36097 ], [ 4.87688, 52.36077 ], [ 4.87703, 52.36071 ], [ 4.87663, 52.36058 ], [ 4.87649, 52.3608 ], [ 4.87586, 52.36071 ], [ 4.8756, 52.36082 ], [ 4.87531, 52.36067 ], [ 4.8746, 52.36091 ], [ 4.87393, 52.361 ], [ 4.87385, 52.36111 ], [ 4.87406, 52.36125 ], [ 4.87409, 52.3614 ], [ 4.87362, 52.36232 ], [ 4.87643, 52.36305 ], [ 4.87886, 52.3638 ], [ 4.87864, 52.36413 ], [ 4.87931, 52.36434 ] ] ] } },
{ "type": "Feature", "properties": { "buurtcode": "0363FA01", "buurtnaam": "Sloterdijk De Heining" }, "geometry": { "type": "Polygon", "coordinates": [ [ [ 4.75981, 52.40021 ], [ 4.76892, 52.39901 ], [ 4.77125, 52.39839 ], [ 4.77085, 52.39804 ], [ 4.77073, 52.39784 ], [ 4.77063, 52.39737 ], [ 4.77298, 52.39482 ], [ 4.77271, 52.39435 ], [ 4.77209, 52.39383 ], [ 4.76954, 52.38915 ], [ 4.76892, 52.38838 ], [ 4.76649, 52.38837 ], [ 4.76608, 52.38796 ], [ 4.7583, 52.38795 ], [ 4.75801, 52.38955 ], [ 4.75801, 52.39403 ], [ 4.75787, 52.3965 ], [ 4.75775, 52.39674 ], [ 4.75748, 52.39688 ], [ 4.75829, 52.3992 ], [ 4.75936, 52.39891 ], [ 4.75981, 52.40021 ] ] ] } },
{ "type": "Feature", "properties": { "buurtcode": "0363FA02", "buurtnaam": "Sloterdijk Poort-Noord" }, "geometry": { "type": "Polygon", "coordinates": [ [ [ 4.79941, 52.40028 ], [ 4.80017, 52.4002 ], [ 4.80095, 52.39999 ], [ 4.80132, 52.39982 ], [ 4.80188, 52.39941 ], [ 4.80237, 52.39884 ], [ 4.80307, 52.39737 ], [ 4.80418, 52.39579 ], [ 4.80541, 52.39457 ], [ 4.80552, 52.39451 ], [ 4.80587, 52.39456 ], [ 4.80598, 52.39444 ], [ 4.8047, 52.39412 ], [ 4.8031, 52.39423 ], [ 4.80305, 52.39334 ], [ 4.8, 52.39341 ], [ 4.78398, 52.39341 ], [ 4.78109, 52.39336 ], [ 4.77958, 52.39322 ], [ 4.77706, 52.39276 ], [ 4.77471, 52.39205 ], [ 4.77325, 52.39139 ], [ 4.77187, 52.39063 ], [ 4.77113, 52.39013 ], [ 4.77, 52.38915 ], [ 4.76954, 52.38915 ], [ 4.77209, 52.39383 ], [ 4.77271, 52.39435 ], [ 4.77298, 52.39482 ], [ 4.775, 52.39912 ], [ 4.79271, 52.39914 ], [ 4.7957, 52.39937 ], [ 4.7963, 52.39952 ], [ 4.79792, 52.40013 ], [ 4.79864, 52.40025 ], [ 4.79941, 52.40028 ] ] ] } },
{ "type": "Feature", "properties": { "buurtcode": "0363FA03", "buurtnaam": "Sloterdijk Poort-Zuid" }, "geometry": { "type": "Polygon", "coordinates": [ [ [ 4.80877, 52.39524 ], [ 4.80897, 52.39533 ], [ 4.80952, 52.39481 ], [ 4.80961, 52.39485 ], [ 4.81059, 52.39407 ], [ 4.81175, 52.39339 ], [ 4.81304, 52.39279 ], [ 4.81435, 52.39231 ], [ 4.81617, 52.39191 ], [ 4.81878, 52.39189 ], [ 4.81872, 52.38904 ], [ 4.81322, 52.38904 ], [ 4.81287, 52.38916 ], [ 4.77, 52.38915 ], [ 4.7715, 52.3904 ], [ 4.77373, 52.39162 ], [ 4.7755, 52.39234 ], [ 4.77706, 52.39276 ], [ 4.7789, 52.39312 ], [ 4.78039, 52.39332 ], [ 4.78293, 52.39341 ], [ 4.8, 52.39341 ], [ 4.80305, 52.39334 ], [ 4.8031, 52.39423 ], [ 4.80433, 52.39412 ], [ 4.80494, 52.39415 ], [ 4.80574, 52.39435 ], [ 4.80855, 52.39543 ], [ 4.80877, 52.39524 ] ] ] } },
{ "type": "Feature", "properties": { "buurtcode": "0363FA04", "buurtnaam": "Sloterdijk Rhônepark" }, "geometry": { "type": "Polygon", "coordinates": [ [ [ 4.81878, 52.39189 ], [ 4.83386, 52.39194 ], [ 4.83389, 52.38994 ], [ 4.83059, 52.38941 ], [ 4.82692, 52.38907 ], [ 4.81872, 52.38904 ], [ 4.81878, 52.39189 ] ] ] } },
{ "type": "Feature", "properties": { "buurtcode": "0363FA05", "buurtnaam": "Sloterdijk Donauhoek" }, "geometry": { "type": "Polygon", "coordinates": [ [ [ 4.83948, 52.39598 ], [ 4.83952, 52.3958 ], [ 4.84176, 52.39508 ], [ 4.83629, 52.39092 ], [ 4.83513, 52.39034 ], [ 4.83389, 52.38994 ], [ 4.83386, 52.39194 ], [ 4.83544, 52.39212 ], [ 4.83557, 52.39229 ], [ 4.83579, 52.39543 ], [ 4.83789, 52.39543 ], [ 4.83885, 52.39617 ], [ 4.83948, 52.39598 ] ] ] } },
{ "type": "Feature", "properties": { "buurtcode": "0363FA06", "buurtnaam": "Bretten-West" }, "geometry": { "type": "Polygon", "coordinates": [ [ [ 4.76954, 52.38915 ], [ 4.80173, 52.38915 ], [ 4.80194, 52.38453 ], [ 4.75895, 52.38412 ], [ 4.75851, 52.38719 ], [ 4.7583, 52.38795 ], [ 4.76608, 52.38796 ], [ 4.76649, 52.38837 ], [ 4.76892, 52.38838 ], [ 4.76954, 52.38915 ] ] ] } },
{ "type": "Feature", "properties": { "buurtcode": "0363FA07", "buurtnaam": "Bretten-Oost" }, "geometry": { "type": "Polygon", "coordinates": [ [ [ 4.81287, 52.38916 ], [ 4.81322, 52.38904 ], [ 4.81925, 52.38904 ], [ 4.81926, 52.38748 ], [ 4.8289, 52.38755 ], [ 4.83159, 52.38741 ], [ 4.83152, 52.38488 ], [ 4.80194, 52.38453 ], [ 4.80173, 52.38915 ], [ 4.81287, 52.38916 ] ] ] } },
{ "type": "Feature", "properties": { "buurtcode": "0363FA08", "buurtnaam": "Sloterdijk Stationskwartier" }, "geometry": { "type": "Polygon", "coordinates": [ [ [ 4.84431, 52.3953 ], [ 4.84411, 52.39385 ], [ 4.84437, 52.3889 ], [ 4.84468, 52.38892 ], [ 4.84481, 52.38511 ], [ 4.83152, 52.38488 ], [ 4.83159, 52.38741 ], [ 4.8289, 52.38755 ], [ 4.81926, 52.38748 ], [ 4.81925, 52.38904 ], [ 4.82692, 52.38907 ], [ 4.82793, 52.38914 ], [ 4.83158, 52.38954 ], [ 4.83354, 52.38985 ], [ 4.83443, 52.39009 ], [ 4.83539, 52.39045 ], [ 4.83629, 52.39092 ], [ 4.84066, 52.39421 ], [ 4.84108, 52.39442 ], [ 4.84224, 52.39488 ], [ 4.84368, 52.39523 ], [ 4.84431, 52.3953 ] ] ] } },
{ "type": "Feature", "properties": { "buurtcode": "0363FB01", "buurtnaam": "Osdorper Binnenpolder" }, "geometry": { "type": "Polygon", "coordinates": [ [ [ 4.78753, 52.37816 ], [ 4.79207, 52.37819 ], [ 4.7921, 52.37843 ], [ 4.79394, 52.37824 ], [ 4.79361, 52.37725 ], [ 4.7915, 52.37598 ], [ 4.7915, 52.37571 ], [ 4.79213, 52.37484 ], [ 4.79156, 52.37469 ], [ 4.79114, 52.37499 ], [ 4.78922, 52.376 ], [ 4.78093, 52.36964 ], [ 4.78065, 52.36973 ], [ 4.76978, 52.37607 ], [ 4.76887, 52.37674 ], [ 4.76683, 52.37777 ], [ 4.76459, 52.3792 ], [ 4.76215, 52.38027 ], [ 4.76017, 52.38139 ], [ 4.75999, 52.38138 ], [ 4.7592, 52.38086 ], [ 4.75908, 52.38094 ], [ 4.75895, 52.38412 ], [ 4.78734, 52.38438 ], [ 4.78753, 52.37816 ] ] ] } },
{ "type": "Feature", "properties": { "buurtcode": "0363FB02", "buurtnaam": "De Eendracht" }, "geometry": { "type": "Polygon", "coordinates": [ [ [ 4.79443, 52.38011 ], [ 4.79394, 52.37824 ], [ 4.7921, 52.37843 ], [ 4.79207, 52.37819 ], [ 4.78753, 52.37816 ], [ 4.78734, 52.38438 ], [ 4.79422, 52.38444 ], [ 4.79443, 52.38011 ] ] ] } },
{ "type": "Feature", "properties": { "buurtcode": "0363FB03", "buurtnaam": "Ruys de Beerenbrouckbuurt" }, "geometry": { "type": "Polygon", "coordinates": [ [ [ 4.80708, 52.3846 ], [ 4.80711, 52.38298 ], [ 4.80725, 52.38261 ], [ 4.80795, 52.38273 ], [ 4.80805, 52.3825 ], [ 4.80815, 52.38034 ], [ 4.79443, 52.38011 ], [ 4.79422, 52.38444 ], [ 4.80708, 52.3846 ] ] ] } },
{ "type": "Feature", "properties": { "buurtcode": "0363FB04", "buurtnaam": "Eendrachtspark" }, "geometry": { "type": "Polygon", "coordinates": [ [ [ 4.81216, 52.38056 ], [ 4.81009, 52.38053 ], [ 4.80938, 52.38037 ], [ 4.80815, 52.38034 ], [ 4.80805, 52.3825 ], [ 4.80795, 52.38273 ], [ 4.80725, 52.38261 ], [ 4.80711, 52.38298 ], [ 4.80708, 52.3846 ], [ 4.812, 52.38465 ], [ 4.81216, 52.38056 ] ] ] } },
{ "type": "Feature", "properties": { "buurtcode": "0363FB05", "buurtnaam": "Van Tijenbuurt" }, "geometry": { "type": "Polygon", "coordinates": [ [ [ 4.79792, 52.38016 ], [ 4.79799, 52.37749 ], [ 4.79748, 52.37563 ], [ 4.80178, 52.37521 ], [ 4.80128, 52.37306 ], [ 4.7939, 52.37379 ], [ 4.793, 52.37379 ], [ 4.79272, 52.37402 ], [ 4.79147, 52.37578 ], [ 4.7915, 52.37598 ], [ 4.79165, 52.37613 ], [ 4.79347, 52.37715 ], [ 4.79369, 52.37735 ], [ 4.79443, 52.38011 ], [ 4.79792, 52.38016 ] ] ] } },
{ "type": "Feature", "properties": { "buurtcode": "0363FB06", "buurtnaam": "Dudokbuurt" }, "geometry": { "type": "Polygon", "coordinates": [ [ [ 4.80184, 52.37698 ], [ 4.8019, 52.37697 ], [ 4.80145, 52.37524 ], [ 4.79748, 52.37563 ], [ 4.79801, 52.37763 ], [ 4.79792, 52.38016 ], [ 4.80173, 52.38023 ], [ 4.80184, 52.37698 ] ] ] } },
{ "type": "Feature", "properties": { "buurtcode": "0363FB07", "buurtnaam": "Bakemabuurt" }, "geometry": { "type": "Polygon", "coordinates": [ [ [ 4.80942, 52.37952 ], [ 4.8086, 52.37629 ], [ 4.80184, 52.37698 ], [ 4.80173, 52.38023 ], [ 4.80938, 52.38037 ], [ 4.80942, 52.37952 ] ] ] } },
{ "type": "Feature", "properties": { "buurtcode": "0363FB08", "buurtnaam": "Wegener Sleeswijkbuurt" }, "geometry": { "type": "Polygon", "coordinates": [ [ [ 4.8086, 52.37629 ], [ 4.80758, 52.37244 ], [ 4.80128, 52.37306 ], [ 4.80178, 52.37521 ], [ 4.80145, 52.37524 ], [ 4.8019, 52.37697 ], [ 4.8086, 52.37629 ] ] ] } },
{ "type": "Feature", "properties": { "buurtcode": "0363FC01", "buurtnaam": "Jan de Louterbuurt" }, "geometry": { "type": "Polygon", "coordinates": [ [ [ 4.81884, 52.38244 ], [ 4.81897, 52.38214 ], [ 4.8194, 52.38181 ], [ 4.8214, 52.38138 ], [ 4.82013, 52.37833 ], [ 4.81255, 52.37949 ], [ 4.8094, 52.37939 ], [ 4.80938, 52.38037 ], [ 4.81009, 52.38053 ], [ 4.81216, 52.38056 ], [ 4.812, 52.38465 ], [ 4.81873, 52.38473 ], [ 4.81884, 52.38244 ] ] ] } },
{ "type": "Feature", "properties": { "buurtcode": "0363FC02", "buurtnaam": "Lodewijk van Deysselbuurt" }, "geometry": { "type": "Polygon", "coordinates": [ [ [ 4.81255, 52.37949 ], [ 4.82013, 52.37833 ], [ 4.81904, 52.37571 ], [ 4.81719, 52.37598 ], [ 4.80871, 52.37672 ], [ 4.8094, 52.37939 ], [ 4.81255, 52.37949 ] ] ] } },
{ "type": "Feature", "properties": { "buurtcode": "0363FC03", "buurtnaam": "Confuciusbuurt" }, "geometry": { "type": "Polygon", "coordinates": [ [ [ 4.81719, 52.37598 ], [ 4.81904, 52.37571 ], [ 4.8177, 52.37259 ], [ 4.81736, 52.37197 ], [ 4.81639, 52.37215 ], [ 4.81376, 52.37242 ], [ 4.8136, 52.37184 ], [ 4.80758, 52.37244 ], [ 4.80871, 52.37672 ], [ 4.81719, 52.37598 ] ] ] } },
{ "type": "Feature", "properties": { "buurtcode": "0363FD01", "buurtnaam": "Arondeusbuurt" }, "geometry": { "type": "Polygon", "coordinates": [ [ [ 4.82717, 52.38483 ], [ 4.82731, 52.38193 ], [ 4.82722, 52.38149 ], [ 4.82682, 52.38054 ], [ 4.81986, 52.38167 ], [ 4.81921, 52.38192 ], [ 4.81888, 52.38229 ], [ 4.81873, 52.38473 ], [ 4.82717, 52.38483 ] ] ] } },
{ "type": "Feature", "properties": { "buurtcode": "0363FD02", "buurtnaam": "Coronelbuurt" }, "geometry": { "type": "Polygon", "coordinates": [ [ [ 4.83936, 52.38459 ], [ 4.83941, 52.38459 ], [ 4.83945, 52.38404 ], [ 4.8394, 52.38316 ], [ 4.83903, 52.38201 ], [ 4.8325, 52.38301 ], [ 4.82725, 52.38294 ], [ 4.82717, 52.38483 ], [ 4.83925, 52.38502 ], [ 4.83936, 52.38459 ] ] ] } },
{ "type": "Feature", "properties": { "buurtcode": "0363FD03", "buurtnaam": "Meerwaldtbuurt" }, "geometry": { "type": "Polygon", "coordinates": [ [ [ 4.8325, 52.38301 ], [ 4.83903, 52.38201 ], [ 4.83772, 52.37886 ], [ 4.82682, 52.38054 ], [ 4.82722, 52.38149 ], [ 4.82731, 52.38193 ], [ 4.82725, 52.38294 ], [ 4.8325, 52.38301 ] ] ] } },
{ "type": "Feature", "properties": { "buurtcode": "0363FD04", "buurtnaam": "Dobbebuurt" }, "geometry": { "type": "Polygon", "coordinates": [ [ [ 4.8214, 52.38138 ], [ 4.83772, 52.37886 ], [ 4.83669, 52.37635 ], [ 4.82401, 52.37834 ], [ 4.82198, 52.37934 ], [ 4.82064, 52.37955 ], [ 4.8214, 52.38138 ] ] ] } },
{ "type": "Feature", "properties": { "buurtcode": "0363FE01", "buurtnaam": "Dichtersbuurt" }, "geometry": { "type": "Polygon", "coordinates": [ [ [ 4.82198, 52.37934 ], [ 4.82372, 52.37844 ], [ 4.82423, 52.3783 ], [ 4.82399, 52.37772 ], [ 4.82431, 52.37767 ], [ 4.82321, 52.37505 ], [ 4.81904, 52.37571 ], [ 4.82064, 52.37955 ], [ 4.82198, 52.37934 ] ] ] } },
{ "type": "Feature", "properties": { "buurtcode": "0363FE02", "buurtnaam": "Louis Couperusbuurt" }, "geometry": { "type": "Polygon", "coordinates": [ [ [ 4.83669, 52.37635 ], [ 4.83533, 52.37315 ], [ 4.82321, 52.37505 ], [ 4.82431, 52.37767 ], [ 4.82399, 52.37772 ], [ 4.82423, 52.3783 ], [ 4.83669, 52.37635 ] ] ] } },
{ "type": "Feature", "properties": { "buurtcode": "0363FE03", "buurtnaam": "Noordoever Sloterplas" }, "geometry": { "type": "Polygon", "coordinates": [ [ [ 4.81904, 52.37571 ], [ 4.83533, 52.37315 ], [ 4.83469, 52.37144 ], [ 4.83441, 52.37038 ], [ 4.83231, 52.37079 ], [ 4.83196, 52.37014 ], [ 4.83105, 52.36987 ], [ 4.83079, 52.3697 ], [ 4.8299, 52.36991 ], [ 4.82994, 52.36997 ], [ 4.82931, 52.3703 ], [ 4.82924, 52.37042 ], [ 4.82932, 52.37056 ], [ 4.82715, 52.37213 ], [ 4.82565, 52.37088 ], [ 4.82434, 52.37081 ], [ 4.82381, 52.37114 ], [ 4.82254, 52.37127 ], [ 4.82228, 52.37119 ], [ 4.82187, 52.37059 ], [ 4.82167, 52.37047 ], [ 4.82087, 52.37036 ], [ 4.81975, 52.37114 ], [ 4.81884, 52.37142 ], [ 4.81827, 52.37148 ], [ 4.81802, 52.37142 ], [ 4.81686, 52.37051 ], [ 4.81629, 52.37077 ], [ 4.81736, 52.37197 ], [ 4.8177, 52.37259 ], [ 4.81904, 52.37571 ] ] ] } },
{ "type": "Feature", "properties": { "buurtcode": "0363FE04", "buurtnaam": "Sloterpark" }, "geometry": { "type": "Polygon", "coordinates": [ [ [ 4.80527, 52.37267 ], [ 4.8136, 52.37184 ], [ 4.81376, 52.37242 ], [ 4.81639, 52.37215 ], [ 4.81736, 52.37197 ], [ 4.81629, 52.37077 ], [ 4.81686, 52.37051 ], [ 4.81802, 52.37142 ], [ 4.81827, 52.37148 ], [ 4.81884, 52.37142 ], [ 4.81975, 52.37114 ], [ 4.82087, 52.37036 ], [ 4.82167, 52.37047 ], [ 4.82187, 52.37059 ], [ 4.82228, 52.37119 ], [ 4.82254, 52.37127 ], [ 4.82381, 52.37114 ], [ 4.82434, 52.37081 ], [ 4.82565, 52.37088 ], [ 4.81218, 52.35972 ], [ 4.81038, 52.3632 ], [ 4.81014, 52.36336 ], [ 4.80952, 52.36352 ], [ 4.80923, 52.36375 ], [ 4.80881, 52.36463 ], [ 4.8089, 52.36532 ], [ 4.80881, 52.36566 ], [ 4.80866, 52.36584 ], [ 4.80797, 52.36633 ], [ 4.80761, 52.36678 ], [ 4.80558, 52.3705 ], [ 4.80519, 52.37139 ], [ 4.80511, 52.3721 ], [ 4.80527, 52.37267 ] ] ] } },
{ "type": "Feature", "properties": { "buurtcode": "0363FF01", "buurtnaam": "Osdorper Bovenpolder" }, "geometry": { "type": "Polygon", "coordinates": [ [ [ 4.76012, 52.3814 ], [ 4.76215, 52.38027 ], [ 4.76459, 52.3792 ], [ 4.76683, 52.37777 ], [ 4.76887, 52.37674 ], [ 4.76978, 52.37607 ], [ 4.78065, 52.36973 ], [ 4.78093, 52.36964 ], [ 4.78922, 52.376 ], [ 4.79114, 52.37499 ], [ 4.79156, 52.37469 ], [ 4.79213, 52.37484 ], [ 4.79272, 52.37402 ], [ 4.793, 52.37379 ], [ 4.79324, 52.37329 ], [ 4.79333, 52.37294 ], [ 4.79368, 52.36748 ], [ 4.79532, 52.36444 ], [ 4.78499, 52.36234 ], [ 4.78377, 52.36189 ], [ 4.7829, 52.36145 ], [ 4.78165, 52.36051 ], [ 4.78036, 52.36102 ], [ 4.78025, 52.36221 ], [ 4.78055, 52.36291 ], [ 4.78044, 52.36379 ], [ 4.77879, 52.36549 ], [ 4.77845, 52.36559 ], [ 4.77622, 52.36581 ], [ 4.77532, 52.36618 ], [ 4.77459, 52.36633 ], [ 4.77254, 52.36642 ], [ 4.76983, 52.36638 ], [ 4.76799, 52.36653 ], [ 4.76253, 52.36908 ], [ 4.76233, 52.36943 ], [ 4.76211, 52.3696 ], [ 4.75847, 52.37109 ], [ 4.7586, 52.37222 ], [ 4.75838, 52.37402 ], [ 4.75805, 52.37507 ], [ 4.75753, 52.37619 ], [ 4.75643, 52.37776 ], [ 4.75726, 52.37798 ], [ 4.75912, 52.37933 ], [ 4.75908, 52.38094 ], [ 4.7592, 52.38086 ], [ 4.76012, 52.3814 ] ] ] } },
{ "type": "Feature", "properties": { "buurtcode": "0363FF02", "buurtnaam": "Ookmeer" }, "geometry": { "type": "Polygon", "coordinates": [ [ [ 4.7939, 52.37379 ], [ 4.80527, 52.37267 ], [ 4.8051, 52.37191 ], [ 4.8053, 52.37109 ], [ 4.80753, 52.36691 ], [ 4.79532, 52.36444 ], [ 4.79368, 52.36748 ], [ 4.79339, 52.37254 ], [ 4.79324, 52.37329 ], [ 4.793, 52.37379 ], [ 4.7939, 52.37379 ] ] ] } },
{ "type": "Feature", "properties": { "buurtcode": "0363FF03", "buurtnaam": "Bedrijvenpark Lutkemeer" }, "geometry": { "type": "Polygon", "coordinates": [ [ [ 4.76211, 52.3696 ], [ 4.76233, 52.36943 ], [ 4.76253, 52.36908 ], [ 4.76799, 52.36653 ], [ 4.76983, 52.36638 ], [ 4.77254, 52.36642 ], [ 4.77459, 52.36633 ], [ 4.77532, 52.36618 ], [ 4.77622, 52.36581 ], [ 4.77845, 52.36559 ], [ 4.77879, 52.36549 ], [ 4.78044, 52.36379 ], [ 4.78055, 52.36291 ], [ 4.78025, 52.36221 ], [ 4.78036, 52.36102 ], [ 4.78165, 52.36051 ], [ 4.77879, 52.35782 ], [ 4.77812, 52.35734 ], [ 4.77757, 52.35719 ], [ 4.77648, 52.35737 ], [ 4.77589, 52.35728 ], [ 4.77348, 52.3553 ], [ 4.77274, 52.35492 ], [ 4.77109, 52.35447 ], [ 4.77028, 52.35408 ], [ 4.76739, 52.35127 ], [ 4.75733, 52.3552 ], [ 4.75611, 52.35583 ], [ 4.75531, 52.35654 ], [ 4.75494, 52.35722 ], [ 4.75484, 52.35791 ], [ 4.7549, 52.35838 ], [ 4.75847, 52.37109 ], [ 4.76211, 52.3696 ] ] ] } },
{ "type": "Feature", "properties": { "buurtcode": "0363FG01", "buurtnaam": "Middelveldsche Akerpolder" }, "geometry": { "type": "Polygon", "coordinates": [ [ [ 4.77728, 52.35722 ], [ 4.77698, 52.35676 ], [ 4.7865, 52.35293 ], [ 4.78719, 52.35272 ], [ 4.78797, 52.35264 ], [ 4.78795, 52.35232 ], [ 4.7852, 52.34974 ], [ 4.77248, 52.35482 ], [ 4.77377, 52.35549 ], [ 4.77589, 52.35728 ], [ 4.77648, 52.35737 ], [ 4.77728, 52.35722 ] ] ] } },
{ "type": "Feature", "properties": { "buurtcode": "0363FG02", "buurtnaam": "De Aker-West" }, "geometry": { "type": "Polygon", "coordinates": [ [ [ 4.7852, 52.34974 ], [ 4.78172, 52.34647 ], [ 4.78155, 52.34654 ], [ 4.7808, 52.34585 ], [ 4.76739, 52.35127 ], [ 4.77028, 52.35408 ], [ 4.77109, 52.35447 ], [ 4.77248, 52.35482 ], [ 4.7852, 52.34974 ] ] ] } },
{ "type": "Feature", "properties": { "buurtcode": "0363FG03", "buurtnaam": "De Aker-Oost" }, "geometry": { "type": "Polygon", "coordinates": [ [ [ 4.79181, 52.35319 ], [ 4.79557, 52.34625 ], [ 4.7911, 52.3415 ], [ 4.79016, 52.34201 ], [ 4.7808, 52.34585 ], [ 4.78155, 52.34654 ], [ 4.78172, 52.34647 ], [ 4.78795, 52.35232 ], [ 4.78797, 52.35264 ], [ 4.78915, 52.35271 ], [ 4.79181, 52.35319 ] ] ] } },
{ "type": "Feature", "properties": { "buurtcode": "0363FH01", "buurtnaam": "Bedrijvencentrum Osdorp" }, "geometry": { "type": "Polygon", "coordinates": [ [ [ 4.78811, 52.36005 ], [ 4.78282, 52.35899 ], [ 4.78083, 52.35974 ], [ 4.78214, 52.36093 ], [ 4.78333, 52.36168 ], [ 4.78499, 52.36234 ], [ 4.78665, 52.36272 ], [ 4.78811, 52.36005 ] ] ] } },
{ "type": "Feature", "properties": { "buurtcode": "0363FH02", "buurtnaam": "Dijkgraafpleinbuurt" }, "geometry": { "type": "Polygon", "coordinates": [ [ [ 4.78811, 52.36005 ], [ 4.79181, 52.35319 ], [ 4.78882, 52.35268 ], [ 4.78797, 52.35264 ], [ 4.78701, 52.35276 ], [ 4.77698, 52.35676 ], [ 4.77728, 52.35722 ], [ 4.77787, 52.35724 ], [ 4.7786, 52.35765 ], [ 4.78083, 52.35974 ], [ 4.78282, 52.35899 ], [ 4.78811, 52.36005 ] ] ] } },
{ "type": "Feature", "properties": { "buurtcode": "0363FJ01", "buurtnaam": "Reimerswaal" }, "geometry": { "type": "Polygon", "coordinates": [ [ [ 4.79691, 52.36149 ], [ 4.78829, 52.35974 ], [ 4.78665, 52.36272 ], [ 4.79532, 52.36444 ], [ 4.79691, 52.36149 ] ] ] } },
{ "type": "Feature", "properties": { "buurtcode": "0363FJ02", "buurtnaam": "Botteskerkbuurt" }, "geometry": { "type": "Polygon", "coordinates": [ [ [ 4.79815, 52.35918 ], [ 4.79925, 52.35803 ], [ 4.7902, 52.35621 ], [ 4.78829, 52.35974 ], [ 4.79691, 52.36149 ], [ 4.79815, 52.35918 ] ] ] } },
{ "type": "Feature", "properties": { "buurtcode": "0363FJ03", "buurtnaam": "Zuidwestkwadrant-Noord" }, "geometry": { "type": "Polygon", "coordinates": [ [ [ 4.79925, 52.35803 ], [ 4.80097, 52.35485 ], [ 4.79897, 52.35444 ], [ 4.79867, 52.35445 ], [ 4.79189, 52.35304 ], [ 4.7902, 52.35621 ], [ 4.79925, 52.35803 ] ] ] } },
{ "type": "Feature", "properties": { "buurtcode": "0363FJ04", "buurtnaam": "Zuidwestkwadrant-Zuid" }, "geometry": { "type": "Polygon", "coordinates": [ [ [ 4.80097, 52.35485 ], [ 4.8036, 52.34997 ], [ 4.79989, 52.3492 ], [ 4.79849, 52.34872 ], [ 4.79775, 52.34835 ], [ 4.79671, 52.34763 ], [ 4.79615, 52.34707 ], [ 4.79557, 52.34625 ], [ 4.79189, 52.35304 ], [ 4.79867, 52.35445 ], [ 4.79897, 52.35444 ], [ 4.80097, 52.35485 ] ] ] } },
{ "type": "Feature", "properties": { "buurtcode": "0363FK01", "buurtnaam": "Wildeman" }, "geometry": { "type": "Polygon", "coordinates": [ [ [ 4.80363, 52.36271 ], [ 4.80515, 52.36302 ], [ 4.80557, 52.36294 ], [ 4.80572, 52.36279 ], [ 4.80672, 52.36091 ], [ 4.79815, 52.35918 ], [ 4.79532, 52.36444 ], [ 4.80201, 52.3658 ], [ 4.80363, 52.36271 ] ] ] } },
{ "type": "Feature", "properties": { "buurtcode": "0363FK02", "buurtnaam": "Meer en Oever" }, "geometry": { "type": "Polygon", "coordinates": [ [ [ 4.80753, 52.36691 ], [ 4.80797, 52.36633 ], [ 4.80866, 52.36584 ], [ 4.80881, 52.36566 ], [ 4.8089, 52.36532 ], [ 4.80881, 52.36463 ], [ 4.80923, 52.36375 ], [ 4.80952, 52.36352 ], [ 4.81014, 52.36336 ], [ 4.81038, 52.3632 ], [ 4.81128, 52.36146 ], [ 4.80915, 52.36103 ], [ 4.80874, 52.36116 ], [ 4.80818, 52.36119 ], [ 4.80672, 52.36091 ], [ 4.80572, 52.36279 ], [ 4.80557, 52.36294 ], [ 4.80515, 52.36302 ], [ 4.80363, 52.36271 ], [ 4.80201, 52.3658 ], [ 4.80753, 52.36691 ] ] ] } },
{ "type": "Feature", "properties": { "buurtcode": "0363FK03", "buurtnaam": "Osdorpplein e.o." }, "geometry": { "type": "Polygon", "coordinates": [ [ [ 4.81128, 52.36146 ], [ 4.81305, 52.35803 ], [ 4.80886, 52.35719 ], [ 4.80905, 52.35685 ], [ 4.80079, 52.35518 ], [ 4.79925, 52.35803 ], [ 4.79815, 52.35918 ], [ 4.80802, 52.36117 ], [ 4.80856, 52.36118 ], [ 4.80915, 52.36103 ], [ 4.81128, 52.36146 ] ] ] } },
{ "type": "Feature", "properties": { "buurtcode": "0363FK04", "buurtnaam": "Calandlaan/Lelylaan" }, "geometry": { "type": "Polygon", "coordinates": [ [ [ 4.81855, 52.35827 ], [ 4.81858, 52.35752 ], [ 4.81651, 52.3573 ], [ 4.81228, 52.35644 ], [ 4.81248, 52.35608 ], [ 4.81009, 52.3556 ], [ 4.80998, 52.35582 ], [ 4.80855, 52.35552 ], [ 4.80937, 52.354 ], [ 4.80224, 52.3525 ], [ 4.80079, 52.35518 ], [ 4.80905, 52.35685 ], [ 4.80886, 52.35719 ], [ 4.81542, 52.35851 ], [ 4.81547, 52.35842 ], [ 4.81669, 52.3587 ], [ 4.8172, 52.35894 ], [ 4.81855, 52.35827 ] ] ] } },
{ "type": "Feature", "properties": { "buurtcode": "0363FK05", "buurtnaam": "Osdorp-Zuidoost" }, "geometry": { "type": "Polygon", "coordinates": [ [ [ 4.81862, 52.3563 ], [ 4.81806, 52.35617 ], [ 4.82043, 52.35174 ], [ 4.81295, 52.35166 ], [ 4.81171, 52.35158 ], [ 4.8036, 52.34997 ], [ 4.80224, 52.3525 ], [ 4.80937, 52.354 ], [ 4.80855, 52.35552 ], [ 4.80998, 52.35582 ], [ 4.81009, 52.3556 ], [ 4.81248, 52.35608 ], [ 4.81228, 52.35644 ], [ 4.81651, 52.3573 ], [ 4.81858, 52.35752 ], [ 4.81862, 52.3563 ] ] ] } },
{ "type": "Feature", "properties": { "buurtcode": "0363FL01", "buurtnaam": "Oostoever Sloterplas" }, "geometry": { "type": "Polygon", "coordinates": [ [ [ 4.82932, 52.37056 ], [ 4.82926, 52.37036 ], [ 4.82994, 52.36997 ], [ 4.8299, 52.36991 ], [ 4.83079, 52.3697 ], [ 4.83105, 52.36987 ], [ 4.83196, 52.37014 ], [ 4.83231, 52.37079 ], [ 4.83441, 52.37038 ], [ 4.83388, 52.36713 ], [ 4.83387, 52.36405 ], [ 4.81718, 52.36389 ], [ 4.82715, 52.37213 ], [ 4.82932, 52.37056 ] ] ] } },
{ "type": "Feature", "properties": { "buurtcode": "0363FL02", "buurtnaam": "Emanuel van Meterenbuurt" }, "geometry": { "type": "Polygon", "coordinates": [ [ [ 4.82725, 52.35762 ], [ 4.82581, 52.3576 ], [ 4.82581, 52.3578 ], [ 4.81857, 52.35771 ], [ 4.81855, 52.35827 ], [ 4.8172, 52.35894 ], [ 4.81652, 52.35865 ], [ 4.81547, 52.35842 ], [ 4.81542, 52.35851 ], [ 4.81305, 52.35803 ], [ 4.81218, 52.35972 ], [ 4.81718, 52.36389 ], [ 4.82704, 52.36398 ], [ 4.82725, 52.35762 ] ] ] } },
{ "type": "Feature", "properties": { "buurtcode": "0363FL03", "buurtnaam": "Jacob Geelbuurt" }, "geometry": { "type": "Polygon", "coordinates": [ [ [ 4.83387, 52.36405 ], [ 4.83396, 52.36068 ], [ 4.83419, 52.35789 ], [ 4.82825, 52.35782 ], [ 4.82826, 52.35763 ], [ 4.82725, 52.35762 ], [ 4.82704, 52.36398 ], [ 4.83387, 52.36405 ] ] ] } },
{ "type": "Feature", "properties": { "buurtcode": "0363FM01", "buurtnaam": "Lucas/Andreasziekenhuis e.o." }, "geometry": { "type": "Polygon", "coordinates": [ [ [ 4.8406, 52.37233 ], [ 4.84303, 52.37221 ], [ 4.84302, 52.37191 ], [ 4.84279, 52.37186 ], [ 4.84256, 52.36959 ], [ 4.84215, 52.36958 ], [ 4.84216, 52.36931 ], [ 4.84046, 52.36931 ], [ 4.83928, 52.3694 ], [ 4.83435, 52.3701 ], [ 4.83469, 52.37144 ], [ 4.83533, 52.37315 ], [ 4.8406, 52.37233 ] ] ] } },
{ "type": "Feature", "properties": { "buurtcode": "0363FM02", "buurtnaam": "Overtoomse Veld-Noord" }, "geometry": { "type": "Polygon", "coordinates": [ [ [ 4.83831, 52.36952 ], [ 4.84046, 52.36931 ], [ 4.84216, 52.36931 ], [ 4.84231, 52.36414 ], [ 4.83387, 52.36405 ], [ 4.83388, 52.36713 ], [ 4.83435, 52.3701 ], [ 4.83831, 52.36952 ] ] ] } },
{ "type": "Feature", "properties": { "buurtcode": "0363FM03", "buurtnaam": "Rembrandtpark-Noord" }, "geometry": { "type": "Polygon", "coordinates": [ [ [ 4.84774, 52.36961 ], [ 4.84835, 52.36971 ], [ 4.85032, 52.36536 ], [ 4.85038, 52.36537 ], [ 4.85045, 52.36521 ], [ 4.85049, 52.36424 ], [ 4.84231, 52.36414 ], [ 4.84215, 52.36958 ], [ 4.84571, 52.36964 ], [ 4.84762, 52.36986 ], [ 4.84774, 52.36961 ] ] ] } },
{ "type": "Feature", "properties": { "buurtcode": "0363FM04", "buurtnaam": "Overtoomse Veld-Zuid" }, "geometry": { "type": "Polygon", "coordinates": [ [ [ 4.84245, 52.35935 ], [ 4.83407, 52.35927 ], [ 4.83396, 52.36068 ], [ 4.83387, 52.36405 ], [ 4.84231, 52.36414 ], [ 4.84245, 52.35935 ] ] ] } },
{ "type": "Feature", "properties": { "buurtcode": "0363FM05", "buurtnaam": "Rembrandtpark-Zuid" }, "geometry": { "type": "Polygon", "coordinates": [ [ [ 4.84921, 52.36336 ], [ 4.84946, 52.36336 ], [ 4.84951, 52.36095 ], [ 4.84888, 52.36076 ], [ 4.84888, 52.35804 ], [ 4.84249, 52.35798 ], [ 4.84231, 52.36414 ], [ 4.84918, 52.36422 ], [ 4.84921, 52.36336 ] ] ] } },
{ "type": "Feature", "properties": { "buurtcode": "0363FM06", "buurtnaam": "Johan Jongkindbuurt" }, "geometry": { "type": "Polygon", "coordinates": [ [ [ 4.84249, 52.35798 ], [ 4.83419, 52.35789 ], [ 4.83407, 52.35927 ], [ 4.84245, 52.35935 ], [ 4.84249, 52.35798 ] ] ] } },
{ "type": "Feature", "properties": { "buurtcode": "0363FN01", "buurtnaam": "Louis Crispijnbuurt" }, "geometry": { "type": "Polygon", "coordinates": [ [ [ 4.82581, 52.3576 ], [ 4.82725, 52.35762 ], [ 4.82742, 52.35181 ], [ 4.82043, 52.35174 ], [ 4.81806, 52.35617 ], [ 4.81862, 52.3563 ], [ 4.81857, 52.35771 ], [ 4.82581, 52.3578 ], [ 4.82581, 52.3576 ] ] ] } },
{ "type": "Feature", "properties": { "buurtcode": "0363FN02", "buurtnaam": "Jacques Veltmanbuurt" }, "geometry": { "type": "Polygon", "coordinates": [ [ [ 4.83419, 52.35789 ], [ 4.83408, 52.35451 ], [ 4.8342, 52.35189 ], [ 4.82742, 52.35181 ], [ 4.82725, 52.35762 ], [ 4.82826, 52.35763 ], [ 4.82825, 52.35782 ], [ 4.83419, 52.35789 ] ] ] } },
{ "type": "Feature", "properties": { "buurtcode": "0363FN03", "buurtnaam": "Medisch Centrum Slotervaart" }, "geometry": { "type": "Polygon", "coordinates": [ [ [ 4.82742, 52.35181 ], [ 4.82759, 52.34515 ], [ 4.82568, 52.34505 ], [ 4.82393, 52.34464 ], [ 4.82343, 52.34467 ], [ 4.82294, 52.34484 ], [ 4.82294, 52.34511 ], [ 4.82282, 52.3453 ], [ 4.82212, 52.34594 ], [ 4.82207, 52.34665 ], [ 4.82222, 52.34678 ], [ 4.82129, 52.34864 ], [ 4.82117, 52.35174 ], [ 4.82742, 52.35181 ] ] ] } },
{ "type": "Feature", "properties": { "buurtcode": "0363FN04", "buurtnaam": "Staalmanbuurt" }, "geometry": { "type": "Polygon", "coordinates": [ [ [ 4.8342, 52.35189 ], [ 4.83441, 52.34563 ], [ 4.82757, 52.34559 ], [ 4.82742, 52.35181 ], [ 4.8342, 52.35189 ] ] ] } },
{ "type": "Feature", "properties": { "buurtcode": "0363FP01", "buurtnaam": "Schipluidenbuurt" }, "geometry": { "type": "Polygon", "coordinates": [ [ [ 4.84254, 52.35614 ], [ 4.83415, 52.35605 ], [ 4.83419, 52.35789 ], [ 4.84249, 52.35798 ], [ 4.84254, 52.35614 ] ] ] } },
{ "type": "Feature", "properties": { "buurtcode": "0363FP02", "buurtnaam": "Koningin Wilhelminaplein" }, "geometry": { "type": "Polygon", "coordinates": [ [ [ 4.84254, 52.35614 ], [ 4.84263, 52.35208 ], [ 4.8342, 52.35189 ], [ 4.83408, 52.35451 ], [ 4.83415, 52.35605 ], [ 4.84254, 52.35614 ] ] ] } },
{ "type": "Feature", "properties": { "buurtcode": "0363FP03", "buurtnaam": "Andreasterrein" }, "geometry": { "type": "Polygon", "coordinates": [ [ [ 4.84888, 52.35804 ], [ 4.84893, 52.3555 ], [ 4.84473, 52.35548 ], [ 4.84479, 52.35209 ], [ 4.84263, 52.35208 ], [ 4.84249, 52.35798 ], [ 4.84888, 52.35804 ] ] ] } },
{ "type": "Feature", "properties": { "buurtcode": "0363FP04", "buurtnaam": "Delflandpleinbuurt-West" }, "geometry": { "type": "Polygon", "coordinates": [ [ [ 4.84256, 52.35154 ], [ 4.84225, 52.35045 ], [ 4.84142, 52.34863 ], [ 4.84118, 52.34794 ], [ 4.84102, 52.34701 ], [ 4.84098, 52.34602 ], [ 4.8402, 52.34606 ], [ 4.83941, 52.34594 ], [ 4.83923, 52.34604 ], [ 4.83837, 52.34595 ], [ 4.83797, 52.34602 ], [ 4.83717, 52.346 ], [ 4.8371, 52.34588 ], [ 4.83695, 52.34584 ], [ 4.8369, 52.34589 ], [ 4.8344, 52.34578 ], [ 4.83425, 52.34843 ], [ 4.8342, 52.35189 ], [ 4.84263, 52.35208 ], [ 4.84256, 52.35154 ] ] ] } },
{ "type": "Feature", "properties": { "buurtcode": "0363FP05", "buurtnaam": "Delflandpleinbuurt-Oost" }, "geometry": { "type": "Polygon", "coordinates": [ [ [ 4.84554, 52.3521 ], [ 4.84564, 52.34678 ], [ 4.84608, 52.34666 ], [ 4.84537, 52.34617 ], [ 4.84433, 52.34591 ], [ 4.84098, 52.34602 ], [ 4.84102, 52.34701 ], [ 4.84118, 52.34794 ], [ 4.84142, 52.34863 ], [ 4.84225, 52.35045 ], [ 4.84247, 52.35114 ], [ 4.84263, 52.35208 ], [ 4.84554, 52.3521 ] ] ] } },
{ "type": "Feature", "properties": { "buurtcode": "0363FP06", "buurtnaam": "Riekerhaven" }, "geometry": { "type": "Polygon", "coordinates": [ [ [ 4.84025, 52.34604 ], [ 4.84194, 52.34598 ], [ 4.84194, 52.34556 ], [ 4.84173, 52.34553 ], [ 4.84163, 52.34543 ], [ 4.84149, 52.34343 ], [ 4.842, 52.33998 ], [ 4.84237, 52.33925 ], [ 4.84299, 52.3387 ], [ 4.84373, 52.33835 ], [ 4.84498, 52.33809 ], [ 4.84599, 52.33807 ], [ 4.84697, 52.33814 ], [ 4.84703, 52.33769 ], [ 4.84311, 52.33753 ], [ 4.8402, 52.33771 ], [ 4.83876, 52.33819 ], [ 4.83749, 52.33882 ], [ 4.83659, 52.33945 ], [ 4.83567, 52.34036 ], [ 4.83519, 52.34104 ], [ 4.83492, 52.34182 ], [ 4.8346, 52.34385 ], [ 4.83445, 52.34438 ], [ 4.8344, 52.34578 ], [ 4.8369, 52.34589 ], [ 4.83695, 52.34584 ], [ 4.8371, 52.34588 ], [ 4.83717, 52.346 ], [ 4.83797, 52.34602 ], [ 4.83837, 52.34595 ], [ 4.83923, 52.34604 ], [ 4.83941, 52.34594 ], [ 4.84025, 52.34604 ] ] ] } },
{ "type": "Feature", "properties": { "buurtcode": "0363FQ01", "buurtnaam": "Dorp Sloten" }, "geometry": { "type": "Polygon", "coordinates": [ [ [ 4.80011, 52.34691 ], [ 4.80048, 52.3468 ], [ 4.80083, 52.34681 ], [ 4.79931, 52.34357 ], [ 4.80165, 52.34313 ], [ 4.80125, 52.34133 ], [ 4.80116, 52.34131 ], [ 4.80112, 52.34113 ], [ 4.80119, 52.34073 ], [ 4.80114, 52.34029 ], [ 4.80101, 52.34013 ], [ 4.80101, 52.33955 ], [ 4.80062, 52.33736 ], [ 4.80076, 52.33719 ], [ 4.8015, 52.33672 ], [ 4.80157, 52.33658 ], [ 4.80147, 52.33643 ], [ 4.7988, 52.3348 ], [ 4.79777, 52.33528 ], [ 4.79733, 52.3356 ], [ 4.79178, 52.34103 ], [ 4.7911, 52.3415 ], [ 4.79549, 52.34613 ], [ 4.79615, 52.34707 ], [ 4.79671, 52.34763 ], [ 4.79775, 52.34835 ], [ 4.80011, 52.34691 ] ] ] } },
{ "type": "Feature", "properties": { "buurtcode": "0363FQ02", "buurtnaam": "Nieuw-Sloten-Noordwest" }, "geometry": { "type": "Polygon", "coordinates": [ [ [ 4.80816, 52.35089 ], [ 4.81069, 52.34627 ], [ 4.80284, 52.3447 ], [ 4.80212, 52.34464 ], [ 4.80123, 52.34468 ], [ 4.79993, 52.34495 ], [ 4.80083, 52.34681 ], [ 4.80048, 52.3468 ], [ 4.80011, 52.34691 ], [ 4.79775, 52.34835 ], [ 4.79889, 52.34888 ], [ 4.80054, 52.34936 ], [ 4.80816, 52.35089 ] ] ] } },
{ "type": "Feature", "properties": { "buurtcode": "0363FQ03", "buurtnaam": "Nieuw-Sloten-Noordoost" }, "geometry": { "type": "Polygon", "coordinates": [ [ [ 4.82117, 52.35174 ], [ 4.82129, 52.34864 ], [ 4.82222, 52.34678 ], [ 4.82209, 52.3467 ], [ 4.8221, 52.34653 ], [ 4.8208, 52.34645 ], [ 4.81167, 52.34635 ], [ 4.81069, 52.34627 ], [ 4.80816, 52.35089 ], [ 4.8111, 52.35148 ], [ 4.81223, 52.35163 ], [ 4.82117, 52.35174 ] ] ] } },
{ "type": "Feature", "properties": { "buurtcode": "0363FQ04", "buurtnaam": "Nieuw-Sloten-Zuidwest" }, "geometry": { "type": "Polygon", "coordinates": [ [ [ 4.80654, 52.34504 ], [ 4.80672, 52.34496 ], [ 4.81142, 52.34499 ], [ 4.81151, 52.34234 ], [ 4.81045, 52.34234 ], [ 4.80919, 52.34221 ], [ 4.80224, 52.34211 ], [ 4.80136, 52.34196 ], [ 4.80165, 52.34313 ], [ 4.79931, 52.34357 ], [ 4.79993, 52.34495 ], [ 4.80123, 52.34468 ], [ 4.80239, 52.34465 ], [ 4.80633, 52.3454 ], [ 4.80654, 52.34504 ] ] ] } },
{ "type": "Feature", "properties": { "buurtcode": "0363FQ05", "buurtnaam": "Belgiëplein e.o." }, "geometry": { "type": "Polygon", "coordinates": [ [ [ 4.8161, 52.34524 ], [ 4.81598, 52.3451 ], [ 4.81571, 52.34505 ], [ 4.80672, 52.34496 ], [ 4.80654, 52.34504 ], [ 4.80633, 52.3454 ], [ 4.81118, 52.34632 ], [ 4.81606, 52.3464 ], [ 4.8161, 52.34524 ] ] ] } },
{ "type": "Feature", "properties": { "buurtcode": "0363FQ06", "buurtnaam": "Nieuw-Sloten-Zuidoost" }, "geometry": { "type": "Polygon", "coordinates": [ [ [ 4.8221, 52.34653 ], [ 4.82212, 52.34594 ], [ 4.8227, 52.34544 ], [ 4.82293, 52.34515 ], [ 4.82295, 52.3449 ], [ 4.82283, 52.34459 ], [ 4.82247, 52.34427 ], [ 4.82082, 52.3433 ], [ 4.8203, 52.3433 ], [ 4.82012, 52.34305 ], [ 4.81992, 52.34294 ], [ 4.81894, 52.34289 ], [ 4.81801, 52.34253 ], [ 4.817, 52.34252 ], [ 4.81641, 52.34261 ], [ 4.81439, 52.34259 ], [ 4.81391, 52.34236 ], [ 4.81151, 52.34234 ], [ 4.81142, 52.34499 ], [ 4.81591, 52.34507 ], [ 4.8161, 52.34524 ], [ 4.81606, 52.3464 ], [ 4.8221, 52.34653 ] ] ] } },
{ "type": "Feature", "properties": { "buurtcode": "0363FQ07", "buurtnaam": "Sloterweg e.o." }, "geometry": { "type": "Polygon", "coordinates": [ [ [ 4.82082, 52.3433 ], [ 4.82076, 52.34311 ], [ 4.82087, 52.34205 ], [ 4.81997, 52.34201 ], [ 4.81999, 52.34158 ], [ 4.81991, 52.3415 ], [ 4.81998, 52.34046 ], [ 4.81992, 52.33852 ], [ 4.81708, 52.33849 ], [ 4.81503, 52.33831 ], [ 4.81341, 52.33803 ], [ 4.81129, 52.33748 ], [ 4.80976, 52.33691 ], [ 4.80832, 52.33622 ], [ 4.80305, 52.33303 ], [ 4.7988, 52.3348 ], [ 4.80156, 52.33654 ], [ 4.8015, 52.33672 ], [ 4.80076, 52.33719 ], [ 4.80062, 52.33736 ], [ 4.80101, 52.33955 ], [ 4.80101, 52.34013 ], [ 4.80114, 52.34029 ], [ 4.80119, 52.34073 ], [ 4.80112, 52.34113 ], [ 4.80116, 52.34131 ], [ 4.80125, 52.34133 ], [ 4.80136, 52.34196 ], [ 4.80224, 52.34211 ], [ 4.81391, 52.34236 ], [ 4.81439, 52.34259 ], [ 4.81641, 52.34261 ], [ 4.817, 52.34252 ], [ 4.81801, 52.34253 ], [ 4.81894, 52.34289 ], [ 4.81992, 52.34294 ], [ 4.82012, 52.34305 ], [ 4.8203, 52.3433 ], [ 4.82082, 52.3433 ] ] ] } },
{ "type": "Feature", "properties": { "buurtcode": "0363FQ08", "buurtnaam": "Park Haagseweg" }, "geometry": { "type": "Polygon", "coordinates": [ [ [ 4.82759, 52.34515 ], [ 4.82774, 52.34381 ], [ 4.82771, 52.34261 ], [ 4.82636, 52.34258 ], [ 4.8232, 52.34214 ], [ 4.82087, 52.34205 ], [ 4.82076, 52.34311 ], [ 4.82082, 52.3433 ], [ 4.82262, 52.34437 ], [ 4.82283, 52.34459 ], [ 4.82294, 52.34484 ], [ 4.82343, 52.34467 ], [ 4.82393, 52.34464 ], [ 4.82568, 52.34505 ], [ 4.82759, 52.34515 ] ] ] } },
{ "type": "Feature", "properties": { "buurtcode": "0363FQ09", "buurtnaam": "Riekerpolder" }, "geometry": { "type": "Polygon", "coordinates": [ [ [ 4.83443, 52.34453 ], [ 4.83501, 52.3415 ], [ 4.83519, 52.34104 ], [ 4.83567, 52.34036 ], [ 4.83659, 52.33945 ], [ 4.83749, 52.33882 ], [ 4.83876, 52.33819 ], [ 4.8402, 52.33771 ], [ 4.83668, 52.33821 ], [ 4.83436, 52.33839 ], [ 4.81992, 52.33852 ], [ 4.81998, 52.34046 ], [ 4.81991, 52.3415 ], [ 4.81999, 52.34158 ], [ 4.81997, 52.34201 ], [ 4.8232, 52.34214 ], [ 4.82636, 52.34258 ], [ 4.82771, 52.34261 ], [ 4.82774, 52.34381 ], [ 4.82757, 52.34559 ], [ 4.83441, 52.34563 ], [ 4.83443, 52.34453 ] ] ] } },
{ "type": "Feature", "properties": { "buurtcode": "0363FQ10", "buurtnaam": "Nieuwe Meer" }, "geometry": { "type": "Polygon", "coordinates": [ [ [ 4.81708, 52.33849 ], [ 4.83359, 52.33841 ], [ 4.83668, 52.33821 ], [ 4.8402, 52.33771 ], [ 4.84165, 52.33758 ], [ 4.84377, 52.33753 ], [ 4.84703, 52.33769 ], [ 4.84713, 52.3369 ], [ 4.84709, 52.33628 ], [ 4.84622, 52.33413 ], [ 4.83833, 52.33148 ], [ 4.83555, 52.331 ], [ 4.82213, 52.33082 ], [ 4.81712, 52.32693 ], [ 4.8164, 52.32741 ], [ 4.81544, 52.32789 ], [ 4.80305, 52.33303 ], [ 4.80832, 52.33622 ], [ 4.80976, 52.33691 ], [ 4.81129, 52.33748 ], [ 4.81341, 52.33803 ], [ 4.81503, 52.33831 ], [ 4.81708, 52.33849 ] ] ] } },
{ "type": "Feature", "properties": { "buurtcode": "0363KA01", "buurtnaam": "Westlandgrachtbuurt" }, "geometry": { "type": "Polygon", "coordinates": [ [ [ 4.85028, 52.35792 ], [ 4.85039, 52.35161 ], [ 4.84555, 52.35158 ], [ 4.84554, 52.3521 ], [ 4.84479, 52.35209 ], [ 4.84473, 52.35548 ], [ 4.84893, 52.3555 ], [ 4.84889, 52.35791 ], [ 4.85028, 52.35792 ] ] ] } },
{ "type": "Feature", "properties": { "buurtcode": "0363KA02", "buurtnaam": "Surinamepleinbuurt" }, "geometry": { "type": "Polygon", "coordinates": [ [ [ 4.85362, 52.35809 ], [ 4.85478, 52.35775 ], [ 4.85432, 52.35718 ], [ 4.85355, 52.35477 ], [ 4.85034, 52.35487 ], [ 4.85028, 52.35792 ], [ 4.85264, 52.35791 ], [ 4.85362, 52.35809 ] ] ] } },
{ "type": "Feature", "properties": { "buurtcode": "0363KA03", "buurtnaam": "Legmeerpleinbuurt" }, "geometry": { "type": "Polygon", "coordinates": [ [ [ 4.85034, 52.35487 ], [ 4.85355, 52.35477 ], [ 4.85237, 52.35095 ], [ 4.85162, 52.35103 ], [ 4.8504, 52.35103 ], [ 4.85034, 52.35487 ] ] ] } },
{ "type": "Feature", "properties": { "buurtcode": "0363KA04", "buurtnaam": "Aalsmeerwegbuurt-West" }, "geometry": { "type": "Polygon", "coordinates": [ [ [ 4.84946, 52.35004 ], [ 4.84927, 52.34966 ], [ 4.84646, 52.3468 ], [ 4.84564, 52.34688 ], [ 4.84555, 52.35158 ], [ 4.84944, 52.3516 ], [ 4.84946, 52.35004 ] ] ] } },
{ "type": "Feature", "properties": { "buurtcode": "0363KA05", "buurtnaam": "Aalsmeerwegbuurt-Oost" }, "geometry": { "type": "Polygon", "coordinates": [ [ [ 4.8504, 52.35103 ], [ 4.85162, 52.35103 ], [ 4.85237, 52.35095 ], [ 4.85137, 52.34805 ], [ 4.85091, 52.34813 ], [ 4.84947, 52.34722 ], [ 4.8482, 52.3469 ], [ 4.8483, 52.34544 ], [ 4.84686, 52.34543 ], [ 4.84685, 52.34567 ], [ 4.84662, 52.34584 ], [ 4.84608, 52.34584 ], [ 4.84587, 52.34591 ], [ 4.84587, 52.34617 ], [ 4.84565, 52.34632 ], [ 4.84608, 52.34666 ], [ 4.84564, 52.34678 ], [ 4.84564, 52.34688 ], [ 4.84646, 52.3468 ], [ 4.84933, 52.34973 ], [ 4.84946, 52.35004 ], [ 4.84944, 52.3516 ], [ 4.85039, 52.35161 ], [ 4.8504, 52.35103 ] ] ] } },
{ "type": "Feature", "properties": { "buurtcode": "0363KA06", "buurtnaam": "Bedrijventerrein Schinkel" }, "geometry": { "type": "Polygon", "coordinates": [ [ [ 4.85137, 52.34805 ], [ 4.85057, 52.34677 ], [ 4.84906, 52.3438 ], [ 4.84881, 52.34344 ], [ 4.84764, 52.34219 ], [ 4.84686, 52.34083 ], [ 4.84678, 52.33973 ], [ 4.84697, 52.33814 ], [ 4.8457, 52.33806 ], [ 4.84438, 52.33817 ], [ 4.8432, 52.33858 ], [ 4.84255, 52.33905 ], [ 4.84224, 52.33944 ], [ 4.842, 52.33998 ], [ 4.8415, 52.34327 ], [ 4.84163, 52.34543 ], [ 4.84173, 52.34553 ], [ 4.84194, 52.34556 ], [ 4.84194, 52.34598 ], [ 4.84433, 52.34591 ], [ 4.84502, 52.34605 ], [ 4.84565, 52.34632 ], [ 4.84587, 52.34617 ], [ 4.84587, 52.34591 ], [ 4.84608, 52.34584 ], [ 4.84662, 52.34584 ], [ 4.84685, 52.34567 ], [ 4.84686, 52.34543 ], [ 4.8483, 52.34544 ], [ 4.8482, 52.3469 ], [ 4.84947, 52.34722 ], [ 4.85091, 52.34813 ], [ 4.85137, 52.34805 ] ] ] } },
{ "type": "Feature", "properties": { "buurtcode": "0363KB01", "buurtnaam": "Schinkelbuurt-Noord" }, "geometry": { "type": "Polygon", "coordinates": [ [ [ 4.85508, 52.35641 ], [ 4.85502, 52.35632 ], [ 4.8558, 52.35485 ], [ 4.85571, 52.35472 ], [ 4.85584, 52.35462 ], [ 4.85549, 52.35467 ], [ 4.8566, 52.35152 ], [ 4.85416, 52.35084 ], [ 4.85348, 52.3508 ], [ 4.85237, 52.35095 ], [ 4.85412, 52.35652 ], [ 4.85508, 52.35641 ] ] ] } },
{ "type": "Feature", "properties": { "buurtcode": "0363KB02", "buurtnaam": "Schinkelbuurt-Zuid" }, "geometry": { "type": "Polygon", "coordinates": [ [ [ 4.8566, 52.35152 ], [ 4.85745, 52.34974 ], [ 4.85757, 52.34742 ], [ 4.8535, 52.34686 ], [ 4.85281, 52.34664 ], [ 4.852, 52.34609 ], [ 4.85158, 52.3456 ], [ 4.85148, 52.34535 ], [ 4.85144, 52.3447 ], [ 4.85152, 52.34437 ], [ 4.85202, 52.3434 ], [ 4.84979, 52.34292 ], [ 4.84818, 52.34277 ], [ 4.84906, 52.3438 ], [ 4.85057, 52.34677 ], [ 4.85127, 52.34783 ], [ 4.85156, 52.34845 ], [ 4.85237, 52.35095 ], [ 4.85348, 52.3508 ], [ 4.85416, 52.35084 ], [ 4.8566, 52.35152 ] ] ] } },
{ "type": "Feature", "properties": { "buurtcode": "0363KC01", "buurtnaam": "Vondelpark-West" }, "geometry": { "type": "Polygon", "coordinates": [ [ [ 4.86545, 52.35901 ], [ 4.86725, 52.35594 ], [ 4.86656, 52.35563 ], [ 4.86687, 52.35549 ], [ 4.86705, 52.35531 ], [ 4.86707, 52.35505 ], [ 4.86695, 52.35486 ], [ 4.86676, 52.35479 ], [ 4.8666, 52.35502 ], [ 4.86639, 52.35511 ], [ 4.86524, 52.35514 ], [ 4.86428, 52.35555 ], [ 4.86357, 52.35571 ], [ 4.86272, 52.35574 ], [ 4.86173, 52.3556 ], [ 4.86111, 52.35536 ], [ 4.86019, 52.35468 ], [ 4.85919, 52.35426 ], [ 4.8588, 52.354 ], [ 4.85865, 52.35375 ], [ 4.85863, 52.35357 ], [ 4.8588, 52.35324 ], [ 4.85918, 52.3529 ], [ 4.85915, 52.35276 ], [ 4.85901, 52.35268 ], [ 4.85846, 52.35265 ], [ 4.85812, 52.35275 ], [ 4.85814, 52.3529 ], [ 4.85791, 52.35328 ], [ 4.85795, 52.3535 ], [ 4.85856, 52.35392 ], [ 4.85868, 52.35414 ], [ 4.85862, 52.35432 ], [ 4.85829, 52.35449 ], [ 4.85757, 52.3547 ], [ 4.8575, 52.3548 ], [ 4.85762, 52.35491 ], [ 4.85647, 52.35462 ], [ 4.85575, 52.35466 ], [ 4.85572, 52.35479 ], [ 4.8558, 52.35485 ], [ 4.85502, 52.35632 ], [ 4.85508, 52.35641 ], [ 4.86224, 52.35826 ], [ 4.86545, 52.35901 ] ] ] } },
{ "type": "Feature", "properties": { "buurtcode": "0363KC02", "buurtnaam": "Willemsparkbuurt-Noord" }, "geometry": { "type": "Polygon", "coordinates": [ [ [ 4.8674, 52.35602 ], [ 4.86763, 52.35585 ], [ 4.86797, 52.35527 ], [ 4.86786, 52.35469 ], [ 4.86753, 52.3544 ], [ 4.86504, 52.35372 ], [ 4.86406, 52.35353 ], [ 4.86371, 52.35331 ], [ 4.86327, 52.3532 ], [ 4.86284, 52.3532 ], [ 4.85963, 52.35228 ], [ 4.8566, 52.35152 ], [ 4.85549, 52.35467 ], [ 4.85647, 52.35462 ], [ 4.85762, 52.35491 ], [ 4.8575, 52.3548 ], [ 4.85757, 52.3547 ], [ 4.85855, 52.35438 ], [ 4.85867, 52.35422 ], [ 4.85866, 52.35406 ], [ 4.85851, 52.35388 ], [ 4.85795, 52.3535 ], [ 4.85791, 52.35328 ], [ 4.85814, 52.3529 ], [ 4.85812, 52.35275 ], [ 4.85846, 52.35265 ], [ 4.85889, 52.35265 ], [ 4.85915, 52.35276 ], [ 4.85918, 52.3529 ], [ 4.8588, 52.35324 ], [ 4.85863, 52.35357 ], [ 4.85865, 52.35375 ], [ 4.8588, 52.354 ], [ 4.85919, 52.35426 ], [ 4.86019, 52.35468 ], [ 4.86133, 52.35546 ], [ 4.86243, 52.35572 ], [ 4.86357, 52.35571 ], [ 4.86428, 52.35555 ], [ 4.86524, 52.35514 ], [ 4.86646, 52.35509 ], [ 4.86681, 52.35478 ], [ 4.86704, 52.35496 ], [ 4.86708, 52.35524 ], [ 4.86687, 52.35549 ], [ 4.86656, 52.35563 ], [ 4.86725, 52.35594 ], [ 4.86719, 52.35601 ], [ 4.8674, 52.35602 ] ] ] } },
{ "type": "Feature", "properties": { "buurtcode": "0363KC03", "buurtnaam": "Valeriusbuurt-West" }, "geometry": { "type": "Polygon", "coordinates": [ [ [ 4.86457, 52.35173 ], [ 4.86534, 52.35193 ], [ 4.86607, 52.3509 ], [ 4.86158, 52.34973 ], [ 4.86091, 52.35076 ], [ 4.85741, 52.34983 ], [ 4.8566, 52.35152 ], [ 4.85963, 52.35228 ], [ 4.86284, 52.3532 ], [ 4.86349, 52.35325 ], [ 4.86457, 52.35173 ] ] ] } },
{ "type": "Feature", "properties": { "buurtcode": "0363KC04", "buurtnaam": "Valeriusbuurt-Oost" }, "geometry": { "type": "Polygon", "coordinates": [ [ [ 4.86816, 52.35532 ], [ 4.86979, 52.35318 ], [ 4.87007, 52.353 ], [ 4.8704, 52.35254 ], [ 4.87056, 52.35207 ], [ 4.86607, 52.3509 ], [ 4.86534, 52.35193 ], [ 4.86457, 52.35173 ], [ 4.86349, 52.35325 ], [ 4.86406, 52.35353 ], [ 4.86504, 52.35372 ], [ 4.86753, 52.3544 ], [ 4.86786, 52.35469 ], [ 4.86797, 52.35527 ], [ 4.86816, 52.35532 ] ] ] } },
{ "type": "Feature", "properties": { "buurtcode": "0363KD01", "buurtnaam": "Vondelpark-Oost" }, "geometry": { "type": "Polygon", "coordinates": [ [ [ 4.88209, 52.36205 ], [ 4.88239, 52.36196 ], [ 4.88232, 52.36158 ], [ 4.88239, 52.36148 ], [ 4.87695, 52.36006 ], [ 4.87579, 52.35966 ], [ 4.87597, 52.3594 ], [ 4.87507, 52.35918 ], [ 4.87538, 52.35878 ], [ 4.875, 52.35868 ], [ 4.87514, 52.35847 ], [ 4.87253, 52.3578 ], [ 4.87222, 52.35765 ], [ 4.872, 52.35771 ], [ 4.87169, 52.35763 ], [ 4.87162, 52.35749 ], [ 4.87124, 52.35745 ], [ 4.87034, 52.35716 ], [ 4.87025, 52.35725 ], [ 4.86996, 52.35715 ], [ 4.87002, 52.35708 ], [ 4.86931, 52.35692 ], [ 4.86839, 52.35655 ], [ 4.86786, 52.35642 ], [ 4.86756, 52.35643 ], [ 4.86749, 52.35634 ], [ 4.86719, 52.35626 ], [ 4.86713, 52.3561 ], [ 4.86553, 52.35885 ], [ 4.86579, 52.35882 ], [ 4.8659, 52.35893 ], [ 4.8659, 52.35912 ], [ 4.86995, 52.36012 ], [ 4.87006, 52.35998 ], [ 4.87124, 52.36028 ], [ 4.8713, 52.3602 ], [ 4.87147, 52.36025 ], [ 4.87127, 52.36054 ], [ 4.87139, 52.36057 ], [ 4.87154, 52.36035 ], [ 4.87191, 52.36036 ], [ 4.87329, 52.36075 ], [ 4.87372, 52.36078 ], [ 4.87385, 52.36097 ], [ 4.87401, 52.36102 ], [ 4.87531, 52.36067 ], [ 4.8756, 52.36082 ], [ 4.87586, 52.36071 ], [ 4.87649, 52.3608 ], [ 4.87663, 52.36058 ], [ 4.87703, 52.36071 ], [ 4.87688, 52.36077 ], [ 4.87674, 52.36097 ], [ 4.87719, 52.36109 ], [ 4.87745, 52.36078 ], [ 4.88209, 52.36205 ] ] ] } },
{ "type": "Feature", "properties": { "buurtcode": "0363KD02", "buurtnaam": "Cornelis Schuytbuurt" }, "geometry": { "type": "Polygon", "coordinates": [ [ [ 4.87624, 52.3548 ], [ 4.86994, 52.35309 ], [ 4.86979, 52.35318 ], [ 4.86816, 52.35532 ], [ 4.86797, 52.35527 ], [ 4.86758, 52.35591 ], [ 4.8674, 52.35602 ], [ 4.86719, 52.35601 ], [ 4.86713, 52.3561 ], [ 4.86719, 52.35626 ], [ 4.86749, 52.35634 ], [ 4.86756, 52.35643 ], [ 4.86786, 52.35642 ], [ 4.86839, 52.35655 ], [ 4.86931, 52.35692 ], [ 4.87002, 52.35708 ], [ 4.86996, 52.35715 ], [ 4.87025, 52.35725 ], [ 4.87034, 52.35716 ], [ 4.87124, 52.35745 ], [ 4.87162, 52.35749 ], [ 4.87169, 52.35763 ], [ 4.872, 52.35771 ], [ 4.87222, 52.35765 ], [ 4.87253, 52.3578 ], [ 4.87387, 52.35814 ], [ 4.87624, 52.3548 ] ] ] } },
{ "type": "Feature", "properties": { "buurtcode": "0363KD03", "buurtnaam": "Concertgebouwbuurt" }, "geometry": { "type": "Polygon", "coordinates": [ [ [ 4.87715, 52.3601 ], [ 4.87999, 52.35614 ], [ 4.87917, 52.3559 ], [ 4.87822, 52.35533 ], [ 4.87624, 52.3548 ], [ 4.87387, 52.35814 ], [ 4.87514, 52.35847 ], [ 4.875, 52.35868 ], [ 4.87538, 52.35878 ], [ 4.87507, 52.35918 ], [ 4.87597, 52.3594 ], [ 4.87579, 52.35966 ], [ 4.87715, 52.3601 ] ] ] } },
{ "type": "Feature", "properties": { "buurtcode": "0363KD04", "buurtnaam": "P.C. Hooftbuurt" }, "geometry": { "type": "Polygon", "coordinates": [ [ [ 4.88239, 52.36196 ], [ 4.88404, 52.36185 ], [ 4.88538, 52.36123 ], [ 4.88448, 52.36064 ], [ 4.88322, 52.36029 ], [ 4.88356, 52.35968 ], [ 4.88353, 52.35955 ], [ 4.8834, 52.35945 ], [ 4.87856, 52.35815 ], [ 4.87715, 52.3601 ], [ 4.88239, 52.36148 ], [ 4.88232, 52.36158 ], [ 4.88239, 52.36196 ] ] ] } },
{ "type": "Feature", "properties": { "buurtcode": "0363KD05", "buurtnaam": "Museumplein" }, "geometry": { "type": "Polygon", "coordinates": [ [ [ 4.88538, 52.36123 ], [ 4.88738, 52.36023 ], [ 4.88696, 52.35992 ], [ 4.88679, 52.3596 ], [ 4.88672, 52.35873 ], [ 4.88479, 52.35898 ], [ 4.88437, 52.35784 ], [ 4.88351, 52.35802 ], [ 4.88264, 52.35692 ], [ 4.88137, 52.35609 ], [ 4.8805, 52.35624 ], [ 4.87999, 52.35614 ], [ 4.87856, 52.35815 ], [ 4.8834, 52.35945 ], [ 4.88353, 52.35955 ], [ 4.88356, 52.35968 ], [ 4.88322, 52.36029 ], [ 4.88448, 52.36064 ], [ 4.88538, 52.36123 ] ] ] } },
{ "type": "Feature", "properties": { "buurtcode": "0363KD06", "buurtnaam": "Banpleinbuurt" }, "geometry": { "type": "Polygon", "coordinates": [ [ [ 4.87793, 52.3524 ], [ 4.87749, 52.35147 ], [ 4.87354, 52.35217 ], [ 4.87192, 52.35222 ], [ 4.87056, 52.35207 ], [ 4.8704, 52.35254 ], [ 4.86994, 52.35309 ], [ 4.87624, 52.3548 ], [ 4.87793, 52.3524 ] ] ] } },
{ "type": "Feature", "properties": { "buurtcode": "0363KD07", "buurtnaam": "Hondecoeterbuurt" }, "geometry": { "type": "Polygon", "coordinates": [ [ [ 4.87999, 52.35614 ], [ 4.88214, 52.35309 ], [ 4.88245, 52.35289 ], [ 4.88213, 52.35268 ], [ 4.87933, 52.3515 ], [ 4.87905, 52.35119 ], [ 4.87749, 52.35147 ], [ 4.87793, 52.3524 ], [ 4.87624, 52.3548 ], [ 4.87822, 52.35533 ], [ 4.87917, 52.3559 ], [ 4.87999, 52.35614 ] ] ] } },
{ "type": "Feature", "properties": { "buurtcode": "0363KD08", "buurtnaam": "Johannes Vermeerbuurt" }, "geometry": { "type": "Polygon", "coordinates": [ [ [ 4.88672, 52.35873 ], [ 4.88658, 52.35685 ], [ 4.88675, 52.35462 ], [ 4.88437, 52.35425 ], [ 4.88172, 52.35369 ], [ 4.87999, 52.35614 ], [ 4.8805, 52.35624 ], [ 4.88137, 52.35609 ], [ 4.88264, 52.35692 ], [ 4.88351, 52.35802 ], [ 4.88437, 52.35784 ], [ 4.88479, 52.35898 ], [ 4.88672, 52.35873 ] ] ] } },
{ "type": "Feature", "properties": { "buurtcode": "0363KD09", "buurtnaam": "Duivelseiland" }, "geometry": { "type": "Polygon", "coordinates": [ [ [ 4.88675, 52.35462 ], [ 4.88677, 52.35338 ], [ 4.88651, 52.35289 ], [ 4.88648, 52.35223 ], [ 4.88426, 52.35238 ], [ 4.88336, 52.35257 ], [ 4.88226, 52.35299 ], [ 4.88172, 52.35369 ], [ 4.88628, 52.35459 ], [ 4.88675, 52.35462 ] ] ] } },
{ "type": "Feature", "properties": { "buurtcode": "0363KD10", "buurtnaam": "Harmoniehofbuurt" }, "geometry": { "type": "Polygon", "coordinates": [ [ [ 4.88336, 52.35257 ], [ 4.88426, 52.35238 ], [ 4.88648, 52.35223 ], [ 4.88652, 52.35065 ], [ 4.88628, 52.34847 ], [ 4.88368, 52.35036 ], [ 4.87905, 52.35119 ], [ 4.87933, 52.3515 ], [ 4.88213, 52.35268 ], [ 4.88245, 52.35289 ], [ 4.88336, 52.35257 ] ] ] } },
{ "type": "Feature", "properties": { "buurtcode": "0363KE01", "buurtnaam": "Frans Halsbuurt" }, "geometry": { "type": "Polygon", "coordinates": [ [ [ 4.88768, 52.36007 ], [ 4.88864, 52.35923 ], [ 4.88925, 52.35883 ], [ 4.89, 52.35853 ], [ 4.89087, 52.35837 ], [ 4.89041, 52.35543 ], [ 4.88907, 52.35516 ], [ 4.88669, 52.35529 ], [ 4.88658, 52.35685 ], [ 4.88679, 52.3596 ], [ 4.88696, 52.35992 ], [ 4.88738, 52.36023 ], [ 4.88768, 52.36007 ] ] ] } },
{ "type": "Feature", "properties": { "buurtcode": "0363KE02", "buurtnaam": "Gerard Doubuurt" }, "geometry": { "type": "Polygon", "coordinates": [ [ [ 4.89087, 52.35837 ], [ 4.89825, 52.35795 ], [ 4.89851, 52.35736 ], [ 4.89545, 52.35647 ], [ 4.89041, 52.35543 ], [ 4.89087, 52.35837 ] ] ] } },
{ "type": "Feature", "properties": { "buurtcode": "0363KE03", "buurtnaam": "Hercules Seghersbuurt" }, "geometry": { "type": "Polygon", "coordinates": [ [ [ 4.89041, 52.35543 ], [ 4.89033, 52.35484 ], [ 4.89113, 52.35279 ], [ 4.88706, 52.35225 ], [ 4.88648, 52.35223 ], [ 4.88651, 52.35289 ], [ 4.88677, 52.35338 ], [ 4.88669, 52.35529 ], [ 4.88907, 52.35516 ], [ 4.89041, 52.35543 ] ] ] } },
{ "type": "Feature", "properties": { "buurtcode": "0363KE04", "buurtnaam": "Sarphatiparkbuurt" }, "geometry": { "type": "Polygon", "coordinates": [ [ [ 4.89933, 52.3577 ], [ 4.89979, 52.35666 ], [ 4.90124, 52.35483 ], [ 4.89909, 52.35415 ], [ 4.89455, 52.35325 ], [ 4.89113, 52.35279 ], [ 4.89033, 52.35484 ], [ 4.89041, 52.35543 ], [ 4.89545, 52.35647 ], [ 4.89851, 52.35736 ], [ 4.89825, 52.35795 ], [ 4.89924, 52.3581 ], [ 4.89933, 52.3577 ] ] ] } },
{ "type": "Feature", "properties": { "buurtcode": "0363KE05", "buurtnaam": "Hemonybuurt" }, "geometry": { "type": "Polygon", "coordinates": [ [ [ 4.90463, 52.35921 ], [ 4.90605, 52.35617 ], [ 4.90481, 52.35595 ], [ 4.90124, 52.35483 ], [ 4.89979, 52.35666 ], [ 4.89933, 52.3577 ], [ 4.89924, 52.3581 ], [ 4.90463, 52.35921 ] ] ] } },
{ "type": "Feature", "properties": { "buurtcode": "0363KF01", "buurtnaam": "Cornelis Troostbuurt" }, "geometry": { "type": "Polygon", "coordinates": [ [ [ 4.89113, 52.35279 ], [ 4.89137, 52.35213 ], [ 4.89136, 52.3514 ], [ 4.89159, 52.35061 ], [ 4.89128, 52.34823 ], [ 4.88628, 52.34847 ], [ 4.88652, 52.35065 ], [ 4.88648, 52.35223 ], [ 4.88706, 52.35225 ], [ 4.89113, 52.35279 ] ] ] } },
{ "type": "Feature", "properties": { "buurtcode": "0363KF02", "buurtnaam": "Lizzy Ansinghbuurt" }, "geometry": { "type": "Polygon", "coordinates": [ [ [ 4.89478, 52.35289 ], [ 4.89491, 52.35193 ], [ 4.8946, 52.35189 ], [ 4.89477, 52.35143 ], [ 4.89454, 52.35044 ], [ 4.89529, 52.34827 ], [ 4.89526, 52.34801 ], [ 4.89128, 52.34823 ], [ 4.89159, 52.35061 ], [ 4.89136, 52.3514 ], [ 4.89137, 52.35213 ], [ 4.89113, 52.35279 ], [ 4.89455, 52.35325 ], [ 4.89478, 52.35289 ] ] ] } },
{ "type": "Feature", "properties": { "buurtcode": "0363KF03", "buurtnaam": "Van der Helstpleinbuurt" }, "geometry": { "type": "Polygon", "coordinates": [ [ [ 4.90124, 52.35483 ], [ 4.90254, 52.35326 ], [ 4.90282, 52.35277 ], [ 4.90303, 52.35217 ], [ 4.89896, 52.3516 ], [ 4.89809, 52.35183 ], [ 4.89474, 52.35132 ], [ 4.89477, 52.35143 ], [ 4.8946, 52.35189 ], [ 4.89491, 52.35193 ], [ 4.89478, 52.35289 ], [ 4.89455, 52.35325 ], [ 4.89909, 52.35415 ], [ 4.90124, 52.35483 ] ] ] } },
{ "type": "Feature", "properties": { "buurtcode": "0363KF04", "buurtnaam": "Willibrordusbuurt" }, "geometry": { "type": "Polygon", "coordinates": [ [ [ 4.90655, 52.35538 ], [ 4.90836, 52.35339 ], [ 4.90521, 52.35261 ], [ 4.90303, 52.35217 ], [ 4.90282, 52.35277 ], [ 4.90254, 52.35326 ], [ 4.90124, 52.35483 ], [ 4.90481, 52.35595 ], [ 4.90605, 52.35617 ], [ 4.90655, 52.35538 ] ] ] } },
{ "type": "Feature", "properties": { "buurtcode": "0363KG01", "buurtnaam": "BurgemeesterTellegenbuurt-West" }, "geometry": { "type": "Polygon", "coordinates": [ [ [ 4.89758, 52.35172 ], [ 4.89822, 52.35013 ], [ 4.89927, 52.34992 ], [ 4.8998, 52.34846 ], [ 4.89622, 52.34796 ], [ 4.89526, 52.34801 ], [ 4.89529, 52.34827 ], [ 4.89454, 52.35044 ], [ 4.89474, 52.35132 ], [ 4.89758, 52.35172 ] ] ] } },
{ "type": "Feature", "properties": { "buurtcode": "0363KG02", "buurtnaam": "Burgemeester Tellegenbuurt-Oost" }, "geometry": { "type": "Polygon", "coordinates": [ [ [ 4.90419, 52.34907 ], [ 4.8998, 52.34846 ], [ 4.89927, 52.34992 ], [ 4.89822, 52.35013 ], [ 4.89758, 52.35172 ], [ 4.89809, 52.35183 ], [ 4.89896, 52.3516 ], [ 4.90303, 52.35217 ], [ 4.90419, 52.34907 ] ] ] } },
{ "type": "Feature", "properties": { "buurtcode": "0363KG03", "buurtnaam": "Diamantbuurt" }, "geometry": { "type": "Polygon", "coordinates": [ [ [ 4.91024, 52.35136 ], [ 4.91106, 52.35003 ], [ 4.90419, 52.34907 ], [ 4.90303, 52.35217 ], [ 4.90521, 52.35261 ], [ 4.90836, 52.35339 ], [ 4.91024, 52.35136 ] ] ] } },
{ "type": "Feature", "properties": { "buurtcode": "0363KH01", "buurtnaam": "Bertelmanpleinbuurt" }, "geometry": { "type": "Polygon", "coordinates": [ [ [ 4.86158, 52.34973 ], [ 4.8611, 52.3496 ], [ 4.85885, 52.34763 ], [ 4.85757, 52.34742 ], [ 4.85741, 52.34983 ], [ 4.86091, 52.35076 ], [ 4.86158, 52.34973 ] ] ] } },
{ "type": "Feature", "properties": { "buurtcode": "0363KH02", "buurtnaam": "Olympisch Stadion e.o." }, "geometry": { "type": "Polygon", "coordinates": [ [ [ 4.85757, 52.34742 ], [ 4.85769, 52.34518 ], [ 4.85804, 52.34523 ], [ 4.85869, 52.3433 ], [ 4.85777, 52.34318 ], [ 4.85805, 52.34236 ], [ 4.85285, 52.34165 ], [ 4.85152, 52.34437 ], [ 4.85144, 52.3447 ], [ 4.85148, 52.34535 ], [ 4.85183, 52.34592 ], [ 4.85263, 52.34655 ], [ 4.8535, 52.34686 ], [ 4.85757, 52.34742 ] ] ] } },
{ "type": "Feature", "properties": { "buurtcode": "0363KH03", "buurtnaam": "Marathonbuurt-West" }, "geometry": { "type": "Polygon", "coordinates": [ [ [ 4.86547, 52.34661 ], [ 4.86567, 52.34626 ], [ 4.85769, 52.34518 ], [ 4.85757, 52.34742 ], [ 4.85885, 52.34763 ], [ 4.86012, 52.34874 ], [ 4.86547, 52.34661 ] ] ] } },
{ "type": "Feature", "properties": { "buurtcode": "0363KH04", "buurtnaam": "Marathonbuurt-Oost" }, "geometry": { "type": "Polygon", "coordinates": [ [ [ 4.86549, 52.35042 ], [ 4.86672, 52.35054 ], [ 4.86816, 52.34656 ], [ 4.86567, 52.34626 ], [ 4.86547, 52.34661 ], [ 4.86012, 52.34874 ], [ 4.8611, 52.3496 ], [ 4.8653, 52.35069 ], [ 4.86549, 52.35042 ] ] ] } },
{ "type": "Feature", "properties": { "buurtcode": "0363KH05", "buurtnaam": "Van Tuyllbuurt" }, "geometry": { "type": "Polygon", "coordinates": [ [ [ 4.86797, 52.34398 ], [ 4.86691, 52.34382 ], [ 4.863, 52.3426 ], [ 4.8625, 52.34252 ], [ 4.85947, 52.34254 ], [ 4.85805, 52.34236 ], [ 4.85777, 52.34318 ], [ 4.85869, 52.3433 ], [ 4.85804, 52.34523 ], [ 4.86708, 52.34645 ], [ 4.86797, 52.34398 ] ] ] } },
{ "type": "Feature", "properties": { "buurtcode": "0363KH06", "buurtnaam": "IJsbaanpad e.o." }, "geometry": { "type": "Polygon", "coordinates": [ [ [ 4.85202, 52.3434 ], [ 4.85285, 52.34165 ], [ 4.85729, 52.34225 ], [ 4.85746, 52.34153 ], [ 4.85715, 52.33988 ], [ 4.85711, 52.33892 ], [ 4.8533, 52.33873 ], [ 4.85334, 52.33858 ], [ 4.85325, 52.33858 ], [ 4.85316, 52.33883 ], [ 4.84851, 52.33847 ], [ 4.84821, 52.33838 ], [ 4.84813, 52.33823 ], [ 4.84697, 52.33814 ], [ 4.84678, 52.33973 ], [ 4.84686, 52.34083 ], [ 4.84764, 52.34219 ], [ 4.84818, 52.34277 ], [ 4.84979, 52.34292 ], [ 4.85202, 52.3434 ] ] ] } },
{ "type": "Feature", "properties": { "buurtcode": "0363KJ01", "buurtnaam": "Hiltonbuurt" }, "geometry": { "type": "Polygon", "coordinates": [ [ [ 4.87192, 52.35222 ], [ 4.87354, 52.35217 ], [ 4.87905, 52.35119 ], [ 4.87873, 52.35053 ], [ 4.87717, 52.35079 ], [ 4.86677, 52.35039 ], [ 4.86672, 52.35054 ], [ 4.86549, 52.35042 ], [ 4.8653, 52.35069 ], [ 4.87038, 52.35204 ], [ 4.87192, 52.35222 ] ] ] } },
{ "type": "Feature", "properties": { "buurtcode": "0363KJ02", "buurtnaam": "Minervabuurt-Noord" }, "geometry": { "type": "Polygon", "coordinates": [ [ [ 4.87736, 52.35077 ], [ 4.87873, 52.35053 ], [ 4.87854, 52.35026 ], [ 4.87724, 52.34905 ], [ 4.8674, 52.34867 ], [ 4.86677, 52.35039 ], [ 4.87736, 52.35077 ] ] ] } },
{ "type": "Feature", "properties": { "buurtcode": "0363KJ03", "buurtnaam": "Minervabuurt-Midden" }, "geometry": { "type": "Polygon", "coordinates": [ [ [ 4.87724, 52.34905 ], [ 4.87687, 52.3469 ], [ 4.86816, 52.34656 ], [ 4.8674, 52.34867 ], [ 4.87724, 52.34905 ] ] ] } },
{ "type": "Feature", "properties": { "buurtcode": "0363KJ04", "buurtnaam": "Minervabuurt-Zuid" }, "geometry": { "type": "Polygon", "coordinates": [ [ [ 4.87658, 52.34495 ], [ 4.8766, 52.34462 ], [ 4.87117, 52.34441 ], [ 4.86797, 52.34398 ], [ 4.86708, 52.34645 ], [ 4.86779, 52.34654 ], [ 4.87687, 52.3469 ], [ 4.87658, 52.34495 ] ] ] } },
{ "type": "Feature", "properties": { "buurtcode": "0363KJ05", "buurtnaam": "Beethovenbuurt" }, "geometry": { "type": "Polygon", "coordinates": [ [ [ 4.88368, 52.35036 ], [ 4.88478, 52.34955 ], [ 4.87965, 52.347 ], [ 4.87687, 52.3469 ], [ 4.8772, 52.34897 ], [ 4.87866, 52.3504 ], [ 4.87905, 52.35119 ], [ 4.88368, 52.35036 ] ] ] } },
{ "type": "Feature", "properties": { "buurtcode": "0363KJ06", "buurtnaam": "Diepenbrockbuurt" }, "geometry": { "type": "Polygon", "coordinates": [ [ [ 4.88628, 52.34847 ], [ 4.88572, 52.34438 ], [ 4.88444, 52.34441 ], [ 4.8836, 52.34452 ], [ 4.88354, 52.34434 ], [ 4.88294, 52.34443 ], [ 4.88236, 52.34478 ], [ 4.88258, 52.34498 ], [ 4.88243, 52.34509 ], [ 4.88225, 52.345 ], [ 4.88189, 52.34502 ], [ 4.88156, 52.34528 ], [ 4.88166, 52.3455 ], [ 4.88148, 52.34564 ], [ 4.88126, 52.34558 ], [ 4.8811, 52.34564 ], [ 4.88105, 52.34574 ], [ 4.88139, 52.34591 ], [ 4.88125, 52.34602 ], [ 4.87858, 52.34468 ], [ 4.8766, 52.34462 ], [ 4.87658, 52.34495 ], [ 4.87687, 52.3469 ], [ 4.87965, 52.347 ], [ 4.88478, 52.34955 ], [ 4.88628, 52.34847 ] ] ] } },
{ "type": "Feature", "properties": { "buurtcode": "0363KK01", "buurtnaam": "Wielingenbuurt" }, "geometry": { "type": "Polygon", "coordinates": [ [ [ 4.89128, 52.34823 ], [ 4.89068, 52.34425 ], [ 4.88574, 52.3445 ], [ 4.88628, 52.34847 ], [ 4.89128, 52.34823 ] ] ] } },
{ "type": "Feature", "properties": { "buurtcode": "0363KK02", "buurtnaam": "Scheldebuurt-West" }, "geometry": { "type": "Polygon", "coordinates": [ [ [ 4.89526, 52.34801 ], [ 4.89496, 52.34557 ], [ 4.89556, 52.34407 ], [ 4.89759, 52.34194 ], [ 4.89743, 52.34061 ], [ 4.89228, 52.34084 ], [ 4.89241, 52.34183 ], [ 4.89235, 52.3423 ], [ 4.89089, 52.34385 ], [ 4.89068, 52.34425 ], [ 4.89128, 52.34823 ], [ 4.89526, 52.34801 ] ] ] } },
{ "type": "Feature", "properties": { "buurtcode": "0363KK03", "buurtnaam": "Scheldebuurt-Midden" }, "geometry": { "type": "Polygon", "coordinates": [ [ [ 4.89999, 52.3467 ], [ 4.89982, 52.34553 ], [ 4.9021, 52.34319 ], [ 4.90206, 52.34286 ], [ 4.89957, 52.34293 ], [ 4.89902, 52.34301 ], [ 4.89718, 52.34238 ], [ 4.89549, 52.34416 ], [ 4.89496, 52.34557 ], [ 4.89512, 52.34694 ], [ 4.89999, 52.3467 ] ] ] } },
{ "type": "Feature", "properties": { "buurtcode": "0363KK04", "buurtnaam": "Scheldebuurt-Oost" }, "geometry": { "type": "Polygon", "coordinates": [ [ [ 4.90277, 52.34656 ], [ 4.90393, 52.34611 ], [ 4.90523, 52.34629 ], [ 4.90654, 52.34279 ], [ 4.90581, 52.34271 ], [ 4.90206, 52.34286 ], [ 4.9021, 52.34319 ], [ 4.89982, 52.34553 ], [ 4.89999, 52.3467 ], [ 4.90277, 52.34656 ] ] ] } },
{ "type": "Feature", "properties": { "buurtcode": "0363KK05", "buurtnaam": "Veluwebuurt" }, "geometry": { "type": "Polygon", "coordinates": [ [ [ 4.89443, 52.34075 ], [ 4.90176, 52.34038 ], [ 4.90146, 52.33805 ], [ 4.89415, 52.3384 ], [ 4.89443, 52.34075 ] ] ] } },
{ "type": "Feature", "properties": { "buurtcode": "0363KK06", "buurtnaam": "Kop Zuidas" }, "geometry": { "type": "Polygon", "coordinates": [ [ [ 4.89443, 52.34075 ], [ 4.89415, 52.3384 ], [ 4.89914, 52.33817 ], [ 4.89274, 52.33458 ], [ 4.89266, 52.33479 ], [ 4.89246, 52.33496 ], [ 4.89013, 52.33617 ], [ 4.89163, 52.33732 ], [ 4.89188, 52.33762 ], [ 4.89228, 52.34084 ], [ 4.89443, 52.34075 ] ] ] } },
{ "type": "Feature", "properties": { "buurtcode": "0363KL01", "buurtnaam": "IJselbuurt-West" }, "geometry": { "type": "Polygon", "coordinates": [ [ [ 4.90523, 52.34629 ], [ 4.90393, 52.34611 ], [ 4.90277, 52.34656 ], [ 4.89512, 52.34694 ], [ 4.89526, 52.34801 ], [ 4.89622, 52.34796 ], [ 4.90419, 52.34907 ], [ 4.90523, 52.34629 ] ] ] } },
{ "type": "Feature", "properties": { "buurtcode": "0363KL02", "buurtnaam": "IJselbuurt-Oost" }, "geometry": { "type": "Polygon", "coordinates": [ [ [ 4.91106, 52.35003 ], [ 4.9127, 52.34734 ], [ 4.90523, 52.34629 ], [ 4.90419, 52.34907 ], [ 4.91106, 52.35003 ] ] ] } },
{ "type": "Feature", "properties": { "buurtcode": "0363KM01", "buurtnaam": "Kromme Mijdrechtbuurt" }, "geometry": { "type": "Polygon", "coordinates": [ [ [ 4.9127, 52.34734 ], [ 4.91344, 52.3447 ], [ 4.91385, 52.34387 ], [ 4.91413, 52.34353 ], [ 4.90868, 52.34431 ], [ 4.90835, 52.34427 ], [ 4.90878, 52.34311 ], [ 4.90654, 52.34279 ], [ 4.90523, 52.34629 ], [ 4.9127, 52.34734 ] ] ] } },
{ "type": "Feature", "properties": { "buurtcode": "0363KM02", "buurtnaam": "Rijnbuurt-West" }, "geometry": { "type": "Polygon", "coordinates": [ [ [ 4.89902, 52.34301 ], [ 4.89957, 52.34293 ], [ 4.90206, 52.34286 ], [ 4.90176, 52.34038 ], [ 4.89743, 52.34061 ], [ 4.8976, 52.34189 ], [ 4.89718, 52.34238 ], [ 4.89902, 52.34301 ] ] ] } },
{ "type": "Feature", "properties": { "buurtcode": "0363KM03", "buurtnaam": "Rijnbuurt-Midden" }, "geometry": { "type": "Polygon", "coordinates": [ [ [ 4.90206, 52.34286 ], [ 4.90581, 52.34271 ], [ 4.90654, 52.34279 ], [ 4.90724, 52.34096 ], [ 4.90747, 52.34053 ], [ 4.90788, 52.34008 ], [ 4.90942, 52.33877 ], [ 4.90796, 52.33822 ], [ 4.90731, 52.33782 ], [ 4.90719, 52.33761 ], [ 4.90679, 52.33596 ], [ 4.90538, 52.33622 ], [ 4.90251, 52.33708 ], [ 4.90143, 52.3372 ], [ 4.89914, 52.33817 ], [ 4.90146, 52.33805 ], [ 4.90206, 52.34286 ] ] ] } },
{ "type": "Feature", "properties": { "buurtcode": "0363KM04", "buurtnaam": "Rijnbuurt-Oost" }, "geometry": { "type": "Polygon", "coordinates": [ [ [ 4.90868, 52.34431 ], [ 4.91413, 52.34353 ], [ 4.91486, 52.34264 ], [ 4.91494, 52.34243 ], [ 4.91496, 52.34186 ], [ 4.91486, 52.3416 ], [ 4.91404, 52.34058 ], [ 4.91262, 52.33973 ], [ 4.91201, 52.33951 ], [ 4.91007, 52.33904 ], [ 4.90942, 52.33877 ], [ 4.90788, 52.34008 ], [ 4.90747, 52.34053 ], [ 4.90724, 52.34096 ], [ 4.90654, 52.34279 ], [ 4.90878, 52.34311 ], [ 4.90835, 52.34427 ], [ 4.90868, 52.34431 ] ] ] } },
{ "type": "Feature", "properties": { "buurtcode": "0363KM05", "buurtnaam": "Zorgvlied" }, "geometry": { "type": "Polygon", "coordinates": [ [ [ 4.90036, 52.33761 ], [ 4.90156, 52.33717 ], [ 4.90251, 52.33708 ], [ 4.90538, 52.33622 ], [ 4.90679, 52.33596 ], [ 4.90648, 52.33547 ], [ 4.90555, 52.33449 ], [ 4.90477, 52.33385 ], [ 4.90425, 52.33357 ], [ 4.90285, 52.33338 ], [ 4.90115, 52.33344 ], [ 4.9002, 52.33338 ], [ 4.89929, 52.33315 ], [ 4.89875, 52.33279 ], [ 4.89742, 52.33345 ], [ 4.89671, 52.33298 ], [ 4.89625, 52.33333 ], [ 4.89486, 52.33396 ], [ 4.89442, 52.33405 ], [ 4.89385, 52.33406 ], [ 4.89308, 52.33386 ], [ 4.89266, 52.33427 ], [ 4.89274, 52.33458 ], [ 4.89914, 52.33817 ], [ 4.90036, 52.33761 ] ] ] } },
{ "type": "Feature", "properties": { "buurtcode": "0363KN01", "buurtnaam": "Prinses Irenebuurt" }, "geometry": { "type": "Polygon", "coordinates": [ [ [ 4.87847, 52.34401 ], [ 4.87817, 52.34359 ], [ 4.87831, 52.34179 ], [ 4.87605, 52.34181 ], [ 4.86498, 52.34139 ], [ 4.8648, 52.34316 ], [ 4.86719, 52.34387 ], [ 4.87117, 52.34441 ], [ 4.8784, 52.34468 ], [ 4.87847, 52.34401 ] ] ] } },
{ "type": "Feature", "properties": { "buurtcode": "0363KN02", "buurtnaam": "Beatrixpark" }, "geometry": { "type": "Polygon", "coordinates": [ [ [ 4.88125, 52.34602 ], [ 4.88139, 52.34591 ], [ 4.88105, 52.34574 ], [ 4.8811, 52.34564 ], [ 4.88126, 52.34558 ], [ 4.88148, 52.34564 ], [ 4.88166, 52.3455 ], [ 4.88156, 52.34528 ], [ 4.88189, 52.34502 ], [ 4.88225, 52.345 ], [ 4.88243, 52.34509 ], [ 4.88258, 52.34498 ], [ 4.88236, 52.34478 ], [ 4.88303, 52.3444 ], [ 4.88354, 52.34434 ], [ 4.8836, 52.34452 ], [ 4.88444, 52.34441 ], [ 4.88572, 52.34438 ], [ 4.8854, 52.342 ], [ 4.87831, 52.34179 ], [ 4.87817, 52.34359 ], [ 4.87847, 52.34401 ], [ 4.8784, 52.34468 ], [ 4.87858, 52.34468 ], [ 4.88125, 52.34602 ] ] ] } },
{ "type": "Feature", "properties": { "buurtcode": "0363KP01", "buurtnaam": "Zuidas-Noord" }, "geometry": { "type": "Polygon", "coordinates": [ [ [ 4.86498, 52.34139 ], [ 4.87605, 52.34181 ], [ 4.87903, 52.34177 ], [ 4.8854, 52.342 ], [ 4.88529, 52.34123 ], [ 4.88506, 52.34124 ], [ 4.88462, 52.33811 ], [ 4.88312, 52.33827 ], [ 4.88061, 52.33837 ], [ 4.87343, 52.33834 ], [ 4.86238, 52.33778 ], [ 4.86173, 52.33754 ], [ 4.86076, 52.33694 ], [ 4.8603, 52.33683 ], [ 4.85759, 52.337 ], [ 4.85758, 52.33885 ], [ 4.85709, 52.33883 ], [ 4.85715, 52.33988 ], [ 4.85746, 52.34153 ], [ 4.85729, 52.34225 ], [ 4.85947, 52.34254 ], [ 4.86265, 52.34253 ], [ 4.8648, 52.34316 ], [ 4.86498, 52.34139 ] ] ] } },
{ "type": "Feature", "properties": { "buurtcode": "0363KP02", "buurtnaam": "RAI" }, "geometry": { "type": "Polygon", "coordinates": [ [ [ 4.89068, 52.34425 ], [ 4.89089, 52.34385 ], [ 4.89223, 52.34246 ], [ 4.8924, 52.34215 ], [ 4.89193, 52.33777 ], [ 4.89177, 52.33745 ], [ 4.89013, 52.33617 ], [ 4.88757, 52.33738 ], [ 4.88607, 52.33784 ], [ 4.88462, 52.33811 ], [ 4.88506, 52.34124 ], [ 4.88529, 52.34123 ], [ 4.88574, 52.3445 ], [ 4.89068, 52.34425 ] ] ] } },
{ "type": "Feature", "properties": { "buurtcode": "0363KP03", "buurtnaam": "VU-kwartier" }, "geometry": { "type": "Polygon", "coordinates": [ [ [ 4.86883, 52.33499 ], [ 4.86884, 52.3321 ], [ 4.86181, 52.33208 ], [ 4.86181, 52.3323 ], [ 4.85744, 52.33229 ], [ 4.85741, 52.33427 ], [ 4.85756, 52.33538 ], [ 4.85759, 52.337 ], [ 4.86047, 52.33684 ], [ 4.86095, 52.33703 ], [ 4.86197, 52.33765 ], [ 4.86238, 52.33778 ], [ 4.86868, 52.33811 ], [ 4.86883, 52.33499 ] ] ] } },
{ "type": "Feature", "properties": { "buurtcode": "0363KP04", "buurtnaam": "Zuidas-Zuid" }, "geometry": { "type": "Polygon", "coordinates": [ [ [ 4.87664, 52.33837 ], [ 4.87671, 52.3378 ], [ 4.87702, 52.33712 ], [ 4.87865, 52.33509 ], [ 4.8769, 52.335 ], [ 4.86883, 52.33499 ], [ 4.86868, 52.33811 ], [ 4.87343, 52.33834 ], [ 4.87664, 52.33837 ] ] ] } },
{ "type": "Feature", "properties": { "buurtcode": "0363KP05", "buurtnaam": "Vivaldi" }, "geometry": { "type": "Polygon", "coordinates": [ [ [ 4.87664, 52.33837 ], [ 4.88192, 52.33832 ], [ 4.88422, 52.33817 ], [ 4.88607, 52.33784 ], [ 4.88757, 52.33738 ], [ 4.89013, 52.33617 ], [ 4.88999, 52.33586 ], [ 4.88998, 52.33469 ], [ 4.8845, 52.3347 ], [ 4.88016, 52.33518 ], [ 4.87865, 52.33509 ], [ 4.87702, 52.33712 ], [ 4.87671, 52.3378 ], [ 4.87664, 52.33837 ] ] ] } },
{ "type": "Feature", "properties": { "buurtcode": "0363KQ01", "buurtnaam": "Amsterdamse Bos" }, "geometry": { "type": "Polygon", "coordinates": [ [ [ 4.85104, 52.33714 ], [ 4.85126, 52.33688 ], [ 4.85215, 52.3362 ], [ 4.85327, 52.33484 ], [ 4.85405, 52.33443 ], [ 4.85407, 52.33434 ], [ 4.85393, 52.33415 ], [ 4.85454, 52.33382 ], [ 4.8547, 52.33362 ], [ 4.85503, 52.33362 ], [ 4.85619, 52.33029 ], [ 4.84801, 52.33057 ], [ 4.84756, 52.33005 ], [ 4.84524, 52.32968 ], [ 4.84396, 52.33022 ], [ 4.84052, 52.32959 ], [ 4.83948, 52.32915 ], [ 4.83963, 52.32756 ], [ 4.83941, 52.32755 ], [ 4.83941, 52.32736 ], [ 4.82606, 52.32593 ], [ 4.82518, 52.32573 ], [ 4.81989, 52.32576 ], [ 4.8197, 52.32573 ], [ 4.81947, 52.32557 ], [ 4.81843, 52.32556 ], [ 4.81771, 52.32644 ], [ 4.81712, 52.32693 ], [ 4.82213, 52.33082 ], [ 4.83555, 52.331 ], [ 4.83833, 52.33148 ], [ 4.84622, 52.33413 ], [ 4.84709, 52.33628 ], [ 4.84713, 52.3369 ], [ 4.84697, 52.33814 ], [ 4.84813, 52.33823 ], [ 4.84821, 52.33838 ], [ 4.84851, 52.33847 ], [ 4.85077, 52.33865 ], [ 4.85104, 52.33714 ] ] ] } },
{ "type": "Feature", "properties": { "buurtcode": "0363KQ02", "buurtnaam": "Zuiderhof" }, "geometry": { "type": "Polygon", "coordinates": [ [ [ 4.85709, 52.33883 ], [ 4.85758, 52.33885 ], [ 4.85756, 52.33538 ], [ 4.85741, 52.33427 ], [ 4.85742, 52.33361 ], [ 4.8547, 52.33362 ], [ 4.85454, 52.33382 ], [ 4.85393, 52.33415 ], [ 4.85407, 52.33434 ], [ 4.85405, 52.33443 ], [ 4.85327, 52.33484 ], [ 4.85215, 52.3362 ], [ 4.85126, 52.33688 ], [ 4.85104, 52.33714 ], [ 4.85077, 52.33865 ], [ 4.85316, 52.33883 ], [ 4.85325, 52.33858 ], [ 4.85334, 52.33858 ], [ 4.8533, 52.33873 ], [ 4.85709, 52.3389 ], [ 4.85709, 52.33883 ] ] ] } },
{ "type": "Feature", "properties": { "buurtcode": "0363KQ03", "buurtnaam": "Buitenveldert-West-Midden" }, "geometry": { "type": "Polygon", "coordinates": [ [ [ 4.85742, 52.33361 ], [ 4.85744, 52.33229 ], [ 4.86181, 52.3323 ], [ 4.86181, 52.33208 ], [ 4.86884, 52.3321 ], [ 4.86886, 52.32914 ], [ 4.86182, 52.32913 ], [ 4.86181, 52.33033 ], [ 4.86119, 52.33033 ], [ 4.86029, 52.33019 ], [ 4.8587, 52.33033 ], [ 4.85619, 52.33029 ], [ 4.85503, 52.33362 ], [ 4.85742, 52.33361 ] ] ] } },
{ "type": "Feature", "properties": { "buurtcode": "0363KQ04", "buurtnaam": "Gelderlandpleinbuurt" }, "geometry": { "type": "Polygon", "coordinates": [ [ [ 4.87916, 52.33442 ], [ 4.87935, 52.33405 ], [ 4.87945, 52.33361 ], [ 4.87947, 52.32938 ], [ 4.87726, 52.32933 ], [ 4.87726, 52.32924 ], [ 4.87598, 52.32923 ], [ 4.87598, 52.32915 ], [ 4.86886, 52.32914 ], [ 4.86883, 52.33499 ], [ 4.8769, 52.335 ], [ 4.87865, 52.33509 ], [ 4.87916, 52.33442 ] ] ] } },
{ "type": "Feature", "properties": { "buurtcode": "0363KQ05", "buurtnaam": "Buitenveldert-Zuidwest" }, "geometry": { "type": "Polygon", "coordinates": [ [ [ 4.8587, 52.33033 ], [ 4.86029, 52.33019 ], [ 4.86119, 52.33033 ], [ 4.86181, 52.33033 ], [ 4.86182, 52.32913 ], [ 4.86886, 52.32914 ], [ 4.86888, 52.32732 ], [ 4.86914, 52.32193 ], [ 4.85786, 52.32173 ], [ 4.85765, 52.32169 ], [ 4.85761, 52.32143 ], [ 4.85675, 52.32141 ], [ 4.85675, 52.32155 ], [ 4.85657, 52.32156 ], [ 4.85657, 52.32177 ], [ 4.85633, 52.32176 ], [ 4.85642, 52.32885 ], [ 4.85633, 52.32932 ], [ 4.85594, 52.33026 ], [ 4.8587, 52.33033 ] ] ] } },
{ "type": "Feature", "properties": { "buurtcode": "0363KQ06", "buurtnaam": "Buitenveldert-Zuid-Midden" }, "geometry": { "type": "Polygon", "coordinates": [ [ [ 4.87947, 52.32938 ], [ 4.87961, 52.32482 ], [ 4.87794, 52.32479 ], [ 4.87811, 52.32209 ], [ 4.86914, 52.32193 ], [ 4.86888, 52.32732 ], [ 4.86886, 52.32914 ], [ 4.87598, 52.32915 ], [ 4.87598, 52.32923 ], [ 4.87726, 52.32924 ], [ 4.87726, 52.32933 ], [ 4.87947, 52.32938 ] ] ] } },
{ "type": "Feature", "properties": { "buurtcode": "0363KR01", "buurtnaam": "De Klenckebuurt" }, "geometry": { "type": "Polygon", "coordinates": [ [ [ 4.88016, 52.33518 ], [ 4.8845, 52.3347 ], [ 4.88998, 52.33469 ], [ 4.88998, 52.33314 ], [ 4.87945, 52.33312 ], [ 4.87945, 52.33371 ], [ 4.87935, 52.33405 ], [ 4.87916, 52.33442 ], [ 4.87865, 52.33509 ], [ 4.88016, 52.33518 ] ] ] } },
{ "type": "Feature", "properties": { "buurtcode": "0363KR02", "buurtnaam": "Buitenveldert-Oost-Midden" }, "geometry": { "type": "Polygon", "coordinates": [ [ [ 4.88998, 52.33314 ], [ 4.88998, 52.3294 ], [ 4.87947, 52.32938 ], [ 4.87945, 52.33312 ], [ 4.88998, 52.33314 ] ] ] } },
{ "type": "Feature", "properties": { "buurtcode": "0363KR03", "buurtnaam": "Buitenveldert-Zuidoost" }, "geometry": { "type": "Polygon", "coordinates": [ [ [ 4.88998, 52.3294 ], [ 4.89012, 52.32496 ], [ 4.89116, 52.32498 ], [ 4.89132, 52.3245 ], [ 4.89199, 52.3238 ], [ 4.89301, 52.32237 ], [ 4.87811, 52.32209 ], [ 4.87794, 52.32479 ], [ 4.87961, 52.32482 ], [ 4.87947, 52.32938 ], [ 4.88998, 52.3294 ] ] ] } },
{ "type": "Feature", "properties": { "buurtcode": "0363KR04", "buurtnaam": "Amstelpark" }, "geometry": { "type": "Polygon", "coordinates": [ [ [ 4.89155, 52.33548 ], [ 4.89257, 52.33488 ], [ 4.89274, 52.33458 ], [ 4.89266, 52.33427 ], [ 4.89305, 52.33386 ], [ 4.89385, 52.33406 ], [ 4.89459, 52.33403 ], [ 4.89514, 52.33386 ], [ 4.89625, 52.33333 ], [ 4.89671, 52.33298 ], [ 4.89742, 52.33345 ], [ 4.89875, 52.33279 ], [ 4.89852, 52.33247 ], [ 4.89847, 52.33208 ], [ 4.89901, 52.33071 ], [ 4.89907, 52.33043 ], [ 4.89902, 52.32999 ], [ 4.89877, 52.32956 ], [ 4.89714, 52.32778 ], [ 4.89644, 52.3263 ], [ 4.89525, 52.3242 ], [ 4.89526, 52.32383 ], [ 4.89546, 52.32332 ], [ 4.89591, 52.3227 ], [ 4.89629, 52.32242 ], [ 4.89301, 52.32237 ], [ 4.89199, 52.3238 ], [ 4.89132, 52.3245 ], [ 4.89116, 52.32498 ], [ 4.89012, 52.32496 ], [ 4.88999, 52.32853 ], [ 4.89002, 52.33599 ], [ 4.89013, 52.33617 ], [ 4.89155, 52.33548 ] ] ] } },
{ "type": "Feature", "properties": { "buurtcode": "0363MA01", "buurtnaam": "Java-eiland" }, "geometry": { "type": "Polygon", "coordinates": [ [ [ 4.93698, 52.37777 ], [ 4.93742, 52.37642 ], [ 4.9387, 52.37524 ], [ 4.91986, 52.37851 ], [ 4.91754, 52.37861 ], [ 4.911, 52.37993 ], [ 4.9175, 52.38055 ], [ 4.93108, 52.38214 ], [ 4.93735, 52.38241 ], [ 4.93698, 52.37777 ] ] ] } },
{ "type": "Feature", "properties": { "buurtcode": "0363MA02", "buurtnaam": "KNSM-eiland" }, "geometry": { "type": "Polygon", "coordinates": [ [ [ 4.95498, 52.37648 ], [ 4.93994, 52.37503 ], [ 4.9387, 52.37524 ], [ 4.93742, 52.37642 ], [ 4.93698, 52.37777 ], [ 4.93735, 52.38241 ], [ 4.93983, 52.38251 ], [ 4.94958, 52.3825 ], [ 4.95242, 52.38257 ], [ 4.95498, 52.37648 ] ] ] } },
{ "type": "Feature", "properties": { "buurtcode": "0363MA03", "buurtnaam": "Oostelijke Handelskade" }, "geometry": { "type": "Polygon", "coordinates": [ [ [ 4.91754, 52.37861 ], [ 4.91986, 52.37851 ], [ 4.92905, 52.37692 ], [ 4.92769, 52.37391 ], [ 4.92404, 52.37508 ], [ 4.92154, 52.37553 ], [ 4.92156, 52.37558 ], [ 4.9205, 52.37569 ], [ 4.91411, 52.37671 ], [ 4.91198, 52.3768 ], [ 4.9119, 52.3771 ], [ 4.91208, 52.37718 ], [ 4.91198, 52.37758 ], [ 4.91115, 52.37764 ], [ 4.91059, 52.37991 ], [ 4.911, 52.37993 ], [ 4.91754, 52.37861 ] ] ] } },
{ "type": "Feature", "properties": { "buurtcode": "0363MA04", "buurtnaam": "Rietlanden" }, "geometry": { "type": "Polygon", "coordinates": [ [ [ 4.9387, 52.37524 ], [ 4.94015, 52.37405 ], [ 4.94022, 52.37388 ], [ 4.93997, 52.37368 ], [ 4.93844, 52.37351 ], [ 4.93849, 52.37114 ], [ 4.9337, 52.37109 ], [ 4.93294, 52.37055 ], [ 4.93291, 52.37067 ], [ 4.93277, 52.37073 ], [ 4.93262, 52.37128 ], [ 4.93232, 52.3717 ], [ 4.93239, 52.37178 ], [ 4.93225, 52.37196 ], [ 4.9321, 52.37198 ], [ 4.93174, 52.37235 ], [ 4.93117, 52.37275 ], [ 4.92985, 52.37334 ], [ 4.92769, 52.37391 ], [ 4.92905, 52.37692 ], [ 4.9387, 52.37524 ] ] ] } },
{ "type": "Feature", "properties": { "buurtcode": "0363MA05", "buurtnaam": "Sporenburg" }, "geometry": { "type": "Polygon", "coordinates": [ [ [ 4.95575, 52.37334 ], [ 4.95389, 52.37344 ], [ 4.95201, 52.37335 ], [ 4.93847, 52.37185 ], [ 4.93844, 52.37351 ], [ 4.93997, 52.37368 ], [ 4.94022, 52.37388 ], [ 4.94015, 52.37405 ], [ 4.9387, 52.37524 ], [ 4.93994, 52.37503 ], [ 4.95498, 52.37648 ], [ 4.95575, 52.37334 ] ] ] } },
{ "type": "Feature", "properties": { "buurtcode": "0363MA06", "buurtnaam": "Borneo" }, "geometry": { "type": "Polygon", "coordinates": [ [ [ 4.95452, 52.37343 ], [ 4.95144, 52.37054 ], [ 4.94088, 52.36995 ], [ 4.93852, 52.36992 ], [ 4.93847, 52.37185 ], [ 4.95201, 52.37335 ], [ 4.95452, 52.37343 ] ] ] } },
{ "type": "Feature", "properties": { "buurtcode": "0363MA07", "buurtnaam": "Entrepot-Noordwest" }, "geometry": { "type": "Polygon", "coordinates": [ [ [ 4.93849, 52.37114 ], [ 4.93855, 52.36855 ], [ 4.93416, 52.36849 ], [ 4.93419, 52.36724 ], [ 4.93198, 52.36723 ], [ 4.93219, 52.36757 ], [ 4.93209, 52.36767 ], [ 4.93259, 52.3685 ], [ 4.93282, 52.36907 ], [ 4.93295, 52.3699 ], [ 4.93294, 52.37055 ], [ 4.93366, 52.37108 ], [ 4.93849, 52.37114 ] ] ] } },
{ "type": "Feature", "properties": { "buurtcode": "0363MA08", "buurtnaam": "Bedrijvengebied Veelaan" }, "geometry": { "type": "Polygon", "coordinates": [ [ [ 4.93416, 52.36849 ], [ 4.93945, 52.36855 ], [ 4.93947, 52.36728 ], [ 4.93419, 52.36724 ], [ 4.93416, 52.36849 ] ] ] } },
{ "type": "Feature", "properties": { "buurtcode": "0363MA09", "buurtnaam": "Architectenbuurt" }, "geometry": { "type": "Polygon", "coordinates": [ [ [ 4.94565, 52.36884 ], [ 4.9458, 52.36869 ], [ 4.94609, 52.36862 ], [ 4.94613, 52.36736 ], [ 4.93947, 52.36728 ], [ 4.93945, 52.36855 ], [ 4.93855, 52.36855 ], [ 4.93852, 52.36992 ], [ 4.94088, 52.36995 ], [ 4.94558, 52.37021 ], [ 4.94565, 52.36884 ] ] ] } },
{ "type": "Feature", "properties": { "buurtcode": "0363MA10", "buurtnaam": "Cruquiusbuurt" }, "geometry": { "type": "Polygon", "coordinates": [ [ [ 4.95452, 52.37343 ], [ 4.95575, 52.37334 ], [ 4.95668, 52.36953 ], [ 4.95669, 52.36899 ], [ 4.95657, 52.36846 ], [ 4.95594, 52.36794 ], [ 4.95542, 52.36767 ], [ 4.95438, 52.36744 ], [ 4.94613, 52.36736 ], [ 4.94609, 52.36862 ], [ 4.9458, 52.36869 ], [ 4.94565, 52.36884 ], [ 4.94558, 52.37021 ], [ 4.95144, 52.37054 ], [ 4.95452, 52.37343 ] ] ] } },
{ "type": "Feature", "properties": { "buurtcode": "0363MA11", "buurtnaam": "Bedrijvengebied Zeeburgerkade" }, "geometry": { "type": "Polygon", "coordinates": [ [ [ 4.95188, 52.367 ], [ 4.94998, 52.3667 ], [ 4.93158, 52.36657 ], [ 4.93198, 52.36723 ], [ 4.95187, 52.36741 ], [ 4.95188, 52.367 ] ] ] } },
{ "type": "Feature", "properties": { "buurtcode": "0363MB01", "buurtnaam": "Weesperzijde-Noord" }, "geometry": { "type": "Polygon", "coordinates": [ [ [ 4.91087, 52.3564 ], [ 4.90655, 52.35538 ], [ 4.90605, 52.35617 ], [ 4.90463, 52.35921 ], [ 4.9065, 52.35966 ], [ 4.90764, 52.36037 ], [ 4.90832, 52.36059 ], [ 4.91087, 52.3564 ] ] ] } },
{ "type": "Feature", "properties": { "buurtcode": "0363MB02", "buurtnaam": "Weesperzijde-Midden/Zuid" }, "geometry": { "type": "Polygon", "coordinates": [ [ [ 4.91087, 52.3564 ], [ 4.91359, 52.3518 ], [ 4.91384, 52.35158 ], [ 4.91649, 52.35002 ], [ 4.91223, 52.34811 ], [ 4.91024, 52.35136 ], [ 4.90655, 52.35538 ], [ 4.91087, 52.3564 ] ] ] } },
{ "type": "Feature", "properties": { "buurtcode": "0363MB03", "buurtnaam": "Parooldriehoek" }, "geometry": { "type": "Polygon", "coordinates": [ [ [ 4.91202, 52.3558 ], [ 4.91312, 52.35536 ], [ 4.9143, 52.35515 ], [ 4.91459, 52.35488 ], [ 4.91589, 52.35425 ], [ 4.9152, 52.35362 ], [ 4.91472, 52.35283 ], [ 4.91459, 52.35237 ], [ 4.91456, 52.35183 ], [ 4.91472, 52.35109 ], [ 4.91384, 52.35158 ], [ 4.91359, 52.3518 ], [ 4.91132, 52.35563 ], [ 4.91202, 52.3558 ] ] ] } },
{ "type": "Feature", "properties": { "buurtcode": "0363MC01", "buurtnaam": "Oosterparkbuurt-Noordwest" }, "geometry": { "type": "Polygon", "coordinates": [ [ [ 4.91581, 52.36049 ], [ 4.91744, 52.35804 ], [ 4.91087, 52.3564 ], [ 4.90832, 52.36059 ], [ 4.90881, 52.36066 ], [ 4.90964, 52.36058 ], [ 4.91025, 52.36062 ], [ 4.91083, 52.36079 ], [ 4.91162, 52.36122 ], [ 4.91403, 52.36149 ], [ 4.91508, 52.36179 ], [ 4.91581, 52.36049 ] ] ] } },
{ "type": "Feature", "properties": { "buurtcode": "0363MC02", "buurtnaam": "Oosterpark" }, "geometry": { "type": "Polygon", "coordinates": [ [ [ 4.92231, 52.36376 ], [ 4.92357, 52.36278 ], [ 4.92412, 52.36164 ], [ 4.92529, 52.36003 ], [ 4.91744, 52.35804 ], [ 4.91614, 52.35994 ], [ 4.91508, 52.36179 ], [ 4.91624, 52.36207 ], [ 4.9178, 52.36214 ], [ 4.91842, 52.36227 ], [ 4.91902, 52.36255 ], [ 4.91971, 52.36314 ], [ 4.92004, 52.36329 ], [ 4.92176, 52.36352 ], [ 4.92231, 52.36376 ] ] ] } },
{ "type": "Feature", "properties": { "buurtcode": "0363MC03", "buurtnaam": "Oosterparkbuurt-Zuidwest" }, "geometry": { "type": "Polygon", "coordinates": [ [ [ 4.91918, 52.35565 ], [ 4.91704, 52.355 ], [ 4.91575, 52.35432 ], [ 4.91459, 52.35488 ], [ 4.9143, 52.35515 ], [ 4.91312, 52.35536 ], [ 4.91202, 52.3558 ], [ 4.91132, 52.35563 ], [ 4.91087, 52.3564 ], [ 4.91744, 52.35804 ], [ 4.91918, 52.35565 ] ] ] } },
{ "type": "Feature", "properties": { "buurtcode": "0363MC04", "buurtnaam": "Oosterparkbuurt-Zuidoost" }, "geometry": { "type": "Polygon", "coordinates": [ [ [ 4.92529, 52.36003 ], [ 4.92669, 52.35787 ], [ 4.91918, 52.35565 ], [ 4.91744, 52.35804 ], [ 4.92529, 52.36003 ] ] ] } },
{ "type": "Feature", "properties": { "buurtcode": "0363MD01", "buurtnaam": "Transvaalbuurt-West" }, "geometry": { "type": "Polygon", "coordinates": [ [ [ 4.92002, 52.35463 ], [ 4.9203, 52.35397 ], [ 4.92017, 52.35352 ], [ 4.92161, 52.35233 ], [ 4.91649, 52.35002 ], [ 4.91472, 52.35109 ], [ 4.91456, 52.35183 ], [ 4.91465, 52.35261 ], [ 4.91511, 52.35351 ], [ 4.91589, 52.35425 ], [ 4.91575, 52.35432 ], [ 4.91704, 52.355 ], [ 4.91918, 52.35565 ], [ 4.92002, 52.35463 ] ] ] } },
{ "type": "Feature", "properties": { "buurtcode": "0363MD02", "buurtnaam": "Transvaalbuurt-Oost" }, "geometry": { "type": "Polygon", "coordinates": [ [ [ 4.92669, 52.35787 ], [ 4.92823, 52.35534 ], [ 4.92161, 52.35233 ], [ 4.92017, 52.35352 ], [ 4.9203, 52.35391 ], [ 4.92017, 52.35437 ], [ 4.91918, 52.35565 ], [ 4.92669, 52.35787 ] ] ] } },
{ "type": "Feature", "properties": { "buurtcode": "0363ME01", "buurtnaam": "Dapperbuurt-Noord" }, "geometry": { "type": "Polygon", "coordinates": [ [ [ 4.93172, 52.36595 ], [ 4.93181, 52.3659 ], [ 4.93178, 52.36581 ], [ 4.93132, 52.36496 ], [ 4.93126, 52.36462 ], [ 4.93133, 52.36356 ], [ 4.93121, 52.36349 ], [ 4.93122, 52.36338 ], [ 4.93034, 52.36329 ], [ 4.92398, 52.36193 ], [ 4.92349, 52.36289 ], [ 4.92231, 52.36376 ], [ 4.9266, 52.36627 ], [ 4.92713, 52.36646 ], [ 4.93209, 52.36657 ], [ 4.93172, 52.36595 ] ] ] } },
{ "type": "Feature", "properties": { "buurtcode": "0363ME02", "buurtnaam": "Dapperbuurt-Zuid" }, "geometry": { "type": "Polygon", "coordinates": [ [ [ 4.93124, 52.36327 ], [ 4.9314, 52.36322 ], [ 4.93113, 52.36253 ], [ 4.93086, 52.36145 ], [ 4.93028, 52.36031 ], [ 4.92989, 52.35978 ], [ 4.92927, 52.35921 ], [ 4.92846, 52.35863 ], [ 4.92759, 52.35819 ], [ 4.92669, 52.35787 ], [ 4.92398, 52.36193 ], [ 4.93034, 52.36329 ], [ 4.93122, 52.36338 ], [ 4.93124, 52.36327 ] ] ] } },
{ "type": "Feature", "properties": { "buurtcode": "0363ME03", "buurtnaam": "Oostpoort" }, "geometry": { "type": "Polygon", "coordinates": [ [ [ 4.9314, 52.36322 ], [ 4.93166, 52.36225 ], [ 4.93207, 52.36146 ], [ 4.93202, 52.36134 ], [ 4.93212, 52.3612 ], [ 4.93231, 52.36091 ], [ 4.9325, 52.36083 ], [ 4.93334, 52.35994 ], [ 4.93417, 52.35932 ], [ 4.93487, 52.35889 ], [ 4.93486, 52.35884 ], [ 4.93501, 52.35877 ], [ 4.93516, 52.3588 ], [ 4.93743, 52.35774 ], [ 4.93714, 52.35769 ], [ 4.93702, 52.35758 ], [ 4.92987, 52.35607 ], [ 4.92823, 52.35534 ], [ 4.92669, 52.35787 ], [ 4.92759, 52.35819 ], [ 4.92846, 52.35863 ], [ 4.92927, 52.35921 ], [ 4.92989, 52.35978 ], [ 4.93028, 52.36031 ], [ 4.93086, 52.36145 ], [ 4.93113, 52.36253 ], [ 4.9314, 52.36322 ] ] ] } },
{ "type": "Feature", "properties": { "buurtcode": "0363MF01", "buurtnaam": "Timorpleinbuurt-Noord" }, "geometry": { "type": "Polygon", "coordinates": [ [ [ 4.93954, 52.36378 ], [ 4.93435, 52.36371 ], [ 4.93122, 52.36338 ], [ 4.93121, 52.36349 ], [ 4.93133, 52.36356 ], [ 4.93126, 52.36462 ], [ 4.93132, 52.36496 ], [ 4.93178, 52.36581 ], [ 4.93181, 52.3659 ], [ 4.93172, 52.36595 ], [ 4.93209, 52.36657 ], [ 4.93946, 52.36665 ], [ 4.93954, 52.36378 ] ] ] } },
{ "type": "Feature", "properties": { "buurtcode": "0363MF02", "buurtnaam": "Timorpleinbuurt-Zuid" }, "geometry": { "type": "Polygon", "coordinates": [ [ [ 4.93958, 52.36213 ], [ 4.93974, 52.36164 ], [ 4.93637, 52.36117 ], [ 4.93212, 52.3612 ], [ 4.93202, 52.36134 ], [ 4.93207, 52.36146 ], [ 4.93166, 52.36225 ], [ 4.9314, 52.36322 ], [ 4.93124, 52.36327 ], [ 4.93122, 52.36338 ], [ 4.93435, 52.36371 ], [ 4.93954, 52.36378 ], [ 4.93958, 52.36213 ] ] ] } },
{ "type": "Feature", "properties": { "buurtcode": "0363MF03", "buurtnaam": "Ambonpleinbuurt" }, "geometry": { "type": "Polygon", "coordinates": [ [ [ 4.94094, 52.35841 ], [ 4.94046, 52.35838 ], [ 4.93743, 52.35774 ], [ 4.93516, 52.3588 ], [ 4.93501, 52.35877 ], [ 4.93486, 52.35884 ], [ 4.93487, 52.35889 ], [ 4.93417, 52.35932 ], [ 4.93334, 52.35994 ], [ 4.9325, 52.36083 ], [ 4.93231, 52.36091 ], [ 4.93212, 52.3612 ], [ 4.93637, 52.36117 ], [ 4.93974, 52.36164 ], [ 4.94094, 52.35841 ] ] ] } },
{ "type": "Feature", "properties": { "buurtcode": "0363MG01", "buurtnaam": "Makassarpleinbuurt" }, "geometry": { "type": "Polygon", "coordinates": [ [ [ 4.94615, 52.36618 ], [ 4.94719, 52.36617 ], [ 4.94762, 52.36608 ], [ 4.94792, 52.3659 ], [ 4.9485, 52.36526 ], [ 4.94799, 52.36505 ], [ 4.94762, 52.36469 ], [ 4.94693, 52.36292 ], [ 4.94678, 52.36274 ], [ 4.94639, 52.36258 ], [ 4.93974, 52.36164 ], [ 4.93958, 52.36213 ], [ 4.93946, 52.36665 ], [ 4.94614, 52.36667 ], [ 4.94615, 52.36618 ] ] ] } },
{ "type": "Feature", "properties": { "buurtcode": "0363MG02", "buurtnaam": "Zeeburgerdijk-Oost" }, "geometry": { "type": "Polygon", "coordinates": [ [ [ 4.95698, 52.36727 ], [ 4.9573, 52.3659 ], [ 4.95177, 52.36541 ], [ 4.9485, 52.36526 ], [ 4.94792, 52.3659 ], [ 4.94762, 52.36608 ], [ 4.94719, 52.36617 ], [ 4.94615, 52.36618 ], [ 4.94614, 52.36667 ], [ 4.94998, 52.3667 ], [ 4.95188, 52.367 ], [ 4.95187, 52.36741 ], [ 4.95438, 52.36744 ], [ 4.9549, 52.36752 ], [ 4.95576, 52.36783 ], [ 4.95657, 52.36846 ], [ 4.95698, 52.36727 ] ] ] } },
{ "type": "Feature", "properties": { "buurtcode": "0363MG03", "buurtnaam": "Sumatraplantsoenbuurt" }, "geometry": { "type": "Polygon", "coordinates": [ [ [ 4.94468, 52.35826 ], [ 4.94094, 52.35841 ], [ 4.93974, 52.36164 ], [ 4.94592, 52.36251 ], [ 4.94468, 52.35826 ] ] ] } },
{ "type": "Feature", "properties": { "buurtcode": "0363MG04", "buurtnaam": "Flevopark" }, "geometry": { "type": "Polygon", "coordinates": [ [ [ 4.95752, 52.36499 ], [ 4.96131, 52.35913 ], [ 4.95944, 52.35823 ], [ 4.95908, 52.35794 ], [ 4.95854, 52.35779 ], [ 4.95708, 52.35777 ], [ 4.95294, 52.35791 ], [ 4.94468, 52.35826 ], [ 4.94592, 52.36251 ], [ 4.94651, 52.36261 ], [ 4.94685, 52.3628 ], [ 4.94762, 52.36469 ], [ 4.94809, 52.36512 ], [ 4.94894, 52.36533 ], [ 4.95177, 52.36541 ], [ 4.9573, 52.3659 ], [ 4.95752, 52.36499 ] ] ] } },
{ "type": "Feature", "properties": { "buurtcode": "0363MH01", "buurtnaam": "Sluisbuurt" }, "geometry": { "type": "Polygon", "coordinates": [ [ [ 4.95841, 52.38247 ], [ 4.95965, 52.38209 ], [ 4.96115, 52.38141 ], [ 4.96108, 52.38133 ], [ 4.9614, 52.38117 ], [ 4.96088, 52.38135 ], [ 4.96074, 52.38123 ], [ 4.96081, 52.38116 ], [ 4.9603, 52.38139 ], [ 4.9602, 52.38131 ], [ 4.96038, 52.38123 ], [ 4.95996, 52.38097 ], [ 4.95955, 52.38093 ], [ 4.95899, 52.38107 ], [ 4.95886, 52.38096 ], [ 4.95907, 52.38082 ], [ 4.95874, 52.3806 ], [ 4.96186, 52.37977 ], [ 4.96174, 52.37961 ], [ 4.95884, 52.38038 ], [ 4.95871, 52.38016 ], [ 4.96163, 52.37939 ], [ 4.96139, 52.37906 ], [ 4.96115, 52.37913 ], [ 4.96125, 52.37928 ], [ 4.95997, 52.37964 ], [ 4.95986, 52.37947 ], [ 4.96163, 52.3785 ], [ 4.96175, 52.37859 ], [ 4.96197, 52.37846 ], [ 4.96186, 52.37838 ], [ 4.96344, 52.37754 ], [ 4.96472, 52.37688 ], [ 4.96655, 52.37826 ], [ 4.96661, 52.37823 ], [ 4.96397, 52.37625 ], [ 4.96302, 52.37523 ], [ 4.96263, 52.37453 ], [ 4.96241, 52.37384 ], [ 4.96235, 52.37205 ], [ 4.95719, 52.37312 ], [ 4.95575, 52.37334 ], [ 4.95498, 52.37648 ], [ 4.95242, 52.38257 ], [ 4.95671, 52.38265 ], [ 4.95841, 52.38247 ] ] ] } },
{ "type": "Feature", "properties": { "buurtcode": "0363MH02", "buurtnaam": "Sportheldenbuurt" }, "geometry": { "type": "Polygon", "coordinates": [ [ [ 4.96667, 52.3782 ], [ 4.96481, 52.37683 ], [ 4.96973, 52.37424 ], [ 4.96969, 52.37421 ], [ 4.97225, 52.37292 ], [ 4.96797, 52.3698 ], [ 4.96496, 52.37134 ], [ 4.96382, 52.37172 ], [ 4.96235, 52.37205 ], [ 4.96241, 52.37384 ], [ 4.96263, 52.37453 ], [ 4.96302, 52.37523 ], [ 4.96397, 52.37625 ], [ 4.96661, 52.37823 ], [ 4.96667, 52.3782 ] ] ] } },
{ "type": "Feature", "properties": { "buurtcode": "0363MH03", "buurtnaam": "Oostpunt Zeeburgereiland" }, "geometry": { "type": "Polygon", "coordinates": [ [ [ 4.97436, 52.37411 ], [ 4.97402, 52.37196 ], [ 4.97594, 52.37088 ], [ 4.97796, 52.3699 ], [ 4.9812, 52.36864 ], [ 4.98349, 52.36795 ], [ 4.98575, 52.3674 ], [ 4.98955, 52.36677 ], [ 4.99299, 52.36648 ], [ 4.99725, 52.36647 ], [ 4.99733, 52.36639 ], [ 4.99643, 52.36633 ], [ 4.99347, 52.36635 ], [ 4.99059, 52.36656 ], [ 4.98787, 52.36693 ], [ 4.9857, 52.36732 ], [ 4.98367, 52.36779 ], [ 4.98215, 52.36822 ], [ 4.97968, 52.36906 ], [ 4.979, 52.36878 ], [ 4.97863, 52.36872 ], [ 4.97397, 52.36867 ], [ 4.97359, 52.36852 ], [ 4.9733, 52.36801 ], [ 4.97326, 52.3677 ], [ 4.97507, 52.36673 ], [ 4.97494, 52.36662 ], [ 4.97583, 52.36608 ], [ 4.97586, 52.366 ], [ 4.97576, 52.36588 ], [ 4.97686, 52.36527 ], [ 4.97664, 52.36513 ], [ 4.96797, 52.3698 ], [ 4.97225, 52.37292 ], [ 4.97364, 52.37217 ], [ 4.97394, 52.37434 ], [ 4.97436, 52.37411 ] ] ] } },
{ "type": "Feature", "properties": { "buurtcode": "0363MH04", "buurtnaam": "Baaibuurt-West" }, "geometry": { "type": "Polygon", "coordinates": [ [ [ 4.95719, 52.37312 ], [ 4.96235, 52.37205 ], [ 4.96237, 52.36949 ], [ 4.9623, 52.36823 ], [ 4.96219, 52.36789 ], [ 4.96189, 52.36742 ], [ 4.96119, 52.3668 ], [ 4.96059, 52.36648 ], [ 4.95973, 52.36618 ], [ 4.9573, 52.3659 ], [ 4.95698, 52.36727 ], [ 4.95657, 52.36846 ], [ 4.95669, 52.36899 ], [ 4.95668, 52.36953 ], [ 4.95575, 52.37334 ], [ 4.95719, 52.37312 ] ], [ [ 4.96226, 52.36857 ], [ 4.95839, 52.36852 ], [ 4.95801, 52.36843 ], [ 4.95788, 52.36818 ], [ 4.95796, 52.36769 ], [ 4.95778, 52.36766 ], [ 4.95781, 52.36751 ], [ 4.95801, 52.36752 ], [ 4.95816, 52.36687 ], [ 4.95943, 52.36711 ], [ 4.95948, 52.36694 ], [ 4.95965, 52.36687 ], [ 4.95955, 52.36646 ], [ 4.95822, 52.36617 ], [ 4.95824, 52.36608 ], [ 4.95891, 52.36609 ], [ 4.95961, 52.36621 ], [ 4.96023, 52.36639 ], [ 4.9611, 52.36682 ], [ 4.96168, 52.36727 ], [ 4.96201, 52.36769 ], [ 4.96223, 52.36822 ], [ 4.96226, 52.36857 ] ] ] } },
{ "type": "Feature", "properties": { "buurtcode": "0363MH05", "buurtnaam": "Baaibuurt-Oost" }, "geometry": { "type": "Polygon", "coordinates": [ [ [ 4.96235, 52.37205 ], [ 4.9644, 52.37154 ], [ 4.96561, 52.37104 ], [ 4.97664, 52.36513 ], [ 4.97639, 52.365 ], [ 4.97561, 52.36541 ], [ 4.97555, 52.36538 ], [ 4.97526, 52.36554 ], [ 4.97497, 52.36548 ], [ 4.97435, 52.36582 ], [ 4.97341, 52.3653 ], [ 4.97263, 52.36509 ], [ 4.97241, 52.36523 ], [ 4.97165, 52.3649 ], [ 4.97103, 52.36434 ], [ 4.97036, 52.36328 ], [ 4.96974, 52.36353 ], [ 4.97017, 52.36442 ], [ 4.97019, 52.36503 ], [ 4.96979, 52.36571 ], [ 4.96932, 52.3657 ], [ 4.96891, 52.36619 ], [ 4.96876, 52.36651 ], [ 4.96873, 52.36682 ], [ 4.96879, 52.36712 ], [ 4.96916, 52.36759 ], [ 4.96989, 52.36818 ], [ 4.96913, 52.36863 ], [ 4.96239, 52.36857 ], [ 4.96227, 52.36799 ], [ 4.96207, 52.36759 ], [ 4.96178, 52.36722 ], [ 4.96135, 52.36692 ], [ 4.962, 52.36757 ], [ 4.9623, 52.36823 ], [ 4.96237, 52.36949 ], [ 4.96235, 52.37205 ] ] ] } },
{ "type": "Feature", "properties": { "buurtcode": "0363MH06", "buurtnaam": "Bovendiep/Diemerpark" }, "geometry": { "type": "MultiPolygon", "coordinates": [ [ [ [ 4.96093, 52.36663 ], [ 4.96059, 52.36648 ], [ 4.96138, 52.3669 ], [ 4.96093, 52.36663 ] ] ], [ [ [ 4.96014, 52.3663 ], [ 4.95986, 52.36621 ], [ 4.95973, 52.36618 ], [ 4.96059, 52.36648 ], [ 4.96014, 52.3663 ] ] ], [ [ [ 4.95932, 52.36609 ], [ 4.95852, 52.36599 ], [ 4.95828, 52.36593 ], [ 4.95829, 52.36587 ], [ 4.9585, 52.36576 ], [ 4.95894, 52.36573 ], [ 4.96018, 52.366 ], [ 4.96084, 52.36605 ], [ 4.96109, 52.36599 ], [ 4.96146, 52.36564 ], [ 4.96147, 52.36519 ], [ 4.96162, 52.36511 ], [ 4.96209, 52.36512 ], [ 4.96221, 52.36495 ], [ 4.96235, 52.3645 ], [ 4.96227, 52.3642 ], [ 4.96216, 52.36409 ], [ 4.96153, 52.36389 ], [ 4.96163, 52.3638 ], [ 4.96149, 52.36368 ], [ 4.96088, 52.36379 ], [ 4.96006, 52.36414 ], [ 4.95979, 52.36441 ], [ 4.9594, 52.36509 ], [ 4.95927, 52.36505 ], [ 4.9597, 52.36432 ], [ 4.95998, 52.36405 ], [ 4.9608, 52.3637 ], [ 4.96219, 52.36331 ], [ 4.96486, 52.36199 ], [ 4.96835, 52.36095 ], [ 4.96974, 52.36353 ], [ 4.97036, 52.36328 ], [ 4.96895, 52.36085 ], [ 4.96917, 52.36072 ], [ 4.96937, 52.3608 ], [ 4.97033, 52.3608 ], [ 4.97153, 52.36069 ], [ 4.97302, 52.36073 ], [ 4.97377, 52.36066 ], [ 4.97381, 52.3605 ], [ 4.97416, 52.36027 ], [ 4.974, 52.35998 ], [ 4.97411, 52.35993 ], [ 4.97422, 52.35883 ], [ 4.97416, 52.35804 ], [ 4.97406, 52.35796 ], [ 4.97419, 52.35777 ], [ 4.97471, 52.35766 ], [ 4.97527, 52.35715 ], [ 4.97642, 52.35732 ], [ 4.9782, 52.35741 ], [ 4.97974, 52.35767 ], [ 4.9811, 52.35756 ], [ 4.98276, 52.35784 ], [ 4.98329, 52.35807 ], [ 4.98419, 52.35794 ], [ 4.98429, 52.35809 ], [ 4.98447, 52.3581 ], [ 4.98567, 52.35767 ], [ 4.98584, 52.35752 ], [ 4.98596, 52.35719 ], [ 4.9859, 52.35679 ], [ 4.9857, 52.35655 ], [ 4.98505, 52.35616 ], [ 4.98507, 52.35597 ], [ 4.98486, 52.35596 ], [ 4.98478, 52.35588 ], [ 4.98491, 52.35578 ], [ 4.98491, 52.35562 ], [ 4.98504, 52.3555 ], [ 4.98516, 52.35512 ], [ 4.98588, 52.35474 ], [ 4.98702, 52.35447 ], [ 4.9875, 52.35407 ], [ 4.98745, 52.35399 ], [ 4.98869, 52.35383 ], [ 4.9891, 52.35333 ], [ 4.9898, 52.35293 ], [ 4.99171, 52.35239 ], [ 4.99183, 52.35221 ], [ 4.99175, 52.35215 ], [ 4.9922, 52.35184 ], [ 4.99223, 52.35157 ], [ 4.99429, 52.35008 ], [ 4.99578, 52.34982 ], [ 4.99695, 52.3488 ], [ 4.997, 52.34847 ], [ 4.99722, 52.348 ], [ 4.99793, 52.34728 ], [ 4.99839, 52.34635 ], [ 5.00055, 52.34486 ], [ 5.00097, 52.34464 ], [ 5.00249, 52.34412 ], [ 5.0036, 52.34405 ], [ 5.00512, 52.34364 ], [ 5.00581, 52.34356 ], [ 5.00793, 52.34366 ], [ 5.0093, 52.34404 ], [ 5.01065, 52.3441 ], [ 5.0123, 52.34394 ], [ 5.01225, 52.34369 ], [ 5.01191, 52.34328 ], [ 5.01112, 52.34273 ], [ 5.00974, 52.34208 ], [ 5.00907, 52.34189 ], [ 5.00821, 52.34186 ], [ 5.00555, 52.34245 ], [ 5.00416, 52.34258 ], [ 5.00212, 52.34242 ], [ 5.00072, 52.3422 ], [ 4.99991, 52.34193 ], [ 4.99932, 52.34154 ], [ 4.99373, 52.34442 ], [ 4.97415, 52.35483 ], [ 4.97218, 52.35555 ], [ 4.97039, 52.35596 ], [ 4.97043, 52.35601 ], [ 4.96959, 52.3561 ], [ 4.96971, 52.35636 ], [ 4.9668, 52.35692 ], [ 4.96454, 52.35747 ], [ 4.9623, 52.35839 ], [ 4.96131, 52.35913 ], [ 4.95752, 52.36499 ], [ 4.9573, 52.3659 ], [ 4.95973, 52.36618 ], [ 4.95932, 52.36609 ] ] ] ] } },
{ "type": "Feature", "properties": { "buurtcode": "0363MJ01", "buurtnaam": "Steigereiland-Zuid" }, "geometry": { "type": "Polygon", "coordinates": [ [ [ 4.97664, 52.36513 ], [ 4.97962, 52.3636 ], [ 4.98641, 52.35997 ], [ 4.9861, 52.35979 ], [ 4.98555, 52.3601 ], [ 4.98531, 52.36005 ], [ 4.98477, 52.36035 ], [ 4.98044, 52.35856 ], [ 4.97942, 52.35949 ], [ 4.97974, 52.35963 ], [ 4.97842, 52.36082 ], [ 4.97711, 52.36029 ], [ 4.97621, 52.36109 ], [ 4.97539, 52.36077 ], [ 4.97451, 52.36158 ], [ 4.97481, 52.3617 ], [ 4.97446, 52.36201 ], [ 4.97745, 52.36415 ], [ 4.9777, 52.36425 ], [ 4.97639, 52.365 ], [ 4.97664, 52.36513 ] ] ] } },
{ "type": "Feature", "properties": { "buurtcode": "0363MJ02", "buurtnaam": "Steigereiland-Noord" }, "geometry": { "type": "Polygon", "coordinates": [ [ [ 4.98469, 52.36567 ], [ 4.98815, 52.3647 ], [ 4.99078, 52.36377 ], [ 4.99062, 52.36365 ], [ 4.99023, 52.36379 ], [ 4.98907, 52.36297 ], [ 4.98943, 52.36277 ], [ 4.98663, 52.36081 ], [ 4.9858, 52.36124 ], [ 4.98539, 52.36092 ], [ 4.98629, 52.36044 ], [ 4.9863, 52.36038 ], [ 4.98616, 52.36031 ], [ 4.98663, 52.36008 ], [ 4.98641, 52.35997 ], [ 4.97664, 52.36513 ], [ 4.97686, 52.36527 ], [ 4.97785, 52.36472 ], [ 4.97815, 52.36459 ], [ 4.97828, 52.36466 ], [ 4.97858, 52.36455 ], [ 4.98091, 52.3633 ], [ 4.98365, 52.36443 ], [ 4.98354, 52.36449 ], [ 4.98363, 52.36451 ], [ 4.9836, 52.3647 ], [ 4.98352, 52.36473 ], [ 4.98371, 52.36474 ], [ 4.98377, 52.36431 ], [ 4.98389, 52.36436 ], [ 4.98382, 52.36475 ], [ 4.9839, 52.36453 ], [ 4.98474, 52.36488 ], [ 4.9846, 52.365 ], [ 4.98449, 52.36495 ], [ 4.98422, 52.36522 ], [ 4.98469, 52.36567 ] ] ] } },
{ "type": "Feature", "properties": { "buurtcode": "0363MJ03", "buurtnaam": "Rieteilanden-West" }, "geometry": { "type": "MultiPolygon", "coordinates": [ [ [ [ 4.99767, 52.35037 ], [ 4.99754, 52.35031 ], [ 4.99673, 52.35072 ], [ 4.99649, 52.35071 ], [ 4.99191, 52.35295 ], [ 4.98928, 52.35464 ], [ 4.98928, 52.35471 ], [ 4.99023, 52.35494 ], [ 4.99306, 52.35366 ], [ 4.99784, 52.35085 ], [ 4.99767, 52.35037 ] ] ], [ [ [ 4.98641, 52.35997 ], [ 5.00074, 52.3523 ], [ 4.99908, 52.35114 ], [ 4.99901, 52.35117 ], [ 4.9987, 52.35099 ], [ 4.99033, 52.35546 ], [ 4.98936, 52.35523 ], [ 4.98672, 52.35664 ], [ 4.98665, 52.35677 ], [ 4.98652, 52.358 ], [ 4.98736, 52.35817 ], [ 4.98903, 52.3573 ], [ 4.9894, 52.35739 ], [ 4.9899, 52.35713 ], [ 4.99003, 52.35721 ], [ 4.98812, 52.35825 ], [ 4.9882, 52.35864 ], [ 4.9861, 52.35979 ], [ 4.98641, 52.35997 ] ] ] ] } },
{ "type": "Feature", "properties": { "buurtcode": "0363MJ04", "buurtnaam": "Joris Ivenspleinbuurt" }, "geometry": { "type": "Polygon", "coordinates": [ [ [ 4.99208, 52.36166 ], [ 4.99715, 52.35936 ], [ 4.99606, 52.35862 ], [ 4.995, 52.35916 ], [ 4.99188, 52.35702 ], [ 4.98641, 52.35997 ], [ 4.98663, 52.36008 ], [ 4.98708, 52.35986 ], [ 4.98739, 52.35997 ], [ 4.9877, 52.35979 ], [ 4.99208, 52.36166 ] ] ] } },
{ "type": "Feature", "properties": { "buurtcode": "0363MJ05", "buurtnaam": "Ed Pelsterparkbuurt" }, "geometry": { "type": "Polygon", "coordinates": [ [ [ 4.99715, 52.35936 ], [ 5.00574, 52.3548 ], [ 5.00612, 52.35506 ], [ 5.00647, 52.35488 ], [ 5.00594, 52.35451 ], [ 5.00601, 52.35447 ], [ 5.00653, 52.35485 ], [ 5.00659, 52.35482 ], [ 5.00535, 52.35376 ], [ 5.00388, 52.35451 ], [ 5.00074, 52.3523 ], [ 4.99188, 52.35702 ], [ 4.995, 52.35916 ], [ 4.99606, 52.35862 ], [ 4.99715, 52.35936 ] ] ] } },
{ "type": "Feature", "properties": { "buurtcode": "0363MK01", "buurtnaam": "Buiteneiland" }, "geometry": { "type": "Polygon", "coordinates": [ [ [ 5.01399, 52.36805 ], [ 5.01405, 52.36799 ], [ 5.01453, 52.36798 ], [ 5.01408, 52.3679 ], [ 5.01403, 52.36782 ], [ 5.01398, 52.36788 ], [ 5.0129, 52.36778 ], [ 5.01281, 52.36748 ], [ 5.01265, 52.3674 ], [ 5.00726, 52.36683 ], [ 5.00206, 52.36636 ], [ 5.00192, 52.36644 ], [ 5.00184, 52.36674 ], [ 5.00004, 52.36661 ], [ 5.00009, 52.36668 ], [ 5.01394, 52.36797 ], [ 5.01399, 52.36805 ] ] ] } },
{ "type": "Feature", "properties": { "buurtcode": "0363MK02", "buurtnaam": "Pampusbuurt-West" }, "geometry": { "type": "Polygon", "coordinates": [ [ [ 5.01988, 52.3559 ], [ 5.01571, 52.35457 ], [ 5.01534, 52.35498 ], [ 5.01612, 52.35523 ], [ 5.01614, 52.35531 ], [ 5.01982, 52.35633 ], [ 5.01988, 52.3559 ] ] ] } },
{ "type": "Feature", "properties": { "buurtcode": "0363MK03", "buurtnaam": "Pampusbuurt-Oost" }, "geometry": { "type": "Polygon", "coordinates": [ [ [ 5.02033, 52.3564 ], [ 5.02047, 52.3563 ], [ 5.02051, 52.3561 ], [ 5.01988, 52.3559 ], [ 5.01982, 52.35633 ], [ 5.02033, 52.3564 ] ] ] } },
{ "type": "Feature", "properties": { "buurtcode": "0363MK04", "buurtnaam": "Centrumeiland" }, "geometry": { "type": "Polygon", "coordinates": [ [ [ 5.01407, 52.35517 ], [ 5.01451, 52.35472 ], [ 5.01534, 52.35498 ], [ 5.0165, 52.35368 ], [ 5.01643, 52.35342 ], [ 5.01704, 52.35297 ], [ 5.01884, 52.35098 ], [ 5.0191, 52.35038 ], [ 5.01881, 52.34989 ], [ 5.01852, 52.34987 ], [ 5.0181, 52.34969 ], [ 5.01725, 52.34959 ], [ 5.01696, 52.34937 ], [ 5.01634, 52.34923 ], [ 5.01603, 52.34905 ], [ 5.01526, 52.34878 ], [ 5.01515, 52.34861 ], [ 5.01551, 52.34795 ], [ 5.01542, 52.34783 ], [ 5.01513, 52.34783 ], [ 5.01529, 52.34763 ], [ 5.01512, 52.34743 ], [ 5.01478, 52.34784 ], [ 5.01433, 52.34781 ], [ 5.00952, 52.35326 ], [ 5.01056, 52.35346 ], [ 5.01334, 52.35434 ], [ 5.01393, 52.35479 ], [ 5.01397, 52.35498 ], [ 5.01378, 52.35506 ], [ 5.01378, 52.35513 ], [ 5.01407, 52.35517 ] ] ] } },
{ "type": "Feature", "properties": { "buurtcode": "0363MK05", "buurtnaam": "Muidenbuurt-West" }, "geometry": { "type": "Polygon", "coordinates": [ [ [ 5.02051, 52.3561 ], [ 5.02066, 52.35572 ], [ 5.02111, 52.35552 ], [ 5.02129, 52.35415 ], [ 5.02063, 52.35403 ], [ 5.0206, 52.35387 ], [ 5.01826, 52.35378 ], [ 5.01733, 52.35403 ], [ 5.01687, 52.35394 ], [ 5.0165, 52.35368 ], [ 5.01571, 52.35457 ], [ 5.02051, 52.3561 ] ] ] } },
{ "type": "Feature", "properties": { "buurtcode": "0363ML01", "buurtnaam": "Havenkwartier IJburg" }, "geometry": { "type": "Polygon", "coordinates": [ [ [ 5.00624, 52.35455 ], [ 5.00801, 52.35365 ], [ 5.00918, 52.35326 ], [ 5.00952, 52.35326 ], [ 5.00997, 52.35274 ], [ 5.00349, 52.35084 ], [ 5.00074, 52.3523 ], [ 5.00388, 52.35451 ], [ 5.00535, 52.35376 ], [ 5.00624, 52.35455 ] ] ] } },
{ "type": "Feature", "properties": { "buurtcode": "0363ML02", "buurtnaam": "Theo van Goghparkbuurt" }, "geometry": { "type": "Polygon", "coordinates": [ [ [ 5.01433, 52.34781 ], [ 5.0142, 52.34771 ], [ 5.01416, 52.34756 ], [ 5.01458, 52.34715 ], [ 5.01457, 52.34707 ], [ 5.00909, 52.34504 ], [ 5.00375, 52.34773 ], [ 4.99879, 52.3508 ], [ 4.99919, 52.35108 ], [ 4.99908, 52.35114 ], [ 5.00074, 52.3523 ], [ 5.00349, 52.35084 ], [ 5.00997, 52.35274 ], [ 5.01433, 52.34781 ] ] ] } },
{ "type": "Feature", "properties": { "buurtcode": "0363ML03", "buurtnaam": "Rieteiland-Oost" }, "geometry": { "type": "Polygon", "coordinates": [ [ [ 4.9985, 52.34839 ], [ 5.00497, 52.34614 ], [ 5.00543, 52.34592 ], [ 5.00753, 52.34442 ], [ 5.00513, 52.34417 ], [ 5.00361, 52.34488 ], [ 4.99949, 52.34617 ], [ 4.99941, 52.34622 ], [ 4.99841, 52.34831 ], [ 4.9985, 52.34839 ] ] ] } },
{ "type": "Feature", "properties": { "buurtcode": "0363MM01", "buurtnaam": "Van der Kunbuurt" }, "geometry": { "type": "Polygon", "coordinates": [ [ [ 4.91541, 52.34954 ], [ 4.9166, 52.34788 ], [ 4.91741, 52.3465 ], [ 4.91319, 52.3456 ], [ 4.9127, 52.34734 ], [ 4.91223, 52.34811 ], [ 4.91541, 52.34954 ] ] ] } },
{ "type": "Feature", "properties": { "buurtcode": "0363MM02", "buurtnaam": "De Eenhoorn" }, "geometry": { "type": "Polygon", "coordinates": [ [ [ 4.92161, 52.35233 ], [ 4.92505, 52.35009 ], [ 4.92374, 52.34867 ], [ 4.92238, 52.34869 ], [ 4.9166, 52.34788 ], [ 4.91541, 52.34954 ], [ 4.92161, 52.35233 ] ] ] } },
{ "type": "Feature", "properties": { "buurtcode": "0363MM03", "buurtnaam": "Don Bosco" }, "geometry": { "type": "Polygon", "coordinates": [ [ [ 4.92854, 52.35506 ], [ 4.93056, 52.35374 ], [ 4.92964, 52.35317 ], [ 4.92837, 52.35215 ], [ 4.92505, 52.35009 ], [ 4.92227, 52.35181 ], [ 4.92161, 52.35233 ], [ 4.92823, 52.35534 ], [ 4.92854, 52.35506 ] ] ] } },
{ "type": "Feature", "properties": { "buurtcode": "0363MM04", "buurtnaam": "Julianapark" }, "geometry": { "type": "Polygon", "coordinates": [ [ [ 4.92329, 52.34871 ], [ 4.92418, 52.34856 ], [ 4.9248, 52.34835 ], [ 4.92749, 52.34657 ], [ 4.9265, 52.34609 ], [ 4.9258, 52.34594 ], [ 4.92131, 52.34588 ], [ 4.92044, 52.34579 ], [ 4.91954, 52.34559 ], [ 4.91922, 52.34516 ], [ 4.91914, 52.34486 ], [ 4.9194, 52.34398 ], [ 4.91957, 52.34366 ], [ 4.91929, 52.34361 ], [ 4.91888, 52.34378 ], [ 4.91848, 52.34467 ], [ 4.9166, 52.34788 ], [ 4.92238, 52.34869 ], [ 4.92329, 52.34871 ] ] ] } },
{ "type": "Feature", "properties": { "buurtcode": "0363MM05", "buurtnaam": "Frankendael" }, "geometry": { "type": "Polygon", "coordinates": [ [ [ 4.93056, 52.35374 ], [ 4.93517, 52.35088 ], [ 4.92749, 52.34657 ], [ 4.92516, 52.34816 ], [ 4.92448, 52.34847 ], [ 4.92374, 52.34867 ], [ 4.92517, 52.35021 ], [ 4.92837, 52.35215 ], [ 4.92964, 52.35317 ], [ 4.93056, 52.35374 ] ] ] } },
{ "type": "Feature", "properties": { "buurtcode": "0363MM06", "buurtnaam": "Tuindorp Amstelstation" }, "geometry": { "type": "Polygon", "coordinates": [ [ [ 4.92558, 52.34566 ], [ 4.92607, 52.34536 ], [ 4.92129, 52.3425 ], [ 4.92047, 52.34276 ], [ 4.92044, 52.34309 ], [ 4.91957, 52.34366 ], [ 4.91915, 52.3447 ], [ 4.91922, 52.34516 ], [ 4.91954, 52.34559 ], [ 4.92044, 52.34579 ], [ 4.92131, 52.34588 ], [ 4.92557, 52.34594 ], [ 4.92558, 52.34566 ] ] ] } },
{ "type": "Feature", "properties": { "buurtcode": "0363MM07", "buurtnaam": "De Wetbuurt" }, "geometry": { "type": "Polygon", "coordinates": [ [ [ 4.93262, 52.34309 ], [ 4.92714, 52.33981 ], [ 4.92129, 52.3425 ], [ 4.92607, 52.34536 ], [ 4.92558, 52.34566 ], [ 4.92557, 52.34594 ], [ 4.9265, 52.34609 ], [ 4.92749, 52.34657 ], [ 4.93262, 52.34309 ] ] ] } },
{ "type": "Feature", "properties": { "buurtcode": "0363MM08", "buurtnaam": "Tuindorp Frankendael" }, "geometry": { "type": "Polygon", "coordinates": [ [ [ 4.93517, 52.35088 ], [ 4.94018, 52.34778 ], [ 4.93349, 52.34371 ], [ 4.93334, 52.34354 ], [ 4.93331, 52.34335 ], [ 4.93297, 52.34328 ], [ 4.93262, 52.34309 ], [ 4.92749, 52.34657 ], [ 4.93517, 52.35088 ] ] ] } },
{ "type": "Feature", "properties": { "buurtcode": "0363MN01", "buurtnaam": "Linnaeusparkbuurt" }, "geometry": { "type": "Polygon", "coordinates": [ [ [ 4.93764, 52.35749 ], [ 4.93705, 52.35697 ], [ 4.93664, 52.35712 ], [ 4.93634, 52.35708 ], [ 4.93268, 52.35495 ], [ 4.93721, 52.35208 ], [ 4.93517, 52.35088 ], [ 4.92967, 52.35431 ], [ 4.92823, 52.35534 ], [ 4.92987, 52.35607 ], [ 4.93702, 52.35758 ], [ 4.93714, 52.35769 ], [ 4.93764, 52.35749 ] ] ] } },
{ "type": "Feature", "properties": { "buurtcode": "0363MN02", "buurtnaam": "Middenmeer-Noord" }, "geometry": { "type": "Polygon", "coordinates": [ [ [ 4.93764, 52.35749 ], [ 4.94189, 52.35574 ], [ 4.94072, 52.35504 ], [ 4.94104, 52.35484 ], [ 4.9368, 52.35234 ], [ 4.93268, 52.35495 ], [ 4.93642, 52.35711 ], [ 4.93664, 52.35712 ], [ 4.93705, 52.35697 ], [ 4.93764, 52.35749 ] ] ] } },
{ "type": "Feature", "properties": { "buurtcode": "0363MN03", "buurtnaam": "Middenmeer-Zuid" }, "geometry": { "type": "Polygon", "coordinates": [ [ [ 4.94189, 52.35574 ], [ 4.9488, 52.35283 ], [ 4.94692, 52.3518 ], [ 4.94018, 52.34778 ], [ 4.93517, 52.35088 ], [ 4.93721, 52.35208 ], [ 4.9368, 52.35234 ], [ 4.94104, 52.35484 ], [ 4.94072, 52.35504 ], [ 4.94189, 52.35574 ] ] ] } },
{ "type": "Feature", "properties": { "buurtcode": "0363MN04", "buurtnaam": "Science Park-Noord" }, "geometry": { "type": "Polygon", "coordinates": [ [ [ 4.94115, 52.35841 ], [ 4.95294, 52.35791 ], [ 4.95649, 52.35779 ], [ 4.95646, 52.35746 ], [ 4.9488, 52.35283 ], [ 4.93714, 52.35769 ], [ 4.94046, 52.35838 ], [ 4.94115, 52.35841 ] ] ] } },
{ "type": "Feature", "properties": { "buurtcode": "0363MN05", "buurtnaam": "Science Park-Zuid" }, "geometry": { "type": "Polygon", "coordinates": [ [ [ 4.9623, 52.35839 ], [ 4.96454, 52.35747 ], [ 4.9668, 52.35692 ], [ 4.96971, 52.35636 ], [ 4.96931, 52.35561 ], [ 4.9695, 52.35558 ], [ 4.96952, 52.3555 ], [ 4.96874, 52.35509 ], [ 4.96624, 52.35416 ], [ 4.96582, 52.3547 ], [ 4.96496, 52.35328 ], [ 4.96137, 52.34885 ], [ 4.96043, 52.34794 ], [ 4.9488, 52.35283 ], [ 4.95646, 52.35746 ], [ 4.95649, 52.35779 ], [ 4.95854, 52.35779 ], [ 4.95893, 52.35787 ], [ 4.95944, 52.35823 ], [ 4.96131, 52.35913 ], [ 4.9623, 52.35839 ] ] ] } },
{ "type": "Feature", "properties": { "buurtcode": "0363MN06", "buurtnaam": "Sportpark Middenmeer-Zuid" }, "geometry": { "type": "Polygon", "coordinates": [ [ [ 4.94431, 52.35024 ], [ 4.9488, 52.34743 ], [ 4.94968, 52.34718 ], [ 4.95003, 52.34698 ], [ 4.94563, 52.34434 ], [ 4.94018, 52.34778 ], [ 4.94431, 52.35024 ] ] ] } },
{ "type": "Feature", "properties": { "buurtcode": "0363MN07", "buurtnaam": "Sportpark Middenmeer-Noord" }, "geometry": { "type": "Polygon", "coordinates": [ [ [ 4.9488, 52.35283 ], [ 4.95535, 52.35007 ], [ 4.95399, 52.34921 ], [ 4.95252, 52.34837 ], [ 4.95228, 52.34831 ], [ 4.95003, 52.34698 ], [ 4.94968, 52.34718 ], [ 4.9488, 52.34743 ], [ 4.94431, 52.35024 ], [ 4.94692, 52.3518 ], [ 4.9488, 52.35283 ] ] ] } },
{ "type": "Feature", "properties": { "buurtcode": "0363MN08", "buurtnaam": "Park de Meer" }, "geometry": { "type": "Polygon", "coordinates": [ [ [ 4.95003, 52.34698 ], [ 4.95359, 52.34482 ], [ 4.95466, 52.34409 ], [ 4.95627, 52.34359 ], [ 4.95384, 52.34106 ], [ 4.95273, 52.34016 ], [ 4.9503, 52.34146 ], [ 4.94563, 52.34434 ], [ 4.95003, 52.34698 ] ] ] } },
{ "type": "Feature", "properties": { "buurtcode": "0363MN09", "buurtnaam": "Sportpark Voorland" }, "geometry": { "type": "Polygon", "coordinates": [ [ [ 4.96043, 52.34794 ], [ 4.95993, 52.34745 ], [ 4.9597, 52.34693 ], [ 4.95627, 52.34359 ], [ 4.95466, 52.34409 ], [ 4.95359, 52.34482 ], [ 4.95003, 52.34698 ], [ 4.95228, 52.34831 ], [ 4.95252, 52.34837 ], [ 4.95399, 52.34921 ], [ 4.95535, 52.35007 ], [ 4.96043, 52.34794 ] ] ] } },
{ "type": "Feature", "properties": { "buurtcode": "0363MP01", "buurtnaam": "Drieburg" }, "geometry": { "type": "Polygon", "coordinates": [ [ [ 4.93262, 52.34309 ], [ 4.9398, 52.33821 ], [ 4.94301, 52.33657 ], [ 4.9426, 52.33652 ], [ 4.92914, 52.33897 ], [ 4.92863, 52.33913 ], [ 4.92714, 52.33981 ], [ 4.93262, 52.34309 ] ] ] } },
{ "type": "Feature", "properties": { "buurtcode": "0363MP02", "buurtnaam": "Nieuwe Oosterbegraafplaats" }, "geometry": { "type": "Polygon", "coordinates": [ [ [ 4.94018, 52.34778 ], [ 4.9453, 52.34455 ], [ 4.94389, 52.34371 ], [ 4.94364, 52.34278 ], [ 4.94294, 52.34264 ], [ 4.94057, 52.34122 ], [ 4.94043, 52.34103 ], [ 4.9378, 52.33955 ], [ 4.93262, 52.34309 ], [ 4.93297, 52.34328 ], [ 4.93331, 52.34335 ], [ 4.93334, 52.34354 ], [ 4.93349, 52.34371 ], [ 4.94018, 52.34778 ] ] ] } },
{ "type": "Feature", "properties": { "buurtcode": "0363MP03", "buurtnaam": "Betondorp" }, "geometry": { "type": "Polygon", "coordinates": [ [ [ 4.9453, 52.34455 ], [ 4.9503, 52.34146 ], [ 4.95273, 52.34016 ], [ 4.95189, 52.33967 ], [ 4.9497, 52.33873 ], [ 4.94986, 52.33853 ], [ 4.94955, 52.33838 ], [ 4.94677, 52.33766 ], [ 4.94375, 52.33674 ], [ 4.9438, 52.33671 ], [ 4.94301, 52.33657 ], [ 4.9398, 52.33821 ], [ 4.9378, 52.33955 ], [ 4.94043, 52.34103 ], [ 4.94057, 52.34122 ], [ 4.94294, 52.34264 ], [ 4.94364, 52.34278 ], [ 4.94389, 52.34371 ], [ 4.9453, 52.34455 ] ] ] } },
{ "type": "Feature", "properties": { "buurtcode": "0363MQ01", "buurtnaam": "De Omval" }, "geometry": { "type": "Polygon", "coordinates": [ [ [ 4.91848, 52.34467 ], [ 4.91888, 52.34378 ], [ 4.91929, 52.34361 ], [ 4.91957, 52.34366 ], [ 4.91978, 52.34356 ], [ 4.92044, 52.34309 ], [ 4.92047, 52.34276 ], [ 4.91496, 52.34186 ], [ 4.91498, 52.34215 ], [ 4.91486, 52.34264 ], [ 4.91385, 52.34387 ], [ 4.91344, 52.3447 ], [ 4.91319, 52.3456 ], [ 4.91741, 52.3465 ], [ 4.91848, 52.34467 ] ] ] } },
{ "type": "Feature", "properties": { "buurtcode": "0363MQ02", "buurtnaam": "Overamstel" }, "geometry": { "type": "Polygon", "coordinates": [ [ [ 4.89875, 52.33279 ], [ 4.90368, 52.33044 ], [ 4.90624, 52.32948 ], [ 4.90796, 52.32903 ], [ 4.90976, 52.3287 ], [ 4.91141, 52.3285 ], [ 4.91327, 52.3284 ], [ 4.91388, 52.32455 ], [ 4.91129, 52.32416 ], [ 4.91095, 52.32401 ], [ 4.91033, 52.32357 ], [ 4.91135, 52.3229 ], [ 4.91073, 52.32191 ], [ 4.91249, 52.32125 ], [ 4.9127, 52.32106 ], [ 4.91428, 52.32041 ], [ 4.91238, 52.31825 ], [ 4.90914, 52.31825 ], [ 4.90905, 52.31883 ], [ 4.90784, 52.3195 ], [ 4.9047, 52.32039 ], [ 4.90253, 52.32132 ], [ 4.9016, 52.32153 ], [ 4.89935, 52.32155 ], [ 4.89828, 52.32164 ], [ 4.89715, 52.3219 ], [ 4.89591, 52.3227 ], [ 4.89537, 52.3235 ], [ 4.89526, 52.32383 ], [ 4.89525, 52.3242 ], [ 4.89644, 52.3263 ], [ 4.89714, 52.32778 ], [ 4.89877, 52.32956 ], [ 4.89902, 52.32999 ], [ 4.89907, 52.33043 ], [ 4.89901, 52.33071 ], [ 4.89849, 52.33196 ], [ 4.89848, 52.33227 ], [ 4.89852, 52.33247 ], [ 4.89875, 52.33279 ] ] ] } },
{ "type": "Feature", "properties": { "buurtcode": "0363MQ03", "buurtnaam": "Amstelglorie" }, "geometry": { "type": "Polygon", "coordinates": [ [ [ 4.90748, 52.33796 ], [ 4.91076, 52.33637 ], [ 4.91111, 52.33608 ], [ 4.91179, 52.33477 ], [ 4.91212, 52.33286 ], [ 4.91202, 52.33271 ], [ 4.91181, 52.33263 ], [ 4.91185, 52.33205 ], [ 4.91229, 52.3318 ], [ 4.91247, 52.33047 ], [ 4.91293, 52.33051 ], [ 4.91327, 52.3284 ], [ 4.91141, 52.3285 ], [ 4.90976, 52.3287 ], [ 4.90796, 52.32903 ], [ 4.90624, 52.32948 ], [ 4.90368, 52.33044 ], [ 4.89875, 52.33279 ], [ 4.89929, 52.33315 ], [ 4.9002, 52.33338 ], [ 4.90355, 52.33343 ], [ 4.90394, 52.33348 ], [ 4.90454, 52.3337 ], [ 4.90555, 52.33449 ], [ 4.90663, 52.33565 ], [ 4.90685, 52.33616 ], [ 4.90719, 52.33761 ], [ 4.90748, 52.33796 ] ] ] } },
{ "type": "Feature", "properties": { "buurtcode": "0363MQ04", "buurtnaam": "Amstelkwartier-West" }, "geometry": { "type": "Polygon", "coordinates": [ [ [ 4.91179, 52.33946 ], [ 4.91748, 52.33154 ], [ 4.91417, 52.33068 ], [ 4.91247, 52.33047 ], [ 4.91229, 52.3318 ], [ 4.91185, 52.33205 ], [ 4.91181, 52.33263 ], [ 4.91202, 52.33271 ], [ 4.91212, 52.33286 ], [ 4.91179, 52.33477 ], [ 4.91111, 52.33608 ], [ 4.91076, 52.33637 ], [ 4.90748, 52.33796 ], [ 4.90796, 52.33822 ], [ 4.91007, 52.33904 ], [ 4.91179, 52.33946 ] ] ] } },
{ "type": "Feature", "properties": { "buurtcode": "0363MQ05", "buurtnaam": "Amstelkwartier-Noord" }, "geometry": { "type": "Polygon", "coordinates": [ [ [ 4.91945, 52.34258 ], [ 4.92087, 52.34017 ], [ 4.92217, 52.3383 ], [ 4.92026, 52.33761 ], [ 4.91949, 52.3367 ], [ 4.92028, 52.33643 ], [ 4.92019, 52.33627 ], [ 4.91936, 52.33604 ], [ 4.91955, 52.3358 ], [ 4.91521, 52.33466 ], [ 4.91179, 52.33946 ], [ 4.91262, 52.33973 ], [ 4.91404, 52.34058 ], [ 4.91468, 52.34134 ], [ 4.91496, 52.34186 ], [ 4.91945, 52.34258 ] ] ] } },
{ "type": "Feature", "properties": { "buurtcode": "0363MQ06", "buurtnaam": "Amstelkwartier-Zuid" }, "geometry": { "type": "Polygon", "coordinates": [ [ [ 4.92495, 52.33538 ], [ 4.92377, 52.33544 ], [ 4.92373, 52.33481 ], [ 4.92351, 52.33426 ], [ 4.92308, 52.33371 ], [ 4.92244, 52.33322 ], [ 4.92255, 52.33308 ], [ 4.92037, 52.33236 ], [ 4.91748, 52.33154 ], [ 4.91521, 52.33466 ], [ 4.91955, 52.3358 ], [ 4.91936, 52.33604 ], [ 4.92019, 52.33627 ], [ 4.92028, 52.33643 ], [ 4.91949, 52.3367 ], [ 4.92026, 52.33761 ], [ 4.92217, 52.3383 ], [ 4.92495, 52.33538 ] ] ] } },
{ "type": "Feature", "properties": { "buurtcode": "0363MQ07", "buurtnaam": "Weespertrekvaart" }, "geometry": { "type": "Polygon", "coordinates": [ [ [ 4.92061, 52.34275 ], [ 4.92884, 52.33905 ], [ 4.9426, 52.33652 ], [ 4.94172, 52.33641 ], [ 4.94171, 52.33553 ], [ 4.93953, 52.33559 ], [ 4.93815, 52.33524 ], [ 4.9377, 52.335 ], [ 4.93651, 52.33459 ], [ 4.93562, 52.33551 ], [ 4.93422, 52.3355 ], [ 4.92849, 52.33655 ], [ 4.92677, 52.33596 ], [ 4.92694, 52.33578 ], [ 4.92577, 52.33537 ], [ 4.92495, 52.33538 ], [ 4.92201, 52.33846 ], [ 4.92087, 52.34017 ], [ 4.91945, 52.34258 ], [ 4.92061, 52.34275 ] ] ] } },
{ "type": "Feature", "properties": { "buurtcode": "0363NA01", "buurtnaam": "Noorder IJplas" }, "geometry": { "type": "Polygon", "coordinates": [ [ [ 4.86606, 52.43067 ], [ 4.86686, 52.43066 ], [ 4.86836, 52.43042 ], [ 4.86896, 52.43024 ], [ 4.8697, 52.42975 ], [ 4.86993, 52.42997 ], [ 4.87074, 52.43039 ], [ 4.87096, 52.43019 ], [ 4.8721, 52.42992 ], [ 4.87274, 52.42954 ], [ 4.87325, 52.42954 ], [ 4.87337, 52.42945 ], [ 4.87411, 52.42796 ], [ 4.87422, 52.42797 ], [ 4.87571, 52.42671 ], [ 4.87661, 52.42624 ], [ 4.87618, 52.42538 ], [ 4.87543, 52.42414 ], [ 4.87432, 52.42274 ], [ 4.87342, 52.42208 ], [ 4.87068, 52.4207 ], [ 4.86938, 52.41983 ], [ 4.86842, 52.41896 ], [ 4.86363, 52.4139 ], [ 4.86087, 52.4149 ], [ 4.85571, 52.41632 ], [ 4.85946, 52.41976 ], [ 4.85963, 52.41996 ], [ 4.85985, 52.42044 ], [ 4.85985, 52.42099 ], [ 4.85972, 52.42128 ], [ 4.8582, 52.42328 ], [ 4.85787, 52.42383 ], [ 4.85783, 52.42436 ], [ 4.85808, 52.42494 ], [ 4.86245, 52.42878 ], [ 4.86271, 52.4292 ], [ 4.8627, 52.4296 ], [ 4.86281, 52.42962 ], [ 4.86268, 52.42994 ], [ 4.86419, 52.43026 ], [ 4.86421, 52.43037 ], [ 4.86499, 52.43054 ], [ 4.86606, 52.43067 ] ] ] } },
{ "type": "Feature", "properties": { "buurtcode": "0363NA02", "buurtnaam": "Melkweg/Oostzanerwerf" }, "geometry": { "type": "Polygon", "coordinates": [ [ [ 4.87657, 52.42623 ], [ 4.87767, 52.42588 ], [ 4.87873, 52.42571 ], [ 4.88016, 52.42574 ], [ 4.88151, 52.42599 ], [ 4.88214, 52.42568 ], [ 4.88233, 52.42546 ], [ 4.8836, 52.42097 ], [ 4.87997, 52.41996 ], [ 4.88015, 52.41979 ], [ 4.87926, 52.41909 ], [ 4.8784, 52.41902 ], [ 4.87801, 52.41891 ], [ 4.87502, 52.41654 ], [ 4.87501, 52.41613 ], [ 4.87369, 52.41603 ], [ 4.87299, 52.41612 ], [ 4.87015, 52.41741 ], [ 4.86776, 52.41827 ], [ 4.8689, 52.41942 ], [ 4.86998, 52.42028 ], [ 4.87155, 52.42117 ], [ 4.87342, 52.42208 ], [ 4.87432, 52.42274 ], [ 4.87543, 52.42414 ], [ 4.87618, 52.42538 ], [ 4.87657, 52.42623 ] ] ] } },
{ "type": "Feature", "properties": { "buurtcode": "0363NA03", "buurtnaam": "Walvisbuurt" }, "geometry": { "type": "Polygon", "coordinates": [ [ [ 4.88181, 52.42602 ], [ 4.88246, 52.42589 ], [ 4.88298, 52.42551 ], [ 4.88529, 52.42561 ], [ 4.88768, 52.42559 ], [ 4.89218, 52.42085 ], [ 4.89655, 52.41647 ], [ 4.89623, 52.41657 ], [ 4.89475, 52.41641 ], [ 4.89454, 52.41653 ], [ 4.89454, 52.41734 ], [ 4.89441, 52.41763 ], [ 4.89323, 52.41844 ], [ 4.89263, 52.41897 ], [ 4.89253, 52.41925 ], [ 4.89271, 52.41949 ], [ 4.89207, 52.42008 ], [ 4.89193, 52.42006 ], [ 4.89202, 52.42017 ], [ 4.89194, 52.42028 ], [ 4.89161, 52.42021 ], [ 4.89068, 52.42141 ], [ 4.89048, 52.42155 ], [ 4.89011, 52.42162 ], [ 4.88789, 52.4216 ], [ 4.8836, 52.42097 ], [ 4.88233, 52.42546 ], [ 4.88214, 52.42568 ], [ 4.88151, 52.42599 ], [ 4.88181, 52.42602 ] ] ] } },
{ "type": "Feature", "properties": { "buurtcode": "0363NA04", "buurtnaam": "Twiske-West" }, "geometry": { "type": "Polygon", "coordinates": [ [ [ 4.88911, 52.42564 ], [ 4.89135, 52.42554 ], [ 4.89439, 52.42524 ], [ 4.89686, 52.42488 ], [ 4.89874, 52.42446 ], [ 4.89859, 52.42155 ], [ 4.89866, 52.42111 ], [ 4.89856, 52.42057 ], [ 4.89839, 52.41767 ], [ 4.89823, 52.41684 ], [ 4.89754, 52.41662 ], [ 4.89655, 52.41647 ], [ 4.89585, 52.41712 ], [ 4.88768, 52.42559 ], [ 4.88911, 52.42564 ] ] ] } },
{ "type": "Feature", "properties": { "buurtcode": "0363NA05", "buurtnaam": "Oostzanerdijk" }, "geometry": { "type": "Polygon", "coordinates": [ [ [ 4.88015, 52.41979 ], [ 4.88286, 52.41737 ], [ 4.88574, 52.41523 ], [ 4.88627, 52.41501 ], [ 4.88953, 52.41543 ], [ 4.88941, 52.41581 ], [ 4.89454, 52.41653 ], [ 4.89475, 52.41641 ], [ 4.89623, 52.41657 ], [ 4.89647, 52.41647 ], [ 4.8968, 52.41647 ], [ 4.89823, 52.41684 ], [ 4.89837, 52.4166 ], [ 4.89805, 52.41622 ], [ 4.89813, 52.41618 ], [ 4.89797, 52.41588 ], [ 4.89784, 52.41529 ], [ 4.89591, 52.41589 ], [ 4.89519, 52.41579 ], [ 4.89427, 52.41528 ], [ 4.89352, 52.41518 ], [ 4.89244, 52.41551 ], [ 4.88907, 52.41491 ], [ 4.8859, 52.41473 ], [ 4.88563, 52.41484 ], [ 4.88455, 52.41576 ], [ 4.88326, 52.41667 ], [ 4.88267, 52.41698 ], [ 4.88209, 52.41758 ], [ 4.87926, 52.41909 ], [ 4.88015, 52.41979 ] ] ] } },
{ "type": "Feature", "properties": { "buurtcode": "0363NA06", "buurtnaam": "Circus/Kermisbuurt" }, "geometry": { "type": "Polygon", "coordinates": [ [ [ 4.88504, 52.41958 ], [ 4.88742, 52.41587 ], [ 4.88821, 52.41571 ], [ 4.88941, 52.41581 ], [ 4.88953, 52.41543 ], [ 4.88659, 52.41502 ], [ 4.88598, 52.41508 ], [ 4.88286, 52.41737 ], [ 4.87997, 52.41996 ], [ 4.88346, 52.42095 ], [ 4.88435, 52.42111 ], [ 4.88504, 52.41958 ] ] ] } },
{ "type": "Feature", "properties": { "buurtcode": "0363NA07", "buurtnaam": "Molenwijk" }, "geometry": { "type": "Polygon", "coordinates": [ [ [ 4.89011, 52.42162 ], [ 4.89048, 52.42155 ], [ 4.89068, 52.42141 ], [ 4.89161, 52.42021 ], [ 4.89194, 52.42028 ], [ 4.89202, 52.42017 ], [ 4.89193, 52.42006 ], [ 4.89207, 52.42008 ], [ 4.89271, 52.41949 ], [ 4.89253, 52.41925 ], [ 4.89263, 52.41897 ], [ 4.89323, 52.41844 ], [ 4.89441, 52.41763 ], [ 4.89454, 52.41734 ], [ 4.89454, 52.41653 ], [ 4.88884, 52.41572 ], [ 4.88821, 52.41571 ], [ 4.88742, 52.41587 ], [ 4.88504, 52.41958 ], [ 4.88435, 52.42111 ], [ 4.88789, 52.4216 ], [ 4.89011, 52.42162 ] ] ] } },
{ "type": "Feature", "properties": { "buurtcode": "0363NB01", "buurtnaam": "Cornelis Douwesterrein-West" }, "geometry": { "type": "Polygon", "coordinates": [ [ [ 4.86949, 52.41766 ], [ 4.87299, 52.41612 ], [ 4.87369, 52.41603 ], [ 4.87501, 52.41613 ], [ 4.87522, 52.41577 ], [ 4.8756, 52.4155 ], [ 4.87794, 52.4144 ], [ 4.87819, 52.41446 ], [ 4.87954, 52.41383 ], [ 4.87941, 52.41365 ], [ 4.87984, 52.41336 ], [ 4.87343, 52.40838 ], [ 4.87099, 52.41013 ], [ 4.8671, 52.41238 ], [ 4.86363, 52.4139 ], [ 4.86776, 52.41827 ], [ 4.86949, 52.41766 ] ] ] } },
{ "type": "Feature", "properties": { "buurtcode": "0363NB02", "buurtnaam": "Cornelis Douwesterrein-Oost" }, "geometry": { "type": "Polygon", "coordinates": [ [ [ 4.87984, 52.41336 ], [ 4.8823, 52.41207 ], [ 4.88604, 52.4104 ], [ 4.88609, 52.41031 ], [ 4.89006, 52.40843 ], [ 4.89011, 52.40833 ], [ 4.89036, 52.40827 ], [ 4.89163, 52.40761 ], [ 4.89254, 52.40706 ], [ 4.89154, 52.40566 ], [ 4.89115, 52.40529 ], [ 4.88859, 52.40651 ], [ 4.88544, 52.40401 ], [ 4.8827, 52.4017 ], [ 4.87343, 52.40838 ], [ 4.87984, 52.41336 ] ] ] } },
{ "type": "Feature", "properties": { "buurtcode": "0363NB03", "buurtnaam": "NDSM terrein" }, "geometry": { "type": "Polygon", "coordinates": [ [ [ 4.89254, 52.40706 ], [ 4.89297, 52.40653 ], [ 4.89317, 52.40516 ], [ 4.89351, 52.40462 ], [ 4.90019, 52.40147 ], [ 4.89557, 52.39772 ], [ 4.89391, 52.39656 ], [ 4.89155, 52.39511 ], [ 4.8827, 52.4017 ], [ 4.88544, 52.40401 ], [ 4.88859, 52.40651 ], [ 4.89115, 52.40529 ], [ 4.89154, 52.40566 ], [ 4.89254, 52.40706 ] ] ] } },
{ "type": "Feature", "properties": { "buurtcode": "0363NB04", "buurtnaam": "Buiksloterham-Zuid" }, "geometry": { "type": "Polygon", "coordinates": [ [ [ 4.90856, 52.39333 ], [ 4.90667, 52.3915 ], [ 4.90625, 52.39097 ], [ 4.90598, 52.39041 ], [ 4.90588, 52.38982 ], [ 4.90605, 52.3889 ], [ 4.90314, 52.38838 ], [ 4.902, 52.39069 ], [ 4.89467, 52.38994 ], [ 4.89398, 52.39205 ], [ 4.89365, 52.39282 ], [ 4.89321, 52.39356 ], [ 4.89265, 52.39421 ], [ 4.89155, 52.39511 ], [ 4.89391, 52.39656 ], [ 4.89602, 52.39806 ], [ 4.90856, 52.39333 ] ] ] } },
{ "type": "Feature", "properties": { "buurtcode": "0363NB05", "buurtnaam": "Buiksloterham-Noord" }, "geometry": { "type": "Polygon", "coordinates": [ [ [ 4.90019, 52.40147 ], [ 4.90309, 52.40004 ], [ 4.90917, 52.39774 ], [ 4.91052, 52.39715 ], [ 4.91274, 52.39355 ], [ 4.91293, 52.39257 ], [ 4.91282, 52.39224 ], [ 4.91273, 52.39214 ], [ 4.91088, 52.39286 ], [ 4.90956, 52.39295 ], [ 4.89602, 52.39806 ], [ 4.90019, 52.40147 ] ] ] } },
{ "type": "Feature", "properties": { "buurtcode": "0363NB06", "buurtnaam": "Klaprozenbuurt" }, "geometry": { "type": "Polygon", "coordinates": [ [ [ 4.9024, 52.40405 ], [ 4.90407, 52.40285 ], [ 4.90887, 52.40102 ], [ 4.90913, 52.3998 ], [ 4.90988, 52.39851 ], [ 4.90985, 52.3984 ], [ 4.90917, 52.39774 ], [ 4.90309, 52.40004 ], [ 4.90019, 52.40147 ], [ 4.90081, 52.4023 ], [ 4.9024, 52.40405 ] ] ] } },
{ "type": "Feature", "properties": { "buurtcode": "0363NB07", "buurtnaam": "Overhoeks" }, "geometry": { "type": "Polygon", "coordinates": [ [ [ 4.90314, 52.38838 ], [ 4.90605, 52.3889 ], [ 4.90719, 52.3866 ], [ 4.90722, 52.38635 ], [ 4.90714, 52.38607 ], [ 4.90662, 52.38528 ], [ 4.90617, 52.38493 ], [ 4.90005, 52.38215 ], [ 4.89866, 52.38304 ], [ 4.89791, 52.38367 ], [ 4.89676, 52.38489 ], [ 4.89624, 52.38565 ], [ 4.89587, 52.38636 ], [ 4.89467, 52.38994 ], [ 4.902, 52.39069 ], [ 4.90314, 52.38838 ] ] ] } },
{ "type": "Feature", "properties": { "buurtcode": "0363NC01", "buurtnaam": "Tuindorp Oostzaan-West" }, "geometry": { "type": "Polygon", "coordinates": [ [ [ 4.87926, 52.41909 ], [ 4.88209, 52.41758 ], [ 4.88267, 52.41698 ], [ 4.88302, 52.4168 ], [ 4.87934, 52.41393 ], [ 4.87819, 52.41446 ], [ 4.87794, 52.4144 ], [ 4.8756, 52.4155 ], [ 4.87522, 52.41577 ], [ 4.87504, 52.41603 ], [ 4.87502, 52.41654 ], [ 4.87814, 52.41897 ], [ 4.87926, 52.41909 ] ] ] } },
{ "type": "Feature", "properties": { "buurtcode": "0363NC02", "buurtnaam": "Tuindorp Oostzaan-Oost" }, "geometry": { "type": "Polygon", "coordinates": [ [ [ 4.88302, 52.4168 ], [ 4.88455, 52.41576 ], [ 4.88563, 52.41484 ], [ 4.886, 52.41472 ], [ 4.88761, 52.41487 ], [ 4.88819, 52.41483 ], [ 4.88907, 52.41491 ], [ 4.89244, 52.41551 ], [ 4.89352, 52.41518 ], [ 4.89427, 52.41528 ], [ 4.89519, 52.41579 ], [ 4.89591, 52.41589 ], [ 4.89422, 52.41459 ], [ 4.89405, 52.41434 ], [ 4.89417, 52.41176 ], [ 4.89371, 52.41136 ], [ 4.89346, 52.41075 ], [ 4.89208, 52.40961 ], [ 4.89191, 52.40931 ], [ 4.89051, 52.4082 ], [ 4.89011, 52.40833 ], [ 4.89006, 52.40843 ], [ 4.88609, 52.41031 ], [ 4.88604, 52.4104 ], [ 4.8823, 52.41207 ], [ 4.87944, 52.4136 ], [ 4.87941, 52.4137 ], [ 4.87954, 52.41383 ], [ 4.87934, 52.41393 ], [ 4.88302, 52.4168 ] ] ] } },
{ "type": "Feature", "properties": { "buurtcode": "0363NC03", "buurtnaam": "Terrasdorp" }, "geometry": { "type": "Polygon", "coordinates": [ [ [ 4.89784, 52.41529 ], [ 4.89884, 52.41475 ], [ 4.90009, 52.4137 ], [ 4.90204, 52.41229 ], [ 4.89929, 52.40613 ], [ 4.89938, 52.40597 ], [ 4.89903, 52.40517 ], [ 4.90211, 52.40378 ], [ 4.90081, 52.4023 ], [ 4.90019, 52.40147 ], [ 4.89351, 52.40462 ], [ 4.89317, 52.40516 ], [ 4.89301, 52.40637 ], [ 4.89277, 52.40685 ], [ 4.89236, 52.40719 ], [ 4.89051, 52.4082 ], [ 4.89191, 52.40931 ], [ 4.89208, 52.40961 ], [ 4.89346, 52.41075 ], [ 4.89371, 52.41136 ], [ 4.89417, 52.41176 ], [ 4.89403, 52.41411 ], [ 4.89405, 52.41434 ], [ 4.89419, 52.41455 ], [ 4.89591, 52.41589 ], [ 4.89784, 52.41529 ] ] ] } },
{ "type": "Feature", "properties": { "buurtcode": "0363NC04", "buurtnaam": "De Bongerd" }, "geometry": { "type": "Polygon", "coordinates": [ [ [ 4.90464, 52.4104 ], [ 4.90554, 52.40988 ], [ 4.90627, 52.40932 ], [ 4.90694, 52.40862 ], [ 4.90737, 52.408 ], [ 4.90731, 52.40761 ], [ 4.90661, 52.40655 ], [ 4.9063, 52.40622 ], [ 4.90268, 52.40426 ], [ 4.90211, 52.40378 ], [ 4.89903, 52.40517 ], [ 4.89938, 52.40597 ], [ 4.89929, 52.40613 ], [ 4.90204, 52.41229 ], [ 4.90464, 52.4104 ] ] ] } },
{ "type": "Feature", "properties": { "buurtcode": "0363ND01", "buurtnaam": "Twiske-Oost" }, "geometry": { "type": "Polygon", "coordinates": [ [ [ 4.89874, 52.42449 ], [ 4.90052, 52.42404 ], [ 4.90294, 52.42326 ], [ 4.90567, 52.42214 ], [ 4.90753, 52.42125 ], [ 4.90808, 52.42112 ], [ 4.90748, 52.42015 ], [ 4.90715, 52.41996 ], [ 4.90705, 52.42014 ], [ 4.90661, 52.42036 ], [ 4.90631, 52.42019 ], [ 4.90444, 52.42012 ], [ 4.90414, 52.41995 ], [ 4.90369, 52.41985 ], [ 4.90189, 52.42051 ], [ 4.89856, 52.42057 ], [ 4.89866, 52.42111 ], [ 4.8986, 52.42202 ], [ 4.89874, 52.42449 ] ] ] } },
{ "type": "Feature", "properties": { "buurtcode": "0363ND02", "buurtnaam": "Kadoelen" }, "geometry": { "type": "Polygon", "coordinates": [ [ [ 4.90791, 52.42089 ], [ 4.90868, 52.42072 ], [ 4.91096, 52.41968 ], [ 4.91405, 52.4185 ], [ 4.91465, 52.4185 ], [ 4.9147, 52.41868 ], [ 4.91569, 52.41856 ], [ 4.91967, 52.41684 ], [ 4.92045, 52.41661 ], [ 4.91262, 52.41008 ], [ 4.91145, 52.40959 ], [ 4.91059, 52.40934 ], [ 4.90903, 52.40802 ], [ 4.90738, 52.4079 ], [ 4.90733, 52.4081 ], [ 4.90674, 52.40886 ], [ 4.90599, 52.40956 ], [ 4.90464, 52.4104 ], [ 4.90009, 52.4137 ], [ 4.89884, 52.41475 ], [ 4.89784, 52.41529 ], [ 4.89797, 52.41588 ], [ 4.89813, 52.41618 ], [ 4.89805, 52.41622 ], [ 4.89837, 52.4166 ], [ 4.89823, 52.41684 ], [ 4.89849, 52.41863 ], [ 4.89857, 52.42057 ], [ 4.90189, 52.42051 ], [ 4.90369, 52.41985 ], [ 4.90414, 52.41995 ], [ 4.90444, 52.42012 ], [ 4.90631, 52.42019 ], [ 4.90661, 52.42036 ], [ 4.90705, 52.42014 ], [ 4.90715, 52.41996 ], [ 4.90748, 52.42015 ], [ 4.90791, 52.42089 ] ] ] } },
{ "type": "Feature", "properties": { "buurtcode": "0363NE01", "buurtnaam": "Banne-Noordwest" }, "geometry": { "type": "Polygon", "coordinates": [ [ [ 4.92045, 52.41661 ], [ 4.92089, 52.41633 ], [ 4.92275, 52.41553 ], [ 4.91998, 52.41323 ], [ 4.91972, 52.41287 ], [ 4.92249, 52.41167 ], [ 4.92266, 52.41123 ], [ 4.92301, 52.41107 ], [ 4.92293, 52.41078 ], [ 4.92133, 52.40946 ], [ 4.92112, 52.40919 ], [ 4.92071, 52.40893 ], [ 4.9189, 52.40743 ], [ 4.91275, 52.41023 ], [ 4.91982, 52.4161 ], [ 4.92045, 52.41661 ] ] ] } },
{ "type": "Feature", "properties": { "buurtcode": "0363NE02", "buurtnaam": "Banne-Noordoost" }, "geometry": { "type": "Polygon", "coordinates": [ [ [ 4.92275, 52.41553 ], [ 4.92554, 52.41421 ], [ 4.93038, 52.41208 ], [ 4.93041, 52.41194 ], [ 4.93072, 52.41161 ], [ 4.92979, 52.41113 ], [ 4.92902, 52.41038 ], [ 4.92818, 52.40933 ], [ 4.92722, 52.40874 ], [ 4.92575, 52.40748 ], [ 4.9254, 52.40702 ], [ 4.92515, 52.40641 ], [ 4.92515, 52.40526 ], [ 4.92506, 52.4048 ], [ 4.9232, 52.40551 ], [ 4.9189, 52.40743 ], [ 4.92222, 52.41013 ], [ 4.92293, 52.41078 ], [ 4.92301, 52.41107 ], [ 4.92266, 52.41123 ], [ 4.92249, 52.41167 ], [ 4.91972, 52.41287 ], [ 4.91998, 52.41323 ], [ 4.92275, 52.41553 ] ] ] } },
{ "type": "Feature", "properties": { "buurtcode": "0363NE03", "buurtnaam": "Banne-Zuidwest" }, "geometry": { "type": "Polygon", "coordinates": [ [ [ 4.91519, 52.40913 ], [ 4.91328, 52.40754 ], [ 4.91576, 52.40642 ], [ 4.91357, 52.40459 ], [ 4.91248, 52.40338 ], [ 4.91198, 52.40309 ], [ 4.91138, 52.40239 ], [ 4.9096, 52.40304 ], [ 4.90792, 52.40261 ], [ 4.90731, 52.40253 ], [ 4.9052, 52.40334 ], [ 4.90472, 52.40371 ], [ 4.90473, 52.40392 ], [ 4.90509, 52.40425 ], [ 4.90622, 52.40486 ], [ 4.90522, 52.4056 ], [ 4.90605, 52.40604 ], [ 4.90647, 52.40638 ], [ 4.90731, 52.40761 ], [ 4.90738, 52.4079 ], [ 4.90903, 52.40802 ], [ 4.91059, 52.40934 ], [ 4.91145, 52.40959 ], [ 4.91262, 52.41008 ], [ 4.91275, 52.41023 ], [ 4.91519, 52.40913 ] ] ] } },
{ "type": "Feature", "properties": { "buurtcode": "0363NE04", "buurtnaam": "Banne-Zuidoost" }, "geometry": { "type": "Polygon", "coordinates": [ [ [ 4.91519, 52.40913 ], [ 4.9232, 52.40551 ], [ 4.92506, 52.4048 ], [ 4.92498, 52.40434 ], [ 4.9238, 52.40224 ], [ 4.9231, 52.40124 ], [ 4.92253, 52.39957 ], [ 4.92219, 52.39929 ], [ 4.9221, 52.39926 ], [ 4.9215, 52.39978 ], [ 4.91986, 52.4004 ], [ 4.91759, 52.40099 ], [ 4.91472, 52.4015 ], [ 4.91138, 52.40239 ], [ 4.91198, 52.40309 ], [ 4.91248, 52.40338 ], [ 4.91357, 52.40459 ], [ 4.91576, 52.40642 ], [ 4.91328, 52.40754 ], [ 4.91519, 52.40913 ] ] ] } },
{ "type": "Feature", "properties": { "buurtcode": "0363NE05", "buurtnaam": "Buiksloterbreek" }, "geometry": { "type": "Polygon", "coordinates": [ [ [ 4.90622, 52.40486 ], [ 4.90509, 52.40425 ], [ 4.90473, 52.40392 ], [ 4.90472, 52.40371 ], [ 4.9052, 52.40334 ], [ 4.90731, 52.40253 ], [ 4.90792, 52.40261 ], [ 4.9096, 52.40304 ], [ 4.91138, 52.40239 ], [ 4.9109, 52.40173 ], [ 4.91075, 52.40134 ], [ 4.91067, 52.40078 ], [ 4.90892, 52.40095 ], [ 4.90877, 52.40108 ], [ 4.90407, 52.40285 ], [ 4.9024, 52.40405 ], [ 4.90522, 52.4056 ], [ 4.90622, 52.40486 ] ] ] } },
{ "type": "Feature", "properties": { "buurtcode": "0363NE06", "buurtnaam": "Marjoleinterrein" }, "geometry": { "type": "Polygon", "coordinates": [ [ [ 4.91472, 52.4015 ], [ 4.91483, 52.4009 ], [ 4.91399, 52.40077 ], [ 4.91325, 52.40083 ], [ 4.91067, 52.40078 ], [ 4.91075, 52.40134 ], [ 4.9109, 52.40173 ], [ 4.91138, 52.40239 ], [ 4.91472, 52.4015 ] ] ] } },
{ "type": "Feature", "properties": { "buurtcode": "0363NF01", "buurtnaam": "Buiksloterdijk-West" }, "geometry": { "type": "Polygon", "coordinates": [ [ [ 4.91759, 52.40099 ], [ 4.91996, 52.40037 ], [ 4.9215, 52.39978 ], [ 4.9221, 52.39926 ], [ 4.92154, 52.39907 ], [ 4.92126, 52.39934 ], [ 4.9208, 52.39939 ], [ 4.91958, 52.40002 ], [ 4.91609, 52.40086 ], [ 4.91543, 52.40095 ], [ 4.91483, 52.4009 ], [ 4.91472, 52.4015 ], [ 4.91759, 52.40099 ] ] ] } },
{ "type": "Feature", "properties": { "buurtcode": "0363NF02", "buurtnaam": "Buiksloterdijk-Oost" }, "geometry": { "type": "Polygon", "coordinates": [ [ [ 4.92231, 52.39935 ], [ 4.92383, 52.3968 ], [ 4.92483, 52.39562 ], [ 4.92391, 52.39443 ], [ 4.92352, 52.3959 ], [ 4.92305, 52.3971 ], [ 4.9225, 52.39801 ], [ 4.92154, 52.39907 ], [ 4.92231, 52.39935 ] ] ] } },
{ "type": "Feature", "properties": { "buurtcode": "0363NF03", "buurtnaam": "Nieuwendammerdijk-West" }, "geometry": { "type": "Polygon", "coordinates": [ [ [ 4.92462, 52.39301 ], [ 4.92514, 52.39118 ], [ 4.92743, 52.39144 ], [ 4.92741, 52.39151 ], [ 4.93178, 52.39183 ], [ 4.93324, 52.39184 ], [ 4.93393, 52.39229 ], [ 4.93372, 52.39249 ], [ 4.93347, 52.39237 ], [ 4.93319, 52.39257 ], [ 4.93389, 52.39299 ], [ 4.93502, 52.39308 ], [ 4.93574, 52.39265 ], [ 4.93688, 52.39241 ], [ 4.93861, 52.39164 ], [ 4.94103, 52.39125 ], [ 4.94045, 52.3902 ], [ 4.93962, 52.38994 ], [ 4.9384, 52.39077 ], [ 4.93341, 52.39145 ], [ 4.92859, 52.39115 ], [ 4.92475, 52.39067 ], [ 4.92411, 52.39346 ], [ 4.92426, 52.39374 ], [ 4.92408, 52.39386 ], [ 4.92391, 52.39443 ], [ 4.92421, 52.39484 ], [ 4.92462, 52.39301 ] ] ] } },
{ "type": "Feature", "properties": { "buurtcode": "0363NF04", "buurtnaam": "Nieuwendammerdijk-Oost" }, "geometry": { "type": "Polygon", "coordinates": [ [ [ 4.94103, 52.39125 ], [ 4.94192, 52.39103 ], [ 4.94284, 52.3904 ], [ 4.94436, 52.38965 ], [ 4.94649, 52.38786 ], [ 4.94754, 52.38712 ], [ 4.94792, 52.38704 ], [ 4.94781, 52.38697 ], [ 4.94794, 52.38688 ], [ 4.9498, 52.38662 ], [ 4.95242, 52.38672 ], [ 4.95242, 52.38631 ], [ 4.95087, 52.38588 ], [ 4.94905, 52.38583 ], [ 4.94507, 52.38857 ], [ 4.94395, 52.38946 ], [ 4.94315, 52.3899 ], [ 4.94277, 52.38968 ], [ 4.94036, 52.38884 ], [ 4.94021, 52.38869 ], [ 4.93896, 52.38824 ], [ 4.93962, 52.38994 ], [ 4.94045, 52.3902 ], [ 4.94103, 52.39125 ] ] ] } },
{ "type": "Feature", "properties": { "buurtcode": "0363NF05", "buurtnaam": "Nieuwendammerdijk-Zuid" }, "geometry": { "type": "Polygon", "coordinates": [ [ [ 4.94358, 52.38969 ], [ 4.94507, 52.38857 ], [ 4.94905, 52.38583 ], [ 4.94725, 52.38594 ], [ 4.94676, 52.38574 ], [ 4.94473, 52.3861 ], [ 4.94453, 52.38564 ], [ 4.93837, 52.38673 ], [ 4.93896, 52.38824 ], [ 4.94021, 52.38869 ], [ 4.94036, 52.38884 ], [ 4.94277, 52.38968 ], [ 4.94315, 52.3899 ], [ 4.94358, 52.38969 ] ] ] } },
{ "type": "Feature", "properties": { "buurtcode": "0363NG01", "buurtnaam": "Elzenhagen-Noord" }, "geometry": { "type": "Polygon", "coordinates": [ [ [ 4.92965, 52.41101 ], [ 4.93311, 52.40931 ], [ 4.93485, 52.40862 ], [ 4.93663, 52.40805 ], [ 4.93921, 52.40736 ], [ 4.93277, 52.40229 ], [ 4.92506, 52.4048 ], [ 4.92515, 52.40526 ], [ 4.92515, 52.40641 ], [ 4.92524, 52.40672 ], [ 4.92559, 52.40728 ], [ 4.92684, 52.40845 ], [ 4.92818, 52.40933 ], [ 4.92902, 52.41038 ], [ 4.92965, 52.41101 ] ] ] } },
{ "type": "Feature", "properties": { "buurtcode": "0363NG02", "buurtnaam": "Elzenhagen-Zuid" }, "geometry": { "type": "Polygon", "coordinates": [ [ [ 4.92506, 52.4048 ], [ 4.93277, 52.40229 ], [ 4.92661, 52.39744 ], [ 4.92509, 52.39804 ], [ 4.92349, 52.39853 ], [ 4.92298, 52.39875 ], [ 4.92274, 52.39867 ], [ 4.92231, 52.39935 ], [ 4.92253, 52.39957 ], [ 4.9231, 52.40124 ], [ 4.9238, 52.40224 ], [ 4.92498, 52.40434 ], [ 4.92506, 52.4048 ] ] ] } },
{ "type": "Feature", "properties": { "buurtcode": "0363NG03", "buurtnaam": "Nintemanterrein" }, "geometry": { "type": "Polygon", "coordinates": [ [ [ 4.92349, 52.39853 ], [ 4.92509, 52.39804 ], [ 4.92661, 52.39744 ], [ 4.92569, 52.39657 ], [ 4.92483, 52.39562 ], [ 4.92383, 52.3968 ], [ 4.92274, 52.39867 ], [ 4.92298, 52.39875 ], [ 4.92349, 52.39853 ] ] ] } },
{ "type": "Feature", "properties": { "buurtcode": "0363NH01", "buurtnaam": "Buikslotermeer-Noord" }, "geometry": { "type": "Polygon", "coordinates": [ [ [ 4.93921, 52.40736 ], [ 4.94337, 52.40619 ], [ 4.94645, 52.40513 ], [ 4.94887, 52.40416 ], [ 4.9518, 52.4028 ], [ 4.94733, 52.39863 ], [ 4.94545, 52.39919 ], [ 4.94736, 52.40106 ], [ 4.9399, 52.40404 ], [ 4.93961, 52.40399 ], [ 4.93585, 52.40107 ], [ 4.93277, 52.40229 ], [ 4.93921, 52.40736 ] ] ] } },
{ "type": "Feature", "properties": { "buurtcode": "0363NH02", "buurtnaam": "De Kleine Wereld" }, "geometry": { "type": "Polygon", "coordinates": [ [ [ 4.9399, 52.40404 ], [ 4.94736, 52.40106 ], [ 4.94735, 52.401 ], [ 4.94545, 52.39919 ], [ 4.94366, 52.39972 ], [ 4.94313, 52.39979 ], [ 4.94244, 52.39971 ], [ 4.94095, 52.39925 ], [ 4.94038, 52.39925 ], [ 4.93585, 52.40107 ], [ 4.93961, 52.40399 ], [ 4.9399, 52.40404 ] ] ] } },
{ "type": "Feature", "properties": { "buurtcode": "0363NH03", "buurtnaam": "Loenermark" }, "geometry": { "type": "Polygon", "coordinates": [ [ [ 4.93277, 52.40229 ], [ 4.93585, 52.40107 ], [ 4.93084, 52.39719 ], [ 4.92972, 52.39619 ], [ 4.92661, 52.39744 ], [ 4.93277, 52.40229 ] ] ] } },
{ "type": "Feature", "properties": { "buurtcode": "0363NH04", "buurtnaam": "Buikslotermeerplein" }, "geometry": { "type": "Polygon", "coordinates": [ [ [ 4.93585, 52.40107 ], [ 4.94038, 52.39925 ], [ 4.94095, 52.39925 ], [ 4.94259, 52.39975 ], [ 4.94336, 52.39977 ], [ 4.94733, 52.39863 ], [ 4.94656, 52.39791 ], [ 4.94576, 52.39775 ], [ 4.94478, 52.39807 ], [ 4.94237, 52.39581 ], [ 4.93353, 52.39926 ], [ 4.93585, 52.40107 ] ] ] } },
{ "type": "Feature", "properties": { "buurtcode": "0363NH05", "buurtnaam": "Plan van Gool" }, "geometry": { "type": "Polygon", "coordinates": [ [ [ 4.93353, 52.39926 ], [ 4.94237, 52.39581 ], [ 4.94093, 52.39447 ], [ 4.93996, 52.39469 ], [ 4.93677, 52.39357 ], [ 4.93431, 52.39433 ], [ 4.92972, 52.39619 ], [ 4.93084, 52.39719 ], [ 4.93353, 52.39926 ] ] ] } },
{ "type": "Feature", "properties": { "buurtcode": "0363NH06", "buurtnaam": "Rode Kruisbuurt" }, "geometry": { "type": "Polygon", "coordinates": [ [ [ 4.92805, 52.3969 ], [ 4.93178, 52.3953 ], [ 4.93431, 52.39433 ], [ 4.93677, 52.39357 ], [ 4.93502, 52.39308 ], [ 4.93364, 52.39302 ], [ 4.92454, 52.39526 ], [ 4.92569, 52.39657 ], [ 4.92661, 52.39744 ], [ 4.92805, 52.3969 ] ] ] } },
{ "type": "Feature", "properties": { "buurtcode": "0363NJ01", "buurtnaam": "Markengouw-Noord" }, "geometry": { "type": "Polygon", "coordinates": [ [ [ 4.9518, 52.4028 ], [ 4.95396, 52.40165 ], [ 4.95075, 52.39761 ], [ 4.94733, 52.39863 ], [ 4.9518, 52.4028 ] ] ] } },
{ "type": "Feature", "properties": { "buurtcode": "0363NJ02", "buurtnaam": "Markengouw-Midden" }, "geometry": { "type": "Polygon", "coordinates": [ [ [ 4.95396, 52.40165 ], [ 4.95766, 52.39932 ], [ 4.95971, 52.39776 ], [ 4.96166, 52.39597 ], [ 4.96354, 52.39389 ], [ 4.9573, 52.39218 ], [ 4.95454, 52.39596 ], [ 4.95418, 52.39632 ], [ 4.95317, 52.39688 ], [ 4.95075, 52.39761 ], [ 4.95396, 52.40165 ] ] ] } },
{ "type": "Feature", "properties": { "buurtcode": "0363NJ03", "buurtnaam": "Markengouw-Zuid" }, "geometry": { "type": "Polygon", "coordinates": [ [ [ 4.96686, 52.39 ], [ 4.9603, 52.38849 ], [ 4.95998, 52.38868 ], [ 4.95941, 52.38931 ], [ 4.9573, 52.39218 ], [ 4.96354, 52.39389 ], [ 4.96686, 52.39 ] ] ] } },
{ "type": "Feature", "properties": { "buurtcode": "0363NJ04", "buurtnaam": "Werengouw-Noord" }, "geometry": { "type": "Polygon", "coordinates": [ [ [ 4.95075, 52.39761 ], [ 4.94913, 52.39558 ], [ 4.94649, 52.39636 ], [ 4.94421, 52.39349 ], [ 4.94093, 52.39447 ], [ 4.94478, 52.39807 ], [ 4.94576, 52.39775 ], [ 4.94656, 52.39791 ], [ 4.94733, 52.39863 ], [ 4.95075, 52.39761 ] ] ] } },
{ "type": "Feature", "properties": { "buurtcode": "0363NJ05", "buurtnaam": "Werengouw-Midden" }, "geometry": { "type": "Polygon", "coordinates": [ [ [ 4.95293, 52.39696 ], [ 4.95372, 52.39663 ], [ 4.95434, 52.39618 ], [ 4.9573, 52.39218 ], [ 4.95193, 52.39071 ], [ 4.9516, 52.39129 ], [ 4.94421, 52.39349 ], [ 4.94649, 52.39636 ], [ 4.94913, 52.39558 ], [ 4.95075, 52.39761 ], [ 4.95293, 52.39696 ] ] ] } },
{ "type": "Feature", "properties": { "buurtcode": "0363NJ06", "buurtnaam": "Werengouw-Zuid" }, "geometry": { "type": "Polygon", "coordinates": [ [ [ 4.9573, 52.39218 ], [ 4.95941, 52.38931 ], [ 4.95998, 52.38868 ], [ 4.9603, 52.38849 ], [ 4.96012, 52.38828 ], [ 4.95391, 52.38675 ], [ 4.95242, 52.38631 ], [ 4.95242, 52.38983 ], [ 4.95193, 52.39071 ], [ 4.9573, 52.39218 ] ] ] } },
{ "type": "Feature", "properties": { "buurtcode": "0363NK01", "buurtnaam": "Bloemenbuurt-Noord" }, "geometry": { "type": "Polygon", "coordinates": [ [ [ 4.90892, 52.40095 ], [ 4.91067, 52.40078 ], [ 4.91325, 52.40083 ], [ 4.91399, 52.40077 ], [ 4.91515, 52.40094 ], [ 4.91565, 52.40093 ], [ 4.91976, 52.39996 ], [ 4.9208, 52.39939 ], [ 4.92126, 52.39934 ], [ 4.92154, 52.39907 ], [ 4.92096, 52.39884 ], [ 4.92082, 52.39865 ], [ 4.92082, 52.39848 ], [ 4.92218, 52.39691 ], [ 4.92226, 52.39666 ], [ 4.92221, 52.39628 ], [ 4.92131, 52.39457 ], [ 4.91413, 52.39606 ], [ 4.91387, 52.39676 ], [ 4.91328, 52.39762 ], [ 4.91254, 52.39835 ], [ 4.91123, 52.39932 ], [ 4.91084, 52.39999 ], [ 4.90913, 52.3998 ], [ 4.90892, 52.40095 ] ] ] } },
{ "type": "Feature", "properties": { "buurtcode": "0363NK02", "buurtnaam": "Bloemenbuurt-Zuid" }, "geometry": { "type": "Polygon", "coordinates": [ [ [ 4.91101, 52.3996 ], [ 4.91139, 52.39918 ], [ 4.91254, 52.39835 ], [ 4.91328, 52.39762 ], [ 4.91387, 52.39676 ], [ 4.91413, 52.39606 ], [ 4.92131, 52.39457 ], [ 4.91988, 52.3918 ], [ 4.91924, 52.39076 ], [ 4.91823, 52.38974 ], [ 4.91252, 52.39195 ], [ 4.91282, 52.39224 ], [ 4.91293, 52.39257 ], [ 4.91284, 52.39321 ], [ 4.91267, 52.39369 ], [ 4.9106, 52.39707 ], [ 4.91031, 52.39729 ], [ 4.90917, 52.39774 ], [ 4.90989, 52.39847 ], [ 4.90913, 52.3998 ], [ 4.91084, 52.39999 ], [ 4.91101, 52.3996 ] ] ] } },
{ "type": "Feature", "properties": { "buurtcode": "0363NK03", "buurtnaam": "Van der Pekbuurt" }, "geometry": { "type": "Polygon", "coordinates": [ [ [ 4.90956, 52.39295 ], [ 4.91088, 52.39286 ], [ 4.91273, 52.39214 ], [ 4.91252, 52.39195 ], [ 4.91823, 52.38974 ], [ 4.91718, 52.38885 ], [ 4.91603, 52.38801 ], [ 4.91378, 52.38666 ], [ 4.90209, 52.38119 ], [ 4.90118, 52.38156 ], [ 4.90005, 52.38215 ], [ 4.906, 52.38484 ], [ 4.90662, 52.38528 ], [ 4.90714, 52.38607 ], [ 4.90721, 52.38648 ], [ 4.90607, 52.38886 ], [ 4.9059, 52.38953 ], [ 4.90598, 52.39041 ], [ 4.90644, 52.39124 ], [ 4.90856, 52.39333 ], [ 4.90956, 52.39295 ] ] ] } },
{ "type": "Feature", "properties": { "buurtcode": "0363NL01", "buurtnaam": "Vogelbuurt-Noord" }, "geometry": { "type": "Polygon", "coordinates": [ [ [ 4.92154, 52.39907 ], [ 4.92262, 52.39784 ], [ 4.92324, 52.39667 ], [ 4.92408, 52.39386 ], [ 4.92426, 52.39374 ], [ 4.92411, 52.39346 ], [ 4.92465, 52.39131 ], [ 4.9246, 52.39115 ], [ 4.92503, 52.38956 ], [ 4.92495, 52.38889 ], [ 4.92471, 52.38842 ], [ 4.92516, 52.38831 ], [ 4.92649, 52.38843 ], [ 4.92699, 52.38839 ], [ 4.92967, 52.38742 ], [ 4.9285, 52.3863 ], [ 4.92839, 52.38635 ], [ 4.92829, 52.38625 ], [ 4.92488, 52.38756 ], [ 4.92391, 52.38756 ], [ 4.91823, 52.38974 ], [ 4.91924, 52.39076 ], [ 4.91988, 52.3918 ], [ 4.92225, 52.3964 ], [ 4.92224, 52.39678 ], [ 4.92211, 52.39703 ], [ 4.92086, 52.39841 ], [ 4.92082, 52.39865 ], [ 4.92104, 52.39889 ], [ 4.92154, 52.39907 ] ] ] } },
{ "type": "Feature", "properties": { "buurtcode": "0363NL02", "buurtnaam": "Vliegenbos" }, "geometry": { "type": "Polygon", "coordinates": [ [ [ 4.93355, 52.39144 ], [ 4.9384, 52.39077 ], [ 4.93962, 52.38994 ], [ 4.93837, 52.38673 ], [ 4.93296, 52.38761 ], [ 4.9325, 52.3865 ], [ 4.9323, 52.38642 ], [ 4.92716, 52.38835 ], [ 4.92649, 52.38843 ], [ 4.92516, 52.38831 ], [ 4.92471, 52.38842 ], [ 4.92495, 52.38889 ], [ 4.92504, 52.3894 ], [ 4.92475, 52.39067 ], [ 4.92859, 52.39115 ], [ 4.93355, 52.39144 ] ] ] } },
{ "type": "Feature", "properties": { "buurtcode": "0363NL03", "buurtnaam": "Vogelbuurt-Zuid" }, "geometry": { "type": "Polygon", "coordinates": [ [ [ 4.92391, 52.38756 ], [ 4.92264, 52.38634 ], [ 4.92228, 52.38612 ], [ 4.91965, 52.38568 ], [ 4.91861, 52.3854 ], [ 4.91788, 52.38506 ], [ 4.91612, 52.38384 ], [ 4.91547, 52.38353 ], [ 4.91456, 52.38323 ], [ 4.91313, 52.38305 ], [ 4.91117, 52.38324 ], [ 4.91053, 52.3832 ], [ 4.90966, 52.38365 ], [ 4.90942, 52.38369 ], [ 4.90917, 52.38363 ], [ 4.9086, 52.38322 ], [ 4.90827, 52.38313 ], [ 4.90747, 52.3837 ], [ 4.91273, 52.38614 ], [ 4.91445, 52.38703 ], [ 4.91662, 52.38842 ], [ 4.91823, 52.38974 ], [ 4.92391, 52.38756 ] ] ] } },
{ "type": "Feature", "properties": { "buurtcode": "0363NL04", "buurtnaam": "IJplein e.o." }, "geometry": { "type": "Polygon", "coordinates": [ [ [ 4.91925, 52.38454 ], [ 4.91881, 52.38449 ], [ 4.91911, 52.38357 ], [ 4.91904, 52.3834 ], [ 4.91985, 52.38081 ], [ 4.911, 52.37993 ], [ 4.90868, 52.37986 ], [ 4.90762, 52.37988 ], [ 4.90547, 52.3802 ], [ 4.90431, 52.38046 ], [ 4.90209, 52.38119 ], [ 4.90747, 52.3837 ], [ 4.90827, 52.38313 ], [ 4.9086, 52.38322 ], [ 4.90917, 52.38363 ], [ 4.90942, 52.38369 ], [ 4.90966, 52.38365 ], [ 4.91053, 52.3832 ], [ 4.91117, 52.38324 ], [ 4.9124, 52.38307 ], [ 4.9135, 52.38307 ], [ 4.91456, 52.38323 ], [ 4.91589, 52.38372 ], [ 4.91788, 52.38506 ], [ 4.91894, 52.38551 ], [ 4.91925, 52.38454 ] ] ] } },
{ "type": "Feature", "properties": { "buurtcode": "0363NM01", "buurtnaam": "Blauwe Zand" }, "geometry": { "type": "Polygon", "coordinates": [ [ [ 4.92454, 52.39526 ], [ 4.93389, 52.39299 ], [ 4.93319, 52.39257 ], [ 4.93347, 52.39237 ], [ 4.93372, 52.39249 ], [ 4.93393, 52.39229 ], [ 4.93324, 52.39184 ], [ 4.93178, 52.39183 ], [ 4.92741, 52.39151 ], [ 4.92743, 52.39144 ], [ 4.92514, 52.39118 ], [ 4.92471, 52.39265 ], [ 4.92421, 52.39484 ], [ 4.92454, 52.39526 ] ] ] } },
{ "type": "Feature", "properties": { "buurtcode": "0363NN01", "buurtnaam": "Tuindorp Nieuwendam-West" }, "geometry": { "type": "Polygon", "coordinates": [ [ [ 4.94019, 52.39469 ], [ 4.94337, 52.39374 ], [ 4.94262, 52.39276 ], [ 4.94103, 52.39125 ], [ 4.93861, 52.39164 ], [ 4.93688, 52.39241 ], [ 4.93574, 52.39265 ], [ 4.93502, 52.39308 ], [ 4.93621, 52.39337 ], [ 4.93996, 52.39469 ], [ 4.94019, 52.39469 ] ] ] } },
{ "type": "Feature", "properties": { "buurtcode": "0363NN02", "buurtnaam": "Tuindorp Nieuwendam-Oost" }, "geometry": { "type": "Polygon", "coordinates": [ [ [ 4.94337, 52.39374 ], [ 4.9516, 52.39129 ], [ 4.95242, 52.38983 ], [ 4.95242, 52.38672 ], [ 4.9498, 52.38662 ], [ 4.94794, 52.38688 ], [ 4.94781, 52.38697 ], [ 4.94792, 52.38704 ], [ 4.94754, 52.38712 ], [ 4.94649, 52.38786 ], [ 4.94436, 52.38965 ], [ 4.94284, 52.3904 ], [ 4.94192, 52.39103 ], [ 4.94103, 52.39125 ], [ 4.94262, 52.39276 ], [ 4.94337, 52.39374 ] ] ] } },
{ "type": "Feature", "properties": { "buurtcode": "0363NP01", "buurtnaam": "Hamerstraatkwartier-West" }, "geometry": { "type": "Polygon", "coordinates": [ [ [ 4.92488, 52.38756 ], [ 4.92829, 52.38625 ], [ 4.92803, 52.38599 ], [ 4.93735, 52.38241 ], [ 4.93108, 52.38214 ], [ 4.91985, 52.38081 ], [ 4.91904, 52.3834 ], [ 4.91911, 52.38357 ], [ 4.91881, 52.38449 ], [ 4.91925, 52.38454 ], [ 4.91894, 52.38551 ], [ 4.92213, 52.38607 ], [ 4.92264, 52.38634 ], [ 4.92391, 52.38756 ], [ 4.92488, 52.38756 ] ] ] } },
{ "type": "Feature", "properties": { "buurtcode": "0363NP02", "buurtnaam": "Hamerstraatkwartier-Oost" }, "geometry": { "type": "Polygon", "coordinates": [ [ [ 4.93296, 52.38761 ], [ 4.93758, 52.38687 ], [ 4.94453, 52.38564 ], [ 4.94318, 52.38251 ], [ 4.93983, 52.38251 ], [ 4.93735, 52.38241 ], [ 4.92803, 52.38599 ], [ 4.92839, 52.38635 ], [ 4.9285, 52.3863 ], [ 4.92967, 52.38742 ], [ 4.93222, 52.38644 ], [ 4.93243, 52.38644 ], [ 4.93296, 52.38761 ] ] ] } },
{ "type": "Feature", "properties": { "buurtcode": "0363NP03", "buurtnaam": "Bedrijventerrein Nieuwendammerdijk" }, "geometry": { "type": "Polygon", "coordinates": [ [ [ 4.95242, 52.38257 ], [ 4.94958, 52.3825 ], [ 4.94318, 52.38251 ], [ 4.94473, 52.3861 ], [ 4.94676, 52.38574 ], [ 4.94725, 52.38594 ], [ 4.94997, 52.38582 ], [ 4.95106, 52.38591 ], [ 4.95242, 52.38631 ], [ 4.95242, 52.38257 ] ] ] } },
{ "type": "Feature", "properties": { "buurtcode": "0363NQ01", "buurtnaam": "Noorderstrook-West" }, "geometry": { "type": "Polygon", "coordinates": [ [ [ 4.94416, 52.4117 ], [ 4.94429, 52.41128 ], [ 4.94447, 52.41106 ], [ 4.9499, 52.40786 ], [ 4.95163, 52.40765 ], [ 4.9568, 52.40643 ], [ 4.95845, 52.40581 ], [ 4.95866, 52.4056 ], [ 4.95901, 52.4048 ], [ 4.95943, 52.40352 ], [ 4.95943, 52.40315 ], [ 4.95783, 52.4014 ], [ 4.95742, 52.40131 ], [ 4.9556, 52.40157 ], [ 4.95535, 52.40149 ], [ 4.95491, 52.40109 ], [ 4.95123, 52.40308 ], [ 4.9475, 52.40472 ], [ 4.94509, 52.40562 ], [ 4.9425, 52.40646 ], [ 4.93663, 52.40805 ], [ 4.93485, 52.40862 ], [ 4.93311, 52.40931 ], [ 4.92965, 52.41101 ], [ 4.93012, 52.41135 ], [ 4.9308, 52.41163 ], [ 4.93514, 52.41204 ], [ 4.93949, 52.41318 ], [ 4.94265, 52.41386 ], [ 4.94416, 52.4117 ] ] ] } },
{ "type": "Feature", "properties": { "buurtcode": "0363NQ02", "buurtnaam": "Noorderstrook-Oost" }, "geometry": { "type": "Polygon", "coordinates": [ [ [ 4.95885, 52.40248 ], [ 4.96182, 52.40082 ], [ 4.96311, 52.39998 ], [ 4.96436, 52.39902 ], [ 4.96551, 52.39802 ], [ 4.96653, 52.39702 ], [ 4.96751, 52.39591 ], [ 4.9698, 52.39276 ], [ 4.97084, 52.39151 ], [ 4.97005, 52.39133 ], [ 4.96966, 52.39142 ], [ 4.9687, 52.39119 ], [ 4.96845, 52.39099 ], [ 4.96884, 52.39077 ], [ 4.96907, 52.39053 ], [ 4.96686, 52.39 ], [ 4.96281, 52.39474 ], [ 4.96123, 52.3964 ], [ 4.95862, 52.39861 ], [ 4.95656, 52.40006 ], [ 4.95491, 52.40109 ], [ 4.95535, 52.40149 ], [ 4.9556, 52.40157 ], [ 4.95742, 52.40131 ], [ 4.95773, 52.40135 ], [ 4.95794, 52.40147 ], [ 4.95885, 52.40248 ] ] ] } },
{ "type": "Feature", "properties": { "buurtcode": "0363NQ03", "buurtnaam": "Zunderdorp" }, "geometry": { "type": "Polygon", "coordinates": [ [ [ 4.98264, 52.42676 ], [ 4.9871, 52.42284 ], [ 4.98777, 52.42327 ], [ 4.98883, 52.42325 ], [ 4.98918, 52.42337 ], [ 4.99041, 52.42452 ], [ 4.99035, 52.42517 ], [ 4.99045, 52.42552 ], [ 4.99049, 52.42543 ], [ 4.99137, 52.4254 ], [ 4.99153, 52.42546 ], [ 4.99346, 52.4254 ], [ 4.99544, 52.42549 ], [ 5.00029, 52.42541 ], [ 5.00109, 52.42334 ], [ 5.00233, 52.42237 ], [ 5.00245, 52.4222 ], [ 5.0024, 52.42108 ], [ 5.00145, 52.42061 ], [ 5.0011, 52.42015 ], [ 5.00113, 52.41951 ], [ 5.00148, 52.41883 ], [ 5.00215, 52.41808 ], [ 5.00274, 52.41758 ], [ 5.00339, 52.41715 ], [ 5.00425, 52.41677 ], [ 5.00523, 52.41645 ], [ 5.00779, 52.41602 ], [ 5.00869, 52.41612 ], [ 5.00877, 52.41599 ], [ 5.00873, 52.41579 ], [ 5.00891, 52.4156 ], [ 5.00901, 52.41497 ], [ 5.0093, 52.41457 ], [ 5.00939, 52.41403 ], [ 5.00924, 52.41392 ], [ 5.00631, 52.4129 ], [ 5.00509, 52.41238 ], [ 4.98388, 52.40261 ], [ 4.98049, 52.40119 ], [ 4.97938, 52.40064 ], [ 4.97926, 52.40052 ], [ 4.97925, 52.40037 ], [ 4.97977, 52.40017 ], [ 4.982, 52.39861 ], [ 4.98118, 52.39832 ], [ 4.98037, 52.39784 ], [ 4.97894, 52.39739 ], [ 4.97612, 52.39692 ], [ 4.97464, 52.39685 ], [ 4.97338, 52.39714 ], [ 4.97109, 52.3967 ], [ 4.97036, 52.39681 ], [ 4.96719, 52.39629 ], [ 4.96551, 52.39802 ], [ 4.96351, 52.39969 ], [ 4.96182, 52.40082 ], [ 4.95885, 52.40248 ], [ 4.95943, 52.40315 ], [ 4.95947, 52.40336 ], [ 4.95901, 52.4048 ], [ 4.95873, 52.40548 ], [ 4.95852, 52.40575 ], [ 4.9568, 52.40643 ], [ 4.95163, 52.40765 ], [ 4.95007, 52.40782 ], [ 4.94965, 52.40797 ], [ 4.94447, 52.41106 ], [ 4.94429, 52.41128 ], [ 4.94416, 52.4117 ], [ 4.94265, 52.41386 ], [ 4.94407, 52.41434 ], [ 4.94478, 52.41502 ], [ 4.9451, 52.41557 ], [ 4.9457, 52.41709 ], [ 4.94779, 52.42156 ], [ 4.94853, 52.42142 ], [ 4.94971, 52.42193 ], [ 4.94981, 52.42186 ], [ 4.95148, 52.42193 ], [ 4.95164, 52.42242 ], [ 4.95163, 52.42265 ], [ 4.95152, 52.42302 ], [ 4.95133, 52.42323 ], [ 4.95277, 52.42368 ], [ 4.95283, 52.42362 ], [ 4.95249, 52.42349 ], [ 4.95261, 52.42326 ], [ 4.9536, 52.42221 ], [ 4.95588, 52.42244 ], [ 4.95595, 52.42195 ], [ 4.95634, 52.42205 ], [ 4.97332, 52.4228 ], [ 4.98264, 52.42676 ] ] ] } },
{ "type": "Feature", "properties": { "buurtcode": "0363NQ04", "buurtnaam": "Schellingwoude-West" }, "geometry": { "type": "Polygon", "coordinates": [ [ [ 4.95428, 52.38635 ], [ 4.95697, 52.38616 ], [ 4.95903, 52.38553 ], [ 4.96326, 52.38384 ], [ 4.96148, 52.38235 ], [ 4.96132, 52.38211 ], [ 4.96061, 52.38166 ], [ 4.95965, 52.38209 ], [ 4.95841, 52.38247 ], [ 4.95671, 52.38265 ], [ 4.95242, 52.38257 ], [ 4.95242, 52.38631 ], [ 4.95428, 52.38635 ] ] ] } },
{ "type": "Feature", "properties": { "buurtcode": "0363NQ05", "buurtnaam": "Schellingwoude-Oost" }, "geometry": { "type": "Polygon", "coordinates": [ [ [ 4.96686, 52.39 ], [ 4.96994, 52.38629 ], [ 4.97109, 52.38471 ], [ 4.97232, 52.38258 ], [ 4.97314, 52.38067 ], [ 4.97356, 52.37934 ], [ 4.97375, 52.37857 ], [ 4.97346, 52.37837 ], [ 4.97299, 52.37981 ], [ 4.97284, 52.37983 ], [ 4.96969, 52.37938 ], [ 4.96939, 52.37927 ], [ 4.9686, 52.37932 ], [ 4.96839, 52.37948 ], [ 4.96667, 52.3782 ], [ 4.96655, 52.37826 ], [ 4.96829, 52.37956 ], [ 4.96577, 52.38187 ], [ 4.96521, 52.38215 ], [ 4.96421, 52.38298 ], [ 4.9633, 52.38359 ], [ 4.96116, 52.3818 ], [ 4.9615, 52.38165 ], [ 4.96145, 52.38161 ], [ 4.96132, 52.38166 ], [ 4.96118, 52.38156 ], [ 4.96162, 52.38132 ], [ 4.96122, 52.38149 ], [ 4.96115, 52.38141 ], [ 4.96061, 52.38166 ], [ 4.96132, 52.38211 ], [ 4.96148, 52.38235 ], [ 4.96322, 52.38386 ], [ 4.95903, 52.38553 ], [ 4.95697, 52.38616 ], [ 4.95483, 52.38634 ], [ 4.95242, 52.38631 ], [ 4.95391, 52.38675 ], [ 4.95998, 52.38821 ], [ 4.96044, 52.38855 ], [ 4.96686, 52.39 ] ] ] } },
{ "type": "Feature", "properties": { "buurtcode": "0363NQ06", "buurtnaam": "Schellingwoude-Noord" }, "geometry": { "type": "Polygon", "coordinates": [ [ [ 4.97084, 52.39151 ], [ 4.97335, 52.38809 ], [ 4.97427, 52.38831 ], [ 4.9762, 52.38566 ], [ 4.97548, 52.38551 ], [ 4.97626, 52.38357 ], [ 4.9766, 52.38178 ], [ 4.97333, 52.38011 ], [ 4.97232, 52.38258 ], [ 4.97109, 52.38471 ], [ 4.96994, 52.38629 ], [ 4.96686, 52.39 ], [ 4.96907, 52.39053 ], [ 4.96884, 52.39077 ], [ 4.96845, 52.39099 ], [ 4.9687, 52.39119 ], [ 4.96966, 52.39142 ], [ 4.97005, 52.39133 ], [ 4.97084, 52.39151 ] ] ] } },
{ "type": "Feature", "properties": { "buurtcode": "0363NQ07", "buurtnaam": "Zwarte Gouw" }, "geometry": { "type": "Polygon", "coordinates": [ [ [ 4.982, 52.39861 ], [ 4.98227, 52.39805 ], [ 4.9822, 52.39704 ], [ 4.98229, 52.39623 ], [ 4.98254, 52.39606 ], [ 4.98331, 52.39601 ], [ 4.98355, 52.39584 ], [ 4.98428, 52.39406 ], [ 4.9844, 52.39388 ], [ 4.98463, 52.39375 ], [ 4.98427, 52.39365 ], [ 4.9847, 52.39185 ], [ 4.98495, 52.39118 ], [ 4.98559, 52.39037 ], [ 4.98717, 52.3887 ], [ 4.98524, 52.38794 ], [ 4.98734, 52.38622 ], [ 4.98891, 52.38481 ], [ 4.98825, 52.38443 ], [ 4.98713, 52.38415 ], [ 4.98518, 52.38351 ], [ 4.984, 52.38268 ], [ 4.98291, 52.38217 ], [ 4.98194, 52.3812 ], [ 4.98164, 52.38108 ], [ 4.97696, 52.37961 ], [ 4.97622, 52.37969 ], [ 4.97462, 52.37896 ], [ 4.97397, 52.37944 ], [ 4.97412, 52.37873 ], [ 4.97375, 52.37857 ], [ 4.97333, 52.38011 ], [ 4.9766, 52.38178 ], [ 4.97626, 52.38357 ], [ 4.97548, 52.38551 ], [ 4.9762, 52.38566 ], [ 4.97427, 52.38831 ], [ 4.97335, 52.38809 ], [ 4.96719, 52.39629 ], [ 4.97036, 52.39681 ], [ 4.97109, 52.3967 ], [ 4.97338, 52.39714 ], [ 4.97464, 52.39685 ], [ 4.97612, 52.39692 ], [ 4.97928, 52.39748 ], [ 4.98037, 52.39784 ], [ 4.98136, 52.3984 ], [ 4.982, 52.39861 ] ] ] } },
{ "type": "Feature", "properties": { "buurtcode": "0363NQ08", "buurtnaam": "Holysloot" }, "geometry": { "type": "Polygon", "coordinates": [ [ [ 5.00029, 52.42541 ], [ 5.01821, 52.41906 ], [ 5.01851, 52.41912 ], [ 5.02031, 52.4199 ], [ 5.02115, 52.42107 ], [ 5.02161, 52.42122 ], [ 5.02237, 52.42077 ], [ 5.02356, 52.42027 ], [ 5.02482, 52.42009 ], [ 5.02607, 52.42012 ], [ 5.02726, 52.41987 ], [ 5.02836, 52.41942 ], [ 5.02869, 52.41918 ], [ 5.02951, 52.41806 ], [ 5.02973, 52.41771 ], [ 5.03005, 52.41683 ], [ 5.03011, 52.41621 ], [ 5.03004, 52.41564 ], [ 5.03249, 52.41628 ], [ 5.03347, 52.41669 ], [ 5.03406, 52.41717 ], [ 5.0344, 52.41781 ], [ 5.03505, 52.4182 ], [ 5.03547, 52.41827 ], [ 5.03687, 52.41809 ], [ 5.03939, 52.41738 ], [ 5.04259, 52.41698 ], [ 5.04918, 52.41513 ], [ 5.05093, 52.41528 ], [ 5.05509, 52.41597 ], [ 5.05776, 52.41654 ], [ 5.06256, 52.41617 ], [ 5.06319, 52.41626 ], [ 5.06368, 52.41643 ], [ 5.06541, 52.41724 ], [ 5.06793, 52.41657 ], [ 5.06826, 52.41656 ], [ 5.06843, 52.41576 ], [ 5.06841, 52.41545 ], [ 5.06821, 52.41506 ], [ 5.06786, 52.41464 ], [ 5.0675, 52.41354 ], [ 5.06727, 52.41342 ], [ 5.06251, 52.41423 ], [ 5.05763, 52.41482 ], [ 5.05659, 52.4147 ], [ 5.05512, 52.41427 ], [ 5.05339, 52.41363 ], [ 5.05184, 52.41301 ], [ 5.05111, 52.41251 ], [ 5.04833, 52.40935 ], [ 5.0481, 52.40886 ], [ 5.04759, 52.40842 ], [ 5.04625, 52.40673 ], [ 5.04436, 52.40634 ], [ 5.04365, 52.40612 ], [ 5.04277, 52.40602 ], [ 5.04196, 52.40555 ], [ 5.04123, 52.40527 ], [ 5.03908, 52.40503 ], [ 5.03837, 52.40487 ], [ 5.03801, 52.40469 ], [ 5.03682, 52.40373 ], [ 5.03611, 52.4033 ], [ 5.03563, 52.40308 ], [ 5.03396, 52.40255 ], [ 5.03279, 52.40128 ], [ 5.03183, 52.40107 ], [ 5.03139, 52.40081 ], [ 5.03114, 52.40037 ], [ 5.02943, 52.39871 ], [ 5.02848, 52.39662 ], [ 5.02846, 52.39615 ], [ 5.02858, 52.39591 ], [ 5.02853, 52.39577 ], [ 5.0279, 52.39523 ], [ 5.02765, 52.39462 ], [ 5.02742, 52.39357 ], [ 5.02704, 52.39307 ], [ 5.02659, 52.39267 ], [ 5.02628, 52.39138 ], [ 5.02587, 52.39074 ], [ 5.02558, 52.38986 ], [ 5.02534, 52.3895 ], [ 5.02518, 52.38872 ], [ 5.0253, 52.38824 ], [ 5.02488, 52.38795 ], [ 5.01459, 52.39622 ], [ 5.01268, 52.39607 ], [ 5.01038, 52.39602 ], [ 5.00797, 52.39607 ], [ 5.00531, 52.39626 ], [ 5.00411, 52.39644 ], [ 5.0019, 52.39664 ], [ 4.99829, 52.39674 ], [ 4.99701, 52.39639 ], [ 4.99537, 52.39578 ], [ 4.993, 52.39512 ], [ 4.9893, 52.3947 ], [ 4.98815, 52.39438 ], [ 4.98521, 52.39374 ], [ 4.98475, 52.39373 ], [ 4.98451, 52.3938 ], [ 4.98428, 52.39406 ], [ 4.98351, 52.39589 ], [ 4.98323, 52.39603 ], [ 4.98254, 52.39606 ], [ 4.98229, 52.39623 ], [ 4.9822, 52.39704 ], [ 4.98227, 52.39805 ], [ 4.98209, 52.39851 ], [ 4.98063, 52.39961 ], [ 4.97977, 52.40017 ], [ 4.97925, 52.40037 ], [ 4.97931, 52.40059 ], [ 4.98049, 52.40119 ], [ 4.98388, 52.40261 ], [ 5.00509, 52.41238 ], [ 5.00631, 52.4129 ], [ 5.00924, 52.41392 ], [ 5.00939, 52.41403 ], [ 5.0093, 52.41457 ], [ 5.00901, 52.41497 ], [ 5.00891, 52.4156 ], [ 5.00873, 52.41579 ], [ 5.00877, 52.41599 ], [ 5.00869, 52.41612 ], [ 5.00779, 52.41602 ], [ 5.00523, 52.41645 ], [ 5.00425, 52.41677 ], [ 5.00339, 52.41715 ], [ 5.00274, 52.41758 ], [ 5.00215, 52.41808 ], [ 5.00148, 52.41883 ], [ 5.00113, 52.41951 ], [ 5.0011, 52.42015 ], [ 5.00145, 52.42061 ], [ 5.0024, 52.42108 ], [ 5.00245, 52.4222 ], [ 5.00233, 52.42237 ], [ 5.00109, 52.42334 ], [ 5.00029, 52.42541 ] ] ] } },
{ "type": "Feature", "properties": { "buurtcode": "0363NQ09", "buurtnaam": "Ransdorp" }, "geometry": { "type": "Polygon", "coordinates": [ [ [ 4.99875, 52.39675 ], [ 5.0019, 52.39664 ], [ 5.00411, 52.39644 ], [ 5.00531, 52.39626 ], [ 5.00797, 52.39607 ], [ 5.01038, 52.39602 ], [ 5.01268, 52.39607 ], [ 5.01459, 52.39622 ], [ 5.02451, 52.38831 ], [ 5.00882, 52.389 ], [ 5.00326, 52.38755 ], [ 5.0028, 52.38751 ], [ 5.00278, 52.38725 ], [ 5.00255, 52.38674 ], [ 5.00268, 52.38573 ], [ 4.9999, 52.38595 ], [ 4.99876, 52.38585 ], [ 4.99791, 52.38552 ], [ 4.99722, 52.3854 ], [ 4.99616, 52.38551 ], [ 4.99339, 52.3849 ], [ 4.99178, 52.38502 ], [ 4.98891, 52.38481 ], [ 4.98734, 52.38622 ], [ 4.98524, 52.38794 ], [ 4.98717, 52.3887 ], [ 4.98559, 52.39037 ], [ 4.98495, 52.39118 ], [ 4.9847, 52.39185 ], [ 4.98427, 52.39365 ], [ 4.98626, 52.39394 ], [ 4.9893, 52.3947 ], [ 4.993, 52.39512 ], [ 4.99537, 52.39578 ], [ 4.99798, 52.39669 ], [ 4.99875, 52.39675 ] ] ] } },
{ "type": "Feature", "properties": { "buurtcode": "0363NQ10", "buurtnaam": "Durgerdam" }, "geometry": { "type": "MultiPolygon", "coordinates": [ [ [ [ 5.01407, 52.37166 ], [ 5.01319, 52.37168 ], [ 5.01252, 52.37247 ], [ 5.01294, 52.37279 ], [ 5.01298, 52.373 ], [ 5.01314, 52.37307 ], [ 5.01449, 52.37303 ], [ 5.0147, 52.37272 ], [ 5.01461, 52.37218 ], [ 5.01435, 52.37185 ], [ 5.01437, 52.37179 ], [ 5.01407, 52.37166 ] ] ], [ [ [ 4.97411, 52.37807 ], [ 4.97432, 52.37649 ], [ 4.97436, 52.37411 ], [ 4.97394, 52.37434 ], [ 4.97388, 52.37646 ], [ 4.97364, 52.37809 ], [ 4.97346, 52.37837 ], [ 4.97412, 52.37873 ], [ 4.97411, 52.37807 ] ] ], [ [ [ 5.01608, 52.37701 ], [ 5.01438, 52.37417 ], [ 5.01409, 52.37425 ], [ 5.01414, 52.37439 ], [ 5.01429, 52.3745 ], [ 5.01427, 52.37477 ], [ 5.0145, 52.37488 ], [ 5.01461, 52.37507 ], [ 5.01458, 52.37521 ], [ 5.01472, 52.3753 ], [ 5.01473, 52.37554 ], [ 5.01493, 52.37569 ], [ 5.01514, 52.37614 ], [ 5.01516, 52.37672 ], [ 5.0153, 52.37691 ], [ 5.01514, 52.37689 ], [ 5.01516, 52.37717 ], [ 5.01527, 52.37729 ], [ 5.01544, 52.37718 ], [ 5.01576, 52.37716 ], [ 5.01585, 52.37735 ], [ 5.01617, 52.37743 ], [ 5.01644, 52.3779 ], [ 5.01655, 52.37836 ], [ 5.01694, 52.37871 ], [ 5.01693, 52.37893 ], [ 5.01669, 52.37906 ], [ 5.01696, 52.37911 ], [ 5.01693, 52.37926 ], [ 5.01717, 52.37949 ], [ 5.01734, 52.37998 ], [ 5.01778, 52.38013 ], [ 5.01788, 52.38052 ], [ 5.01809, 52.38071 ], [ 5.01798, 52.38083 ], [ 5.01803, 52.3812 ], [ 5.01826, 52.38149 ], [ 5.01849, 52.38211 ], [ 5.01867, 52.38237 ], [ 5.01917, 52.38285 ], [ 5.01919, 52.38299 ], [ 5.01953, 52.38308 ], [ 5.02018, 52.38348 ], [ 5.02013, 52.38356 ], [ 5.02067, 52.38379 ], [ 5.02169, 52.38482 ], [ 5.02213, 52.38537 ], [ 5.02214, 52.38549 ], [ 5.02269, 52.3859 ], [ 5.02292, 52.38599 ], [ 5.02312, 52.38624 ], [ 5.02305, 52.38635 ], [ 5.02352, 52.38684 ], [ 5.02391, 52.38678 ], [ 5.02107, 52.38369 ], [ 5.019, 52.38119 ], [ 5.01735, 52.37892 ], [ 5.01608, 52.37701 ] ] ], [ [ [ 5.02255, 52.3874 ], [ 5.02165, 52.38736 ], [ 5.0203, 52.38702 ], [ 5.019, 52.38654 ], [ 5.01878, 52.38628 ], [ 5.01815, 52.3851 ], [ 5.01764, 52.38463 ], [ 5.01714, 52.38437 ], [ 5.01616, 52.38424 ], [ 5.01412, 52.38456 ], [ 5.01287, 52.38421 ], [ 5.01314, 52.38396 ], [ 5.01308, 52.38348 ], [ 5.01206, 52.38336 ], [ 5.01183, 52.38341 ], [ 5.01129, 52.38329 ], [ 5.01087, 52.38309 ], [ 5.01092, 52.38265 ], [ 5.01121, 52.38217 ], [ 5.01146, 52.38214 ], [ 5.01199, 52.38229 ], [ 5.0124, 52.38225 ], [ 5.01296, 52.38235 ], [ 5.01327, 52.38204 ], [ 5.01329, 52.38195 ], [ 5.01317, 52.3818 ], [ 5.0135, 52.38183 ], [ 5.01363, 52.38175 ], [ 5.01355, 52.38145 ], [ 5.01339, 52.38132 ], [ 5.01378, 52.38082 ], [ 5.0137, 52.37997 ], [ 5.01356, 52.37979 ], [ 5.01357, 52.37962 ], [ 5.01368, 52.37947 ], [ 5.01363, 52.37898 ], [ 5.01351, 52.37884 ], [ 5.01357, 52.37868 ], [ 5.01323, 52.37834 ], [ 5.0128, 52.37817 ], [ 5.01265, 52.3778 ], [ 5.01239, 52.37765 ], [ 5.01245, 52.37745 ], [ 5.01273, 52.37738 ], [ 5.01306, 52.37712 ], [ 5.01267, 52.37662 ], [ 5.0124, 52.37652 ], [ 5.01225, 52.37612 ], [ 5.01172, 52.37588 ], [ 5.01171, 52.37562 ], [ 5.0121, 52.37492 ], [ 5.01167, 52.37463 ], [ 5.01195, 52.37445 ], [ 5.01186, 52.37425 ], [ 5.01152, 52.37404 ], [ 5.01286, 52.37322 ], [ 5.01281, 52.37319 ], [ 5.01189, 52.37371 ], [ 5.00955, 52.37293 ], [ 5.0092, 52.37298 ], [ 5.00836, 52.37256 ], [ 5.00775, 52.37271 ], [ 5.00654, 52.37354 ], [ 5.00176, 52.37492 ], [ 5.00131, 52.37527 ], [ 5.00081, 52.37708 ], [ 4.9999, 52.37823 ], [ 4.99862, 52.37878 ], [ 4.99811, 52.37866 ], [ 4.99774, 52.37832 ], [ 4.99749, 52.37835 ], [ 4.99704, 52.37822 ], [ 4.99596, 52.37815 ], [ 4.9947, 52.37771 ], [ 4.99396, 52.37787 ], [ 4.99366, 52.37814 ], [ 4.99371, 52.37823 ], [ 4.99438, 52.37853 ], [ 4.9979, 52.37948 ], [ 4.9981, 52.37941 ], [ 4.99843, 52.37951 ], [ 4.99836, 52.37982 ], [ 4.99218, 52.3781 ], [ 4.99133, 52.37775 ], [ 4.99146, 52.37763 ], [ 4.99125, 52.37754 ], [ 4.99131, 52.37749 ], [ 4.99154, 52.37756 ], [ 4.99171, 52.37745 ], [ 4.99178, 52.37725 ], [ 4.99256, 52.37716 ], [ 4.99131, 52.37722 ], [ 4.99075, 52.37743 ], [ 4.99057, 52.37739 ], [ 4.98974, 52.3776 ], [ 4.98935, 52.37753 ], [ 4.98786, 52.37683 ], [ 4.98745, 52.37635 ], [ 4.98532, 52.37508 ], [ 4.98453, 52.37476 ], [ 4.98376, 52.37403 ], [ 4.98306, 52.3739 ], [ 4.98235, 52.3739 ], [ 4.982, 52.37377 ], [ 4.9818, 52.37351 ], [ 4.98166, 52.37346 ], [ 4.98107, 52.37377 ], [ 4.98038, 52.37367 ], [ 4.98012, 52.37372 ], [ 4.97928, 52.37488 ], [ 4.9785, 52.37577 ], [ 4.97698, 52.37688 ], [ 4.97462, 52.37896 ], [ 4.97622, 52.37969 ], [ 4.97696, 52.37961 ], [ 4.98164, 52.38108 ], [ 4.98194, 52.3812 ], [ 4.98291, 52.38217 ], [ 4.984, 52.38268 ], [ 4.98518, 52.38351 ], [ 4.98713, 52.38415 ], [ 4.98825, 52.38443 ], [ 4.9889, 52.38481 ], [ 4.99178, 52.38502 ], [ 4.99339, 52.3849 ], [ 4.99616, 52.38551 ], [ 4.99722, 52.3854 ], [ 4.99791, 52.38552 ], [ 4.99876, 52.38585 ], [ 4.9999, 52.38595 ], [ 5.00268, 52.38573 ], [ 5.00255, 52.38674 ], [ 5.00278, 52.38725 ], [ 5.0028, 52.38751 ], [ 5.00326, 52.38755 ], [ 5.00882, 52.389 ], [ 5.02451, 52.38831 ], [ 5.02488, 52.38795 ], [ 5.02255, 52.3874 ] ] ] ] } },
{ "type": "Feature", "properties": { "buurtcode": "0363SA01", "buurtnaam": "Landelijk gebied Driemond" }, "geometry": { "type": "Polygon", "coordinates": [ [ [ 5.01613, 52.32451 ], [ 5.01632, 52.32424 ], [ 5.01642, 52.32364 ], [ 5.01655, 52.32344 ], [ 5.01665, 52.32299 ], [ 5.01793, 52.32319 ], [ 5.01826, 52.32065 ], [ 5.02046, 52.30821 ], [ 5.01703, 52.30803 ], [ 5.01712, 52.3075 ], [ 5.01622, 52.30755 ], [ 5.01598, 52.30781 ], [ 5.01447, 52.30766 ], [ 5.01387, 52.30837 ], [ 5.01414, 52.30898 ], [ 5.01409, 52.30906 ], [ 5.01373, 52.30915 ], [ 5.01348, 52.30859 ], [ 5.01313, 52.30828 ], [ 5.0112, 52.30762 ], [ 5.01089, 52.30759 ], [ 5.01075, 52.3082 ], [ 5.01059, 52.30842 ], [ 5.00994, 52.30827 ], [ 5.00884, 52.30915 ], [ 5.00806, 52.30959 ], [ 5.00684, 52.30995 ], [ 5.00392, 52.31022 ], [ 5.0024, 52.3106 ], [ 5.00162, 52.31094 ], [ 4.9972, 52.3135 ], [ 4.99965, 52.31496 ], [ 5.00153, 52.31591 ], [ 5.00652, 52.31908 ], [ 5.00975, 52.32084 ], [ 5.01518, 52.324 ], [ 5.01613, 52.32451 ] ] ] } },
{ "type": "Feature", "properties": { "buurtcode": "0363SA02", "buurtnaam": "Dorp Driemond" }, "geometry": { "type": "Polygon", "coordinates": [ [ [ 5.01409, 52.30906 ], [ 5.01414, 52.30898 ], [ 5.01387, 52.30837 ], [ 5.01447, 52.30766 ], [ 5.01598, 52.30781 ], [ 5.01622, 52.30755 ], [ 5.01712, 52.3075 ], [ 5.01703, 52.30803 ], [ 5.02046, 52.30821 ], [ 5.02138, 52.30362 ], [ 5.02154, 52.30246 ], [ 5.01948, 52.3025 ], [ 5.0181, 52.30262 ], [ 5.01669, 52.30288 ], [ 5.01426, 52.30368 ], [ 5.01423, 52.30359 ], [ 5.01272, 52.30358 ], [ 5.01265, 52.30388 ], [ 5.01183, 52.30378 ], [ 5.01131, 52.30428 ], [ 5.01189, 52.3045 ], [ 5.01112, 52.30489 ], [ 5.01102, 52.30484 ], [ 5.01067, 52.30495 ], [ 5.01044, 52.30485 ], [ 5.00958, 52.3053 ], [ 5.0099, 52.30556 ], [ 5.00949, 52.30603 ], [ 5.0102, 52.30615 ], [ 5.01, 52.30641 ], [ 5.0096, 52.30722 ], [ 5.00885, 52.30715 ], [ 5.00858, 52.30702 ], [ 5.00827, 52.30711 ], [ 5.00834, 52.30725 ], [ 5.0085, 52.30733 ], [ 5.01021, 52.30773 ], [ 5.00994, 52.30827 ], [ 5.01059, 52.30842 ], [ 5.01075, 52.3082 ], [ 5.01089, 52.30759 ], [ 5.0112, 52.30762 ], [ 5.01297, 52.3082 ], [ 5.01348, 52.30859 ], [ 5.01373, 52.30915 ], [ 5.01409, 52.30906 ] ] ] } },
{ "type": "Feature", "properties": { "buurtcode": "0363SB01", "buurtnaam": "Weespersluis-Noord" }, "geometry": { "type": "Polygon", "coordinates": [ [ [ 5.02203, 52.33087 ], [ 5.02482, 52.33063 ], [ 5.02729, 52.3308 ], [ 5.02866, 52.33079 ], [ 5.03293, 52.33025 ], [ 5.04053, 52.32887 ], [ 5.04254, 52.32826 ], [ 5.04355, 52.32778 ], [ 5.0439, 52.32799 ], [ 5.04486, 52.32745 ], [ 5.0444, 52.32715 ], [ 5.04533, 52.32681 ], [ 5.04638, 52.32673 ], [ 5.04798, 52.327 ], [ 5.04901, 52.327 ], [ 5.05407, 52.32581 ], [ 5.05519, 52.32563 ], [ 5.05557, 52.32553 ], [ 5.05565, 52.32542 ], [ 5.05581, 52.32544 ], [ 5.05816, 52.32483 ], [ 5.06011, 52.32405 ], [ 5.06151, 52.32367 ], [ 5.0611, 52.32208 ], [ 5.06144, 52.32204 ], [ 5.06152, 52.32182 ], [ 5.06067, 52.3213 ], [ 5.06013, 52.32107 ], [ 5.05666, 52.3228 ], [ 5.05682, 52.32312 ], [ 5.05664, 52.32316 ], [ 5.0567, 52.32348 ], [ 5.05164, 52.32373 ], [ 5.05167, 52.32431 ], [ 5.04763, 52.32459 ], [ 5.04779, 52.32553 ], [ 5.04765, 52.32563 ], [ 5.04561, 52.32567 ], [ 5.04101, 52.3251 ], [ 5.04101, 52.32535 ], [ 5.03752, 52.32569 ], [ 5.03762, 52.32605 ], [ 5.03614, 52.3262 ], [ 5.03597, 52.3257 ], [ 5.03502, 52.32586 ], [ 5.03494, 52.32565 ], [ 5.03401, 52.32578 ], [ 5.03369, 52.32504 ], [ 5.0323, 52.32542 ], [ 5.03256, 52.32597 ], [ 5.03109, 52.32626 ], [ 5.03113, 52.32631 ], [ 5.03, 52.32661 ], [ 5.02966, 52.32614 ], [ 5.02825, 52.32652 ], [ 5.02861, 52.32701 ], [ 5.02785, 52.32724 ], [ 5.02763, 52.32697 ], [ 5.02691, 52.32717 ], [ 5.02372, 52.32341 ], [ 5.02442, 52.32319 ], [ 5.02336, 52.32222 ], [ 5.01842, 52.32434 ], [ 5.01811, 52.32782 ], [ 5.01759, 52.3295 ], [ 5.01727, 52.33019 ], [ 5.02015, 52.33072 ], [ 5.02203, 52.33087 ] ] ] } },
{ "type": "Feature", "properties": { "buurtcode": "0363SB02", "buurtnaam": "Waterrijk" }, "geometry": { "type": "Polygon", "coordinates": [ [ [ 5.02861, 52.32701 ], [ 5.02825, 52.32652 ], [ 5.02966, 52.32614 ], [ 5.03, 52.32661 ], [ 5.03113, 52.32631 ], [ 5.03109, 52.32626 ], [ 5.03256, 52.32597 ], [ 5.0323, 52.32542 ], [ 5.03369, 52.32504 ], [ 5.03401, 52.32578 ], [ 5.03494, 52.32565 ], [ 5.03502, 52.32586 ], [ 5.03597, 52.3257 ], [ 5.03614, 52.3262 ], [ 5.03762, 52.32605 ], [ 5.03752, 52.32569 ], [ 5.04101, 52.32535 ], [ 5.04101, 52.3251 ], [ 5.04561, 52.32567 ], [ 5.04765, 52.32563 ], [ 5.04779, 52.32553 ], [ 5.04763, 52.32459 ], [ 5.05167, 52.32431 ], [ 5.05164, 52.32373 ], [ 5.0567, 52.32348 ], [ 5.05664, 52.32316 ], [ 5.05682, 52.32312 ], [ 5.05666, 52.3228 ], [ 5.06013, 52.32107 ], [ 5.05814, 52.32042 ], [ 5.05674, 52.3196 ], [ 5.05644, 52.31992 ], [ 5.05223, 52.32146 ], [ 5.05162, 52.32099 ], [ 5.05049, 52.32032 ], [ 5.04789, 52.32131 ], [ 5.04716, 52.32064 ], [ 5.04539, 52.32122 ], [ 5.04389, 52.32161 ], [ 5.04125, 52.32199 ], [ 5.04116, 52.32183 ], [ 5.03735, 52.32244 ], [ 5.03713, 52.32215 ], [ 5.03488, 52.32255 ], [ 5.03479, 52.3224 ], [ 5.03254, 52.32272 ], [ 5.03237, 52.32247 ], [ 5.03109, 52.3227 ], [ 5.031, 52.32254 ], [ 5.02923, 52.32286 ], [ 5.02904, 52.32259 ], [ 5.02651, 52.32306 ], [ 5.02626, 52.32276 ], [ 5.02524, 52.32307 ], [ 5.02516, 52.32298 ], [ 5.02372, 52.32341 ], [ 5.02691, 52.32717 ], [ 5.02763, 52.32697 ], [ 5.02785, 52.32724 ], [ 5.02861, 52.32701 ] ] ] } },
{ "type": "Feature", "properties": { "buurtcode": "0363SB03", "buurtnaam": "Lanenrijk" }, "geometry": { "type": "Polygon", "coordinates": [ [ [ 5.02516, 52.32298 ], [ 5.02524, 52.32307 ], [ 5.02626, 52.32276 ], [ 5.02651, 52.32306 ], [ 5.02904, 52.32259 ], [ 5.02923, 52.32286 ], [ 5.031, 52.32254 ], [ 5.03109, 52.3227 ], [ 5.03237, 52.32247 ], [ 5.03254, 52.32272 ], [ 5.03479, 52.3224 ], [ 5.03488, 52.32255 ], [ 5.03713, 52.32215 ], [ 5.03735, 52.32244 ], [ 5.04116, 52.32183 ], [ 5.04125, 52.32199 ], [ 5.04389, 52.32161 ], [ 5.0448, 52.32137 ], [ 5.04353, 52.31959 ], [ 5.04274, 52.31823 ], [ 5.04272, 52.31804 ], [ 5.04479, 52.31749 ], [ 5.04351, 52.31585 ], [ 5.03159, 52.31841 ], [ 5.02971, 52.31934 ], [ 5.02336, 52.32222 ], [ 5.02442, 52.32319 ], [ 5.02516, 52.32298 ] ] ] } },
{ "type": "Feature", "properties": { "buurtcode": "0363SB04", "buurtnaam": "Vechtrijk" }, "geometry": { "type": "Polygon", "coordinates": [ [ [ 5.05644, 52.31992 ], [ 5.05909, 52.31705 ], [ 5.05803, 52.31668 ], [ 5.05834, 52.31632 ], [ 5.05715, 52.31603 ], [ 5.05668, 52.31645 ], [ 5.05318, 52.31556 ], [ 5.05199, 52.31487 ], [ 5.05167, 52.3142 ], [ 5.052, 52.3135 ], [ 5.05025, 52.31367 ], [ 5.0493, 52.3139 ], [ 5.04843, 52.31399 ], [ 5.04855, 52.31477 ], [ 5.04351, 52.31585 ], [ 5.04479, 52.31749 ], [ 5.04272, 52.31804 ], [ 5.04274, 52.31823 ], [ 5.04353, 52.31959 ], [ 5.0448, 52.32137 ], [ 5.04716, 52.32064 ], [ 5.04789, 52.32131 ], [ 5.05049, 52.32032 ], [ 5.05162, 52.32099 ], [ 5.05223, 52.32146 ], [ 5.05644, 52.31992 ] ] ] } },
{ "type": "Feature", "properties": { "buurtcode": "0363SB05", "buurtnaam": "Leeuwenveld" }, "geometry": { "type": "Polygon", "coordinates": [ [ [ 5.03159, 52.31841 ], [ 5.04855, 52.31477 ], [ 5.04816, 52.31272 ], [ 5.048, 52.31254 ], [ 5.04757, 52.31233 ], [ 5.04679, 52.31224 ], [ 5.04579, 52.31121 ], [ 5.03987, 52.31443 ], [ 5.03159, 52.31841 ] ] ] } },
{ "type": "Feature", "properties": { "buurtcode": "0363SB06", "buurtnaam": "Bedrijventerrein Nijverheidslaan" }, "geometry": { "type": "Polygon", "coordinates": [ [ [ 5.0493, 52.3139 ], [ 5.05025, 52.31367 ], [ 5.052, 52.3135 ], [ 5.05374, 52.31248 ], [ 5.05663, 52.31139 ], [ 5.05692, 52.31069 ], [ 5.05625, 52.31036 ], [ 5.05488, 52.31015 ], [ 5.0519, 52.31 ], [ 5.04774, 52.30997 ], [ 5.04579, 52.31121 ], [ 5.04679, 52.31224 ], [ 5.04757, 52.31233 ], [ 5.048, 52.31254 ], [ 5.04816, 52.31272 ], [ 5.04825, 52.31301 ], [ 5.04843, 52.31399 ], [ 5.0493, 52.3139 ] ] ] } },
{ "type": "Feature", "properties": { "buurtcode": "0363SC01", "buurtnaam": "Bedrijventerrein-Noord Weesp" }, "geometry": { "type": "Polygon", "coordinates": [ [ [ 5.02305, 52.32236 ], [ 5.02971, 52.31934 ], [ 5.02811, 52.31803 ], [ 5.02756, 52.31735 ], [ 5.02745, 52.31706 ], [ 5.02734, 52.31621 ], [ 5.02733, 52.31028 ], [ 5.02245, 52.31026 ], [ 5.02301, 52.30716 ], [ 5.02312, 52.30715 ], [ 5.0233, 52.30603 ], [ 5.02413, 52.30573 ], [ 5.02331, 52.30488 ], [ 5.02282, 52.3046 ], [ 5.02127, 52.30418 ], [ 5.02071, 52.3068 ], [ 5.01833, 52.32025 ], [ 5.01793, 52.32319 ], [ 5.01849, 52.32329 ], [ 5.01842, 52.32434 ], [ 5.02305, 52.32236 ] ] ] } },
{ "type": "Feature", "properties": { "buurtcode": "0363SC02", "buurtnaam": "Hogewey-Noord" }, "geometry": { "type": "Polygon", "coordinates": [ [ [ 5.03159, 52.31841 ], [ 5.03214, 52.31641 ], [ 5.03241, 52.31573 ], [ 5.03339, 52.3143 ], [ 5.03041, 52.31382 ], [ 5.02734, 52.3138 ], [ 5.02736, 52.31666 ], [ 5.02756, 52.31735 ], [ 5.02811, 52.31803 ], [ 5.02971, 52.31934 ], [ 5.03159, 52.31841 ] ] ] } },
{ "type": "Feature", "properties": { "buurtcode": "0363SC03", "buurtnaam": "Hogewey-Midden" }, "geometry": { "type": "Polygon", "coordinates": [ [ [ 5.03339, 52.3143 ], [ 5.03637, 52.31029 ], [ 5.03483, 52.31021 ], [ 5.02733, 52.31028 ], [ 5.02734, 52.3138 ], [ 5.03041, 52.31382 ], [ 5.03339, 52.3143 ] ] ] } },
{ "type": "Feature", "properties": { "buurtcode": "0363SC04", "buurtnaam": "Hogewey-Zuid" }, "geometry": { "type": "Polygon", "coordinates": [ [ [ 5.02245, 52.31026 ], [ 5.03483, 52.31021 ], [ 5.03637, 52.31029 ], [ 5.03706, 52.30936 ], [ 5.037, 52.30909 ], [ 5.03715, 52.30878 ], [ 5.03278, 52.30786 ], [ 5.03054, 52.30778 ], [ 5.02754, 52.30788 ], [ 5.02686, 52.30778 ], [ 5.02597, 52.30738 ], [ 5.02442, 52.30607 ], [ 5.02413, 52.30573 ], [ 5.0233, 52.30603 ], [ 5.02312, 52.30715 ], [ 5.02301, 52.30716 ], [ 5.02245, 52.31026 ] ] ] } },
{ "type": "Feature", "properties": { "buurtcode": "0363SC05", "buurtnaam": "Weesp Dichtersbuurt" }, "geometry": { "type": "Polygon", "coordinates": [ [ [ 5.03987, 52.31443 ], [ 5.04647, 52.31084 ], [ 5.04774, 52.30997 ], [ 5.04665, 52.30962 ], [ 5.04549, 52.30988 ], [ 5.04439, 52.30995 ], [ 5.04348, 52.31037 ], [ 5.04273, 52.31098 ], [ 5.04215, 52.31129 ], [ 5.04143, 52.31157 ], [ 5.0385, 52.31235 ], [ 5.03449, 52.31451 ], [ 5.03339, 52.3143 ], [ 5.03241, 52.31573 ], [ 5.03214, 52.31641 ], [ 5.03159, 52.31841 ], [ 5.03987, 52.31443 ] ] ] } },
{ "type": "Feature", "properties": { "buurtcode": "0363SC06", "buurtnaam": "Weesp Schildersbuurt" }, "geometry": { "type": "Polygon", "coordinates": [ [ [ 5.03449, 52.31451 ], [ 5.0385, 52.31235 ], [ 5.04143, 52.31157 ], [ 5.04215, 52.31129 ], [ 5.04202, 52.31118 ], [ 5.04005, 52.31037 ], [ 5.03709, 52.31047 ], [ 5.03637, 52.31029 ], [ 5.03339, 52.3143 ], [ 5.03449, 52.31451 ] ] ] } },
{ "type": "Feature", "properties": { "buurtcode": "0363SD01", "buurtnaam": "Herensingelkwartier" }, "geometry": { "type": "Polygon", "coordinates": [ [ [ 5.04273, 52.31098 ], [ 5.04348, 52.31037 ], [ 5.04439, 52.30995 ], [ 5.0432, 52.30914 ], [ 5.0429, 52.30903 ], [ 5.03937, 52.30851 ], [ 5.03715, 52.30878 ], [ 5.037, 52.30909 ], [ 5.03706, 52.30936 ], [ 5.03637, 52.31029 ], [ 5.03709, 52.31047 ], [ 5.04005, 52.31037 ], [ 5.04202, 52.31118 ], [ 5.04215, 52.31129 ], [ 5.04273, 52.31098 ] ] ] } },
{ "type": "Feature", "properties": { "buurtcode": "0363SD02", "buurtnaam": "Bedrijventerrein Van Houten" }, "geometry": { "type": "Polygon", "coordinates": [ [ [ 5.03573, 52.30799 ], [ 5.03562, 52.30693 ], [ 5.03583, 52.30624 ], [ 5.03614, 52.30572 ], [ 5.0375, 52.30446 ], [ 5.0368, 52.30341 ], [ 5.03666, 52.30268 ], [ 5.03668, 52.30237 ], [ 5.03122, 52.30223 ], [ 5.02437, 52.30287 ], [ 5.0215, 52.30281 ], [ 5.02127, 52.30418 ], [ 5.02282, 52.3046 ], [ 5.02331, 52.30488 ], [ 5.02442, 52.30607 ], [ 5.02597, 52.30738 ], [ 5.02686, 52.30778 ], [ 5.02754, 52.30788 ], [ 5.03054, 52.30778 ], [ 5.03278, 52.30786 ], [ 5.0356, 52.30849 ], [ 5.03573, 52.30799 ] ] ] } },
{ "type": "Feature", "properties": { "buurtcode": "0363SD03", "buurtnaam": "Weesp Centrum" }, "geometry": { "type": "Polygon", "coordinates": [ [ [ 5.04549, 52.30988 ], [ 5.04665, 52.30962 ], [ 5.04671, 52.30865 ], [ 5.0471, 52.30814 ], [ 5.04863, 52.30768 ], [ 5.04901, 52.30752 ], [ 5.04911, 52.30735 ], [ 5.04844, 52.30648 ], [ 5.04835, 52.3056 ], [ 5.04767, 52.30435 ], [ 5.04742, 52.30428 ], [ 5.0455, 52.30437 ], [ 5.04494, 52.30428 ], [ 5.04364, 52.3035 ], [ 5.04318, 52.30332 ], [ 5.04278, 52.30343 ], [ 5.04176, 52.30453 ], [ 5.04109, 52.30492 ], [ 5.03976, 52.30532 ], [ 5.0375, 52.30446 ], [ 5.03614, 52.30572 ], [ 5.03571, 52.30654 ], [ 5.03562, 52.30738 ], [ 5.03573, 52.30799 ], [ 5.0356, 52.30849 ], [ 5.03737, 52.30879 ], [ 5.03937, 52.30851 ], [ 5.0429, 52.30903 ], [ 5.0432, 52.30914 ], [ 5.04439, 52.30995 ], [ 5.04549, 52.30988 ] ] ] } },
{ "type": "Feature", "properties": { "buurtcode": "0363SD04", "buurtnaam": "Weesp-Zuid I" }, "geometry": { "type": "Polygon", "coordinates": [ [ [ 5.04109, 52.30492 ], [ 5.04176, 52.30453 ], [ 5.04278, 52.30343 ], [ 5.04318, 52.30332 ], [ 5.04276, 52.30252 ], [ 5.04111, 52.3026 ], [ 5.03668, 52.30237 ], [ 5.03666, 52.30268 ], [ 5.0368, 52.30341 ], [ 5.0375, 52.30446 ], [ 5.03976, 52.30532 ], [ 5.04109, 52.30492 ] ] ] } },
{ "type": "Feature", "properties": { "buurtcode": "0363SD05", "buurtnaam": "Weesp-Zuid II" }, "geometry": { "type": "Polygon", "coordinates": [ [ [ 5.04835, 52.3056 ], [ 5.0505, 52.30442 ], [ 5.05197, 52.30374 ], [ 5.05294, 52.30308 ], [ 5.05232, 52.30284 ], [ 5.04805, 52.30195 ], [ 5.047, 52.30153 ], [ 5.04509, 52.30215 ], [ 5.04276, 52.30252 ], [ 5.04318, 52.30332 ], [ 5.04364, 52.3035 ], [ 5.04494, 52.30428 ], [ 5.0455, 52.30437 ], [ 5.04742, 52.30428 ], [ 5.04767, 52.30435 ], [ 5.04835, 52.3056 ] ] ] } },
{ "type": "Feature", "properties": { "buurtcode": "0363SD06", "buurtnaam": "De Klomp" }, "geometry": { "type": "Polygon", "coordinates": [ [ [ 5.05294, 52.30308 ], [ 5.05375, 52.30105 ], [ 5.05405, 52.30063 ], [ 5.05326, 52.30024 ], [ 5.05047, 52.29946 ], [ 5.04952, 52.30022 ], [ 5.04873, 52.30073 ], [ 5.047, 52.30153 ], [ 5.04805, 52.30195 ], [ 5.05232, 52.30284 ], [ 5.05294, 52.30308 ] ] ] } },
{ "type": "Feature", "properties": { "buurtcode": "0363SE01", "buurtnaam": "Aetsveldsepolder" }, "geometry": { "type": "Polygon", "coordinates": [ [ [ 5.02437, 52.30287 ], [ 5.03122, 52.30223 ], [ 5.03668, 52.30237 ], [ 5.03683, 52.30168 ], [ 5.03654, 52.30166 ], [ 5.03666, 52.30103 ], [ 5.03657, 52.29936 ], [ 5.03628, 52.29869 ], [ 5.03589, 52.29724 ], [ 5.03593, 52.29684 ], [ 5.03617, 52.29626 ], [ 5.03639, 52.29596 ], [ 5.0402, 52.29642 ], [ 5.04129, 52.29646 ], [ 5.04343, 52.29682 ], [ 5.04391, 52.29622 ], [ 5.04616, 52.29677 ], [ 5.0453, 52.29752 ], [ 5.04524, 52.29789 ], [ 5.0471, 52.29847 ], [ 5.04695, 52.29871 ], [ 5.04707, 52.29882 ], [ 5.05017, 52.29969 ], [ 5.05047, 52.29946 ], [ 5.05326, 52.30024 ], [ 5.05405, 52.30063 ], [ 5.05455, 52.30013 ], [ 5.05531, 52.29988 ], [ 5.0582, 52.29929 ], [ 5.05944, 52.29875 ], [ 5.06117, 52.29697 ], [ 5.06209, 52.29628 ], [ 5.06278, 52.29602 ], [ 5.06438, 52.29603 ], [ 5.06635, 52.29638 ], [ 5.06832, 52.29659 ], [ 5.06966, 52.29657 ], [ 5.07239, 52.2968 ], [ 5.07483, 52.29754 ], [ 5.07665, 52.2982 ], [ 5.07758, 52.29813 ], [ 5.08051, 52.2966 ], [ 5.08106, 52.2956 ], [ 5.08105, 52.29471 ], [ 5.08055, 52.29419 ], [ 5.07992, 52.29384 ], [ 5.0766, 52.29333 ], [ 5.07543, 52.29295 ], [ 5.0744, 52.29234 ], [ 5.07338, 52.29105 ], [ 5.07275, 52.28963 ], [ 5.07202, 52.28869 ], [ 5.07111, 52.28782 ], [ 5.06927, 52.28629 ], [ 5.06915, 52.28552 ], [ 5.07, 52.28378 ], [ 5.06962, 52.28268 ], [ 5.06722, 52.28117 ], [ 5.06641, 52.28094 ], [ 5.06586, 52.28114 ], [ 5.06588, 52.28127 ], [ 5.06549, 52.28127 ], [ 5.06566, 52.28269 ], [ 5.06547, 52.2852 ], [ 5.06479, 52.28508 ], [ 5.06419, 52.28629 ], [ 5.06328, 52.28719 ], [ 5.05954, 52.28932 ], [ 5.05483, 52.28755 ], [ 5.05277, 52.28649 ], [ 5.05158, 52.28732 ], [ 5.0504, 52.28787 ], [ 5.04748, 52.28502 ], [ 5.04396, 52.28303 ], [ 5.04278, 52.28249 ], [ 5.04163, 52.28337 ], [ 5.04079, 52.28388 ], [ 5.03943, 52.28324 ], [ 5.03515, 52.28553 ], [ 5.03342, 52.28631 ], [ 5.03321, 52.28626 ], [ 5.03053, 52.28849 ], [ 5.02651, 52.28398 ], [ 5.02438, 52.28136 ], [ 5.02187, 52.28265 ], [ 5.02193, 52.28493 ], [ 5.02172, 52.29841 ], [ 5.02166, 52.30122 ], [ 5.0215, 52.30281 ], [ 5.02437, 52.30287 ] ] ] } },
{ "type": "Feature", "properties": { "buurtcode": "0363SE02", "buurtnaam": "Aetsveld-Zuid" }, "geometry": { "type": "Polygon", "coordinates": [ [ [ 5.03698, 52.30147 ], [ 5.0379, 52.30081 ], [ 5.03853, 52.30053 ], [ 5.03932, 52.30029 ], [ 5.03972, 52.30007 ], [ 5.03989, 52.29989 ], [ 5.04034, 52.29865 ], [ 5.04115, 52.29832 ], [ 5.04217, 52.29843 ], [ 5.04301, 52.2982 ], [ 5.04502, 52.29864 ], [ 5.04529, 52.29878 ], [ 5.04565, 52.29917 ], [ 5.0465, 52.29945 ], [ 5.0468, 52.29964 ], [ 5.04719, 52.30022 ], [ 5.04824, 52.30097 ], [ 5.04952, 52.30022 ], [ 5.05017, 52.29969 ], [ 5.04707, 52.29882 ], [ 5.04695, 52.29871 ], [ 5.0471, 52.29847 ], [ 5.04524, 52.29789 ], [ 5.0453, 52.29752 ], [ 5.04616, 52.29677 ], [ 5.04391, 52.29622 ], [ 5.04343, 52.29682 ], [ 5.04129, 52.29646 ], [ 5.0402, 52.29642 ], [ 5.03639, 52.29596 ], [ 5.03617, 52.29626 ], [ 5.03593, 52.29684 ], [ 5.03589, 52.29724 ], [ 5.03628, 52.29869 ], [ 5.0366, 52.29958 ], [ 5.03666, 52.30103 ], [ 5.03654, 52.30166 ], [ 5.03683, 52.30168 ], [ 5.03698, 52.30147 ] ] ] } },
{ "type": "Feature", "properties": { "buurtcode": "0363SE03", "buurtnaam": "Aetsveld-Noord" }, "geometry": { "type": "Polygon", "coordinates": [ [ [ 5.04192, 52.30258 ], [ 5.04509, 52.30215 ], [ 5.04641, 52.30176 ], [ 5.04824, 52.30097 ], [ 5.04719, 52.30022 ], [ 5.0468, 52.29964 ], [ 5.0465, 52.29945 ], [ 5.04565, 52.29917 ], [ 5.04529, 52.29878 ], [ 5.04502, 52.29864 ], [ 5.04301, 52.2982 ], [ 5.04217, 52.29843 ], [ 5.04115, 52.29832 ], [ 5.04034, 52.29865 ], [ 5.03989, 52.29989 ], [ 5.03972, 52.30007 ], [ 5.03932, 52.30029 ], [ 5.03853, 52.30053 ], [ 5.0379, 52.30081 ], [ 5.03711, 52.30135 ], [ 5.03683, 52.30168 ], [ 5.03668, 52.30237 ], [ 5.04192, 52.30258 ] ] ] } },
{ "type": "Feature", "properties": { "buurtcode": "0363SE04", "buurtnaam": "Oostelijke Vechtoever" }, "geometry": { "type": "Polygon", "coordinates": [ [ [ 5.06572, 52.32224 ], [ 5.06878, 52.32172 ], [ 5.06908, 52.32153 ], [ 5.06951, 52.32179 ], [ 5.07038, 52.3214 ], [ 5.07276, 52.31994 ], [ 5.07286, 52.3199 ], [ 5.07311, 52.32018 ], [ 5.07751, 52.31818 ], [ 5.08296, 52.31702 ], [ 5.08306, 52.31704 ], [ 5.08321, 52.31727 ], [ 5.0849, 52.31674 ], [ 5.08493, 52.31666 ], [ 5.08476, 52.31653 ], [ 5.08484, 52.31644 ], [ 5.08481, 52.31633 ], [ 5.08664, 52.31593 ], [ 5.08675, 52.31589 ], [ 5.08675, 52.31581 ], [ 5.09053, 52.31499 ], [ 5.09165, 52.31464 ], [ 5.09261, 52.31422 ], [ 5.09281, 52.31427 ], [ 5.09308, 52.31415 ], [ 5.09264, 52.31377 ], [ 5.09211, 52.31302 ], [ 5.09462, 52.31243 ], [ 5.09767, 52.31154 ], [ 5.09885, 52.31113 ], [ 5.10028, 52.31046 ], [ 5.10044, 52.3105 ], [ 5.10055, 52.31044 ], [ 5.10057, 52.3103 ], [ 5.0998, 52.31003 ], [ 5.09972, 52.30971 ], [ 5.09959, 52.30953 ], [ 5.09871, 52.30877 ], [ 5.09682, 52.3076 ], [ 5.09648, 52.30729 ], [ 5.09628, 52.30691 ], [ 5.09577, 52.30376 ], [ 5.09677, 52.30046 ], [ 5.09719, 52.29995 ], [ 5.09781, 52.29938 ], [ 5.09872, 52.29882 ], [ 5.10088, 52.29804 ], [ 5.10197, 52.2978 ], [ 5.10319, 52.29809 ], [ 5.10526, 52.29842 ], [ 5.10622, 52.29834 ], [ 5.10682, 52.29813 ], [ 5.10725, 52.29786 ], [ 5.10769, 52.29723 ], [ 5.10742, 52.29633 ], [ 5.10607, 52.29467 ], [ 5.10292, 52.29447 ], [ 5.09935, 52.2928 ], [ 5.09948, 52.29271 ], [ 5.09874, 52.29219 ], [ 5.09847, 52.29164 ], [ 5.09846, 52.29113 ], [ 5.09871, 52.29057 ], [ 5.09884, 52.29063 ], [ 5.09968, 52.29001 ], [ 5.10058, 52.28905 ], [ 5.10176, 52.28808 ], [ 5.10165, 52.28803 ], [ 5.10205, 52.28766 ], [ 5.10334, 52.28656 ], [ 5.1047, 52.28556 ], [ 5.10464, 52.28509 ], [ 5.10484, 52.28467 ], [ 5.10481, 52.28432 ], [ 5.10469, 52.2841 ], [ 5.10426, 52.28381 ], [ 5.10428, 52.28321 ], [ 5.10323, 52.28255 ], [ 5.10282, 52.28238 ], [ 5.10278, 52.28209 ], [ 5.10257, 52.28204 ], [ 5.10201, 52.28165 ], [ 5.10218, 52.28123 ], [ 5.10207, 52.27989 ], [ 5.0877, 52.28168 ], [ 5.08462, 52.27941 ], [ 5.07708, 52.27798 ], [ 5.06463, 52.27826 ], [ 5.06381, 52.27856 ], [ 5.06453, 52.27902 ], [ 5.06434, 52.27926 ], [ 5.06533, 52.27964 ], [ 5.06497, 52.27978 ], [ 5.06504, 52.27981 ], [ 5.06494, 52.27987 ], [ 5.06389, 52.27998 ], [ 5.06399, 52.28026 ], [ 5.06441, 52.28074 ], [ 5.06519, 52.28054 ], [ 5.0659, 52.28055 ], [ 5.06586, 52.28114 ], [ 5.06641, 52.28094 ], [ 5.06722, 52.28117 ], [ 5.06962, 52.28268 ], [ 5.07, 52.28378 ], [ 5.06915, 52.28552 ], [ 5.06927, 52.28629 ], [ 5.07111, 52.28782 ], [ 5.07202, 52.28869 ], [ 5.07275, 52.28963 ], [ 5.07338, 52.29105 ], [ 5.0744, 52.29234 ], [ 5.07543, 52.29295 ], [ 5.0766, 52.29333 ], [ 5.07992, 52.29384 ], [ 5.08055, 52.29419 ], [ 5.08105, 52.29471 ], [ 5.08106, 52.2956 ], [ 5.08051, 52.2966 ], [ 5.07758, 52.29813 ], [ 5.07665, 52.2982 ], [ 5.07483, 52.29754 ], [ 5.07239, 52.2968 ], [ 5.06966, 52.29657 ], [ 5.06832, 52.29659 ], [ 5.06635, 52.29638 ], [ 5.06438, 52.29603 ], [ 5.06278, 52.29602 ], [ 5.06209, 52.29628 ], [ 5.06117, 52.29697 ], [ 5.05944, 52.29875 ], [ 5.0582, 52.29929 ], [ 5.05531, 52.29988 ], [ 5.05455, 52.30013 ], [ 5.05389, 52.30076 ], [ 5.05294, 52.30308 ], [ 5.05197, 52.30374 ], [ 5.0505, 52.30442 ], [ 5.04835, 52.3056 ], [ 5.04844, 52.30648 ], [ 5.04911, 52.30735 ], [ 5.04901, 52.30752 ], [ 5.04863, 52.30768 ], [ 5.0471, 52.30814 ], [ 5.04671, 52.30865 ], [ 5.04665, 52.30962 ], [ 5.04774, 52.30997 ], [ 5.0519, 52.31 ], [ 5.05488, 52.31015 ], [ 5.05625, 52.31036 ], [ 5.05692, 52.31069 ], [ 5.05663, 52.31139 ], [ 5.05374, 52.31248 ], [ 5.052, 52.3135 ], [ 5.05167, 52.3142 ], [ 5.05199, 52.31487 ], [ 5.05318, 52.31556 ], [ 5.05668, 52.31645 ], [ 5.05715, 52.31603 ], [ 5.0573, 52.31607 ], [ 5.05859, 52.31638 ], [ 5.05982, 52.31681 ], [ 5.06084, 52.31698 ], [ 5.0615, 52.3173 ], [ 5.06248, 52.31761 ], [ 5.0633, 52.31821 ], [ 5.06526, 52.31918 ], [ 5.06572, 52.32048 ], [ 5.06528, 52.32144 ], [ 5.06469, 52.32201 ], [ 5.06519, 52.3222 ], [ 5.06572, 52.32224 ] ] ] } },
{ "type": "Feature", "properties": { "buurtcode": "0363TA01", "buurtnaam": "Hoofdcentrum-Zuidoost" }, "geometry": { "type": "Polygon", "coordinates": [ [ [ 4.94035, 52.31916 ], [ 4.94025, 52.31906 ], [ 4.94069, 52.31854 ], [ 4.94091, 52.31851 ], [ 4.94195, 52.31746 ], [ 4.94295, 52.31597 ], [ 4.94296, 52.31576 ], [ 4.94361, 52.31513 ], [ 4.94371, 52.31514 ], [ 4.94394, 52.31488 ], [ 4.94397, 52.31467 ], [ 4.94636, 52.31206 ], [ 4.94252, 52.31073 ], [ 4.94159, 52.31168 ], [ 4.93799, 52.31047 ], [ 4.93611, 52.31258 ], [ 4.93635, 52.31266 ], [ 4.93523, 52.31389 ], [ 4.93872, 52.31509 ], [ 4.93874, 52.31564 ], [ 4.93804, 52.31651 ], [ 4.93983, 52.31712 ], [ 4.94033, 52.3183 ], [ 4.93958, 52.31912 ], [ 4.94021, 52.31933 ], [ 4.94035, 52.31916 ] ] ] } },
{ "type": "Feature", "properties": { "buurtcode": "0363TA02", "buurtnaam": "Amstel III deel C/D-Noord" }, "geometry": { "type": "Polygon", "coordinates": [ [ [ 4.93611, 52.31258 ], [ 4.94032, 52.30798 ], [ 4.94115, 52.30647 ], [ 4.94416, 52.30315 ], [ 4.94514, 52.3018 ], [ 4.94711, 52.29965 ], [ 4.93924, 52.29694 ], [ 4.93708, 52.29945 ], [ 4.93714, 52.29947 ], [ 4.93704, 52.29958 ], [ 4.93487, 52.30194 ], [ 4.93494, 52.30197 ], [ 4.93322, 52.30355 ], [ 4.93272, 52.30426 ], [ 4.93168, 52.30503 ], [ 4.93049, 52.30616 ], [ 4.92947, 52.30741 ], [ 4.92983, 52.30752 ], [ 4.92942, 52.30783 ], [ 4.92991, 52.3081 ], [ 4.92933, 52.30853 ], [ 4.92962, 52.30881 ], [ 4.9303, 52.30918 ], [ 4.93007, 52.30934 ], [ 4.93166, 52.31027 ], [ 4.93414, 52.3119 ], [ 4.93611, 52.31258 ] ] ] } },
{ "type": "Feature", "properties": { "buurtcode": "0363TA03", "buurtnaam": "Amstel III deel A/B-Noord" }, "geometry": { "type": "Polygon", "coordinates": [ [ [ 4.94636, 52.31206 ], [ 4.95249, 52.3057 ], [ 4.9554, 52.3025 ], [ 4.94711, 52.29965 ], [ 4.94514, 52.3018 ], [ 4.94416, 52.30315 ], [ 4.94115, 52.30647 ], [ 4.94032, 52.30798 ], [ 4.93799, 52.31047 ], [ 4.94159, 52.31168 ], [ 4.94252, 52.31073 ], [ 4.94636, 52.31206 ] ] ] } },
{ "type": "Feature", "properties": { "buurtcode": "0363TA04", "buurtnaam": "Amstel III deel C/D-Zuid" }, "geometry": { "type": "Polygon", "coordinates": [ [ [ 4.94711, 52.29965 ], [ 4.95126, 52.29513 ], [ 4.9432, 52.29236 ], [ 4.93924, 52.29694 ], [ 4.94711, 52.29965 ] ] ] } },
{ "type": "Feature", "properties": { "buurtcode": "0363TA05", "buurtnaam": "Amstel III deel A/B-Zuid" }, "geometry": { "type": "Polygon", "coordinates": [ [ [ 4.9554, 52.3025 ], [ 4.95931, 52.29821 ], [ 4.95962, 52.29797 ], [ 4.95126, 52.29513 ], [ 4.94711, 52.29965 ], [ 4.9554, 52.3025 ] ] ] } },
{ "type": "Feature", "properties": { "buurtcode": "0363TA06", "buurtnaam": "AMC" }, "geometry": { "type": "Polygon", "coordinates": [ [ [ 4.96018, 52.29735 ], [ 4.96116, 52.29601 ], [ 4.96609, 52.29075 ], [ 4.95878, 52.28822 ], [ 4.95821, 52.28814 ], [ 4.95531, 52.28813 ], [ 4.95228, 52.28924 ], [ 4.95185, 52.28948 ], [ 4.94776, 52.29392 ], [ 4.95962, 52.29797 ], [ 4.96018, 52.29735 ] ] ] } },
{ "type": "Feature", "properties": { "buurtcode": "0363TA07", "buurtnaam": "Hoge Dijk" }, "geometry": { "type": "Polygon", "coordinates": [ [ [ 4.9517, 52.28962 ], [ 4.95228, 52.28924 ], [ 4.95513, 52.28817 ], [ 4.9557, 52.2881 ], [ 4.95821, 52.28814 ], [ 4.95898, 52.28828 ], [ 4.96609, 52.29075 ], [ 4.96974, 52.28661 ], [ 4.97184, 52.28436 ], [ 4.96972, 52.28312 ], [ 4.96938, 52.28179 ], [ 4.96881, 52.28097 ], [ 4.96875, 52.28073 ], [ 4.96833, 52.28041 ], [ 4.96767, 52.27958 ], [ 4.96758, 52.27956 ], [ 4.96684, 52.27988 ], [ 4.96649, 52.2801 ], [ 4.96633, 52.28034 ], [ 4.96625, 52.28089 ], [ 4.96617, 52.28098 ], [ 4.96571, 52.28058 ], [ 4.96532, 52.28045 ], [ 4.96255, 52.28029 ], [ 4.96224, 52.28021 ], [ 4.96188, 52.27971 ], [ 4.96134, 52.27853 ], [ 4.96105, 52.27817 ], [ 4.95997, 52.27835 ], [ 4.95866, 52.27834 ], [ 4.95781, 52.27861 ], [ 4.95714, 52.27867 ], [ 4.95656, 52.27864 ], [ 4.95524, 52.2783 ], [ 4.95184, 52.28244 ], [ 4.95209, 52.28253 ], [ 4.94641, 52.28856 ], [ 4.94646, 52.28858 ], [ 4.9432, 52.29236 ], [ 4.94776, 52.29392 ], [ 4.9517, 52.28962 ] ] ] } },
{ "type": "Feature", "properties": { "buurtcode": "0363TB01", "buurtnaam": "Venserpolder-West" }, "geometry": { "type": "Polygon", "coordinates": [ [ [ 4.94187, 52.32615 ], [ 4.94282, 52.32506 ], [ 4.94306, 52.32495 ], [ 4.94459, 52.32319 ], [ 4.94582, 52.32223 ], [ 4.94724, 52.32071 ], [ 4.94761, 52.32053 ], [ 4.94762, 52.32029 ], [ 4.95046, 52.31717 ], [ 4.9463, 52.31574 ], [ 4.94382, 52.31502 ], [ 4.94296, 52.31576 ], [ 4.94295, 52.31597 ], [ 4.94195, 52.31746 ], [ 4.94091, 52.31851 ], [ 4.94069, 52.31854 ], [ 4.94025, 52.31906 ], [ 4.94035, 52.31916 ], [ 4.94021, 52.31933 ], [ 4.94104, 52.31962 ], [ 4.94021, 52.32081 ], [ 4.93999, 52.32145 ], [ 4.93993, 52.32194 ], [ 4.93762, 52.3233 ], [ 4.93796, 52.32412 ], [ 4.93861, 52.32422 ], [ 4.94049, 52.32568 ], [ 4.94187, 52.32615 ] ] ] } },
{ "type": "Feature", "properties": { "buurtcode": "0363TB02", "buurtnaam": "Venserpolder-Oost" }, "geometry": { "type": "Polygon", "coordinates": [ [ [ 4.94769, 52.32811 ], [ 4.95262, 52.32271 ], [ 4.95286, 52.32244 ], [ 4.94781, 52.32067 ], [ 4.94761, 52.32053 ], [ 4.9475, 52.32056 ], [ 4.94724, 52.32071 ], [ 4.94582, 52.32223 ], [ 4.94459, 52.32319 ], [ 4.94306, 52.32495 ], [ 4.94282, 52.32506 ], [ 4.94187, 52.32615 ], [ 4.94769, 52.32811 ] ] ] } },
{ "type": "Feature", "properties": { "buurtcode": "0363TC01", "buurtnaam": "D-buurt" }, "geometry": { "type": "Polygon", "coordinates": [ [ [ 4.95933, 52.32122 ], [ 4.9582, 52.32083 ], [ 4.95806, 52.32098 ], [ 4.95677, 52.32106 ], [ 4.95452, 52.32029 ], [ 4.95431, 52.32002 ], [ 4.95423, 52.31974 ], [ 4.9543, 52.31935 ], [ 4.95459, 52.31892 ], [ 4.95448, 52.3186 ], [ 4.9542, 52.31844 ], [ 4.95152, 52.31755 ], [ 4.95134, 52.31733 ], [ 4.95182, 52.3168 ], [ 4.95104, 52.31653 ], [ 4.94757, 52.32041 ], [ 4.94761, 52.32053 ], [ 4.94781, 52.32067 ], [ 4.95286, 52.32244 ], [ 4.95268, 52.32264 ], [ 4.95675, 52.32404 ], [ 4.95933, 52.32122 ] ] ] } },
{ "type": "Feature", "properties": { "buurtcode": "0363TC02", "buurtnaam": "F-buurt" }, "geometry": { "type": "Polygon", "coordinates": [ [ [ 4.96176, 52.31857 ], [ 4.95217, 52.31529 ], [ 4.95104, 52.31653 ], [ 4.95182, 52.3168 ], [ 4.95134, 52.31733 ], [ 4.95152, 52.31755 ], [ 4.9542, 52.31844 ], [ 4.95448, 52.3186 ], [ 4.95459, 52.31892 ], [ 4.9543, 52.31935 ], [ 4.95423, 52.31974 ], [ 4.95431, 52.32002 ], [ 4.95452, 52.32029 ], [ 4.95677, 52.32106 ], [ 4.95806, 52.32098 ], [ 4.9582, 52.32083 ], [ 4.95933, 52.32122 ], [ 4.96176, 52.31857 ] ] ] } },
{ "type": "Feature", "properties": { "buurtcode": "0363TC03", "buurtnaam": "Amsterdamse Poort" }, "geometry": { "type": "Polygon", "coordinates": [ [ [ 4.95936, 52.31587 ], [ 4.95993, 52.31561 ], [ 4.96102, 52.31551 ], [ 4.96067, 52.3147 ], [ 4.96043, 52.31444 ], [ 4.95867, 52.31376 ], [ 4.95866, 52.31367 ], [ 4.95899, 52.31311 ], [ 4.95835, 52.31267 ], [ 4.95705, 52.3141 ], [ 4.94751, 52.31081 ], [ 4.94397, 52.31467 ], [ 4.94394, 52.31488 ], [ 4.94382, 52.31502 ], [ 4.9463, 52.31574 ], [ 4.95046, 52.31717 ], [ 4.95217, 52.31529 ], [ 4.95804, 52.31731 ], [ 4.95936, 52.31587 ] ] ] } },
{ "type": "Feature", "properties": { "buurtcode": "0363TC04", "buurtnaam": "Vogeltjeswei" }, "geometry": { "type": "Polygon", "coordinates": [ [ [ 4.96356, 52.3166 ], [ 4.96134, 52.31583 ], [ 4.96112, 52.31569 ], [ 4.96102, 52.31551 ], [ 4.95993, 52.31561 ], [ 4.95936, 52.31587 ], [ 4.95804, 52.31731 ], [ 4.96176, 52.31857 ], [ 4.96356, 52.3166 ] ] ] } },
{ "type": "Feature", "properties": { "buurtcode": "0363TC05", "buurtnaam": "Nelson Mandelapark" }, "geometry": { "type": "Polygon", "coordinates": [ [ [ 4.96356, 52.3166 ], [ 4.97142, 52.308 ], [ 4.96537, 52.30592 ], [ 4.96156, 52.31007 ], [ 4.96093, 52.30985 ], [ 4.95835, 52.31267 ], [ 4.95899, 52.31311 ], [ 4.95866, 52.31367 ], [ 4.95867, 52.31376 ], [ 4.96043, 52.31444 ], [ 4.96067, 52.3147 ], [ 4.96107, 52.31562 ], [ 4.96122, 52.31577 ], [ 4.96356, 52.3166 ] ] ] } },
{ "type": "Feature", "properties": { "buurtcode": "0363TD01", "buurtnaam": "Hoptille" }, "geometry": { "type": "Polygon", "coordinates": [ [ [ 4.95293, 52.31209 ], [ 4.95335, 52.31126 ], [ 4.95447, 52.30999 ], [ 4.95537, 52.30949 ], [ 4.95645, 52.30832 ], [ 4.95154, 52.30664 ], [ 4.94751, 52.31081 ], [ 4.95253, 52.31254 ], [ 4.95293, 52.31209 ] ] ] } },
{ "type": "Feature", "properties": { "buurtcode": "0363TD02", "buurtnaam": "Rechte H-buurt" }, "geometry": { "type": "Polygon", "coordinates": [ [ [ 4.95705, 52.3141 ], [ 4.96093, 52.30985 ], [ 4.95645, 52.30832 ], [ 4.95537, 52.30949 ], [ 4.95447, 52.30999 ], [ 4.95335, 52.31126 ], [ 4.95293, 52.31209 ], [ 4.95253, 52.31254 ], [ 4.95705, 52.3141 ] ] ] } },
{ "type": "Feature", "properties": { "buurtcode": "0363TD03", "buurtnaam": "Hakfort/Huigenbos" }, "geometry": { "type": "Polygon", "coordinates": [ [ [ 4.96249, 52.30493 ], [ 4.9554, 52.3025 ], [ 4.95249, 52.3057 ], [ 4.95154, 52.30664 ], [ 4.95869, 52.30909 ], [ 4.96249, 52.30493 ] ] ] } },
{ "type": "Feature", "properties": { "buurtcode": "0363TD04", "buurtnaam": "Huntum" }, "geometry": { "type": "Polygon", "coordinates": [ [ [ 4.96537, 52.30592 ], [ 4.96249, 52.30493 ], [ 4.95869, 52.30909 ], [ 4.96156, 52.31007 ], [ 4.96537, 52.30592 ] ] ] } },
{ "type": "Feature", "properties": { "buurtcode": "0363TE01", "buurtnaam": "E-buurt" }, "geometry": { "type": "Polygon", "coordinates": [ [ [ 4.96754, 52.32776 ], [ 4.97025, 52.32617 ], [ 4.97047, 52.32629 ], [ 4.97148, 52.32535 ], [ 4.96985, 52.32489 ], [ 4.96853, 52.32496 ], [ 4.9684, 52.32506 ], [ 4.96802, 52.32493 ], [ 4.9672, 52.3239 ], [ 4.96726, 52.32362 ], [ 4.96748, 52.32333 ], [ 4.96646, 52.32325 ], [ 4.96557, 52.32293 ], [ 4.96473, 52.32299 ], [ 4.96431, 52.32285 ], [ 4.96294, 52.32289 ], [ 4.9617, 52.32246 ], [ 4.96169, 52.32203 ], [ 4.95933, 52.32122 ], [ 4.95675, 52.32404 ], [ 4.96754, 52.32776 ] ] ] } },
{ "type": "Feature", "properties": { "buurtcode": "0363TE02", "buurtnaam": "G-buurt-West" }, "geometry": { "type": "Polygon", "coordinates": [ [ [ 4.9777, 52.32293 ], [ 4.97563, 52.32223 ], [ 4.97555, 52.32232 ], [ 4.97455, 52.32198 ], [ 4.97426, 52.32231 ], [ 4.96897, 52.3205 ], [ 4.97034, 52.31897 ], [ 4.96759, 52.31802 ], [ 4.967, 52.31773 ], [ 4.96356, 52.3166 ], [ 4.95933, 52.32122 ], [ 4.96169, 52.32203 ], [ 4.9617, 52.32246 ], [ 4.96294, 52.32289 ], [ 4.96431, 52.32285 ], [ 4.96473, 52.32299 ], [ 4.96557, 52.32293 ], [ 4.96646, 52.32325 ], [ 4.96748, 52.32333 ], [ 4.96774, 52.32306 ], [ 4.96794, 52.32296 ], [ 4.96971, 52.32292 ], [ 4.97012, 52.32247 ], [ 4.97316, 52.32351 ], [ 4.9739, 52.3227 ], [ 4.97479, 52.32309 ], [ 4.9769, 52.32381 ], [ 4.9777, 52.32293 ] ] ] } },
{ "type": "Feature", "properties": { "buurtcode": "0363TE03", "buurtnaam": "G-buurt-Noord" }, "geometry": { "type": "Polygon", "coordinates": [ [ [ 4.97148, 52.32535 ], [ 4.97316, 52.32351 ], [ 4.97012, 52.32247 ], [ 4.96971, 52.32292 ], [ 4.96783, 52.323 ], [ 4.96734, 52.3235 ], [ 4.96722, 52.32376 ], [ 4.9672, 52.3239 ], [ 4.96802, 52.32493 ], [ 4.9684, 52.32506 ], [ 4.96853, 52.32496 ], [ 4.96985, 52.32489 ], [ 4.97148, 52.32535 ] ] ] } },
{ "type": "Feature", "properties": { "buurtcode": "0363TF01", "buurtnaam": "G-buurt-Oost" }, "geometry": { "type": "Polygon", "coordinates": [ [ [ 4.97795, 52.33116 ], [ 4.9798, 52.331 ], [ 4.98068, 52.33076 ], [ 4.98252, 52.3308 ], [ 4.98335, 52.33075 ], [ 4.98448, 52.33056 ], [ 4.9851, 52.33036 ], [ 4.98637, 52.3296 ], [ 4.9873, 52.32893 ], [ 4.98905, 52.32798 ], [ 4.98947, 52.32766 ], [ 4.99089, 52.32614 ], [ 4.99167, 52.32444 ], [ 4.98231, 52.32124 ], [ 4.98053, 52.32315 ], [ 4.97895, 52.32444 ], [ 4.97479, 52.32309 ], [ 4.9739, 52.3227 ], [ 4.97148, 52.32535 ], [ 4.97047, 52.32629 ], [ 4.97112, 52.32667 ], [ 4.97181, 52.32747 ], [ 4.97341, 52.32847 ], [ 4.97451, 52.32933 ], [ 4.97483, 52.3297 ], [ 4.97531, 52.33056 ], [ 4.97714, 52.33064 ], [ 4.97795, 52.33116 ] ] ] } },
{ "type": "Feature", "properties": { "buurtcode": "0363TF02", "buurtnaam": "Grunder/Koningshoef" }, "geometry": { "type": "Polygon", "coordinates": [ [ [ 4.97895, 52.32444 ], [ 4.98053, 52.32315 ], [ 4.98189, 52.32174 ], [ 4.98431, 52.31883 ], [ 4.98268, 52.31827 ], [ 4.97998, 52.31981 ], [ 4.97897, 52.32153 ], [ 4.9769, 52.32381 ], [ 4.97895, 52.32444 ] ] ] } },
{ "type": "Feature", "properties": { "buurtcode": "0363TF03", "buurtnaam": "Kantershof" }, "geometry": { "type": "Polygon", "coordinates": [ [ [ 4.99167, 52.32444 ], [ 4.99548, 52.31931 ], [ 4.9969, 52.31764 ], [ 4.99317, 52.3158 ], [ 4.98913, 52.31411 ], [ 4.98864, 52.31482 ], [ 4.98809, 52.31471 ], [ 4.98772, 52.31489 ], [ 4.98805, 52.31557 ], [ 4.98674, 52.31755 ], [ 4.98595, 52.31737 ], [ 4.98542, 52.31802 ], [ 4.98475, 52.31831 ], [ 4.98231, 52.32124 ], [ 4.99167, 52.32444 ] ] ] } },
{ "type": "Feature", "properties": { "buurtcode": "0363TG01", "buurtnaam": "Bijlmermuseum-Noord" }, "geometry": { "type": "Polygon", "coordinates": [ [ [ 4.97897, 52.32153 ], [ 4.9777, 52.32019 ], [ 4.97702, 52.31974 ], [ 4.97656, 52.31928 ], [ 4.9762, 52.31912 ], [ 4.97563, 52.31912 ], [ 4.97493, 52.31937 ], [ 4.97435, 52.32002 ], [ 4.97356, 52.32007 ], [ 4.97337, 52.32 ], [ 4.97252, 52.31919 ], [ 4.97098, 52.31917 ], [ 4.97034, 52.31897 ], [ 4.96897, 52.3205 ], [ 4.97426, 52.32231 ], [ 4.97455, 52.32198 ], [ 4.97555, 52.32232 ], [ 4.97563, 52.32223 ], [ 4.9777, 52.32293 ], [ 4.97897, 52.32153 ] ] ] } },
{ "type": "Feature", "properties": { "buurtcode": "0363TG02", "buurtnaam": "Bijlmermuseum-Zuid" }, "geometry": { "type": "Polygon", "coordinates": [ [ [ 4.97998, 52.31981 ], [ 4.98268, 52.31827 ], [ 4.98016, 52.3174 ], [ 4.98002, 52.31755 ], [ 4.97855, 52.31705 ], [ 4.97869, 52.3169 ], [ 4.97638, 52.31616 ], [ 4.97583, 52.31586 ], [ 4.97375, 52.31521 ], [ 4.97034, 52.31897 ], [ 4.97098, 52.31917 ], [ 4.97252, 52.31919 ], [ 4.97337, 52.32 ], [ 4.97356, 52.32007 ], [ 4.97435, 52.32002 ], [ 4.97486, 52.3194 ], [ 4.97556, 52.31914 ], [ 4.97633, 52.31915 ], [ 4.9777, 52.32019 ], [ 4.97897, 52.32153 ], [ 4.97998, 52.31981 ] ] ] } },
{ "type": "Feature", "properties": { "buurtcode": "0363TG03", "buurtnaam": "De Kameleon e.o." }, "geometry": { "type": "Polygon", "coordinates": [ [ [ 4.98475, 52.31831 ], [ 4.98542, 52.31802 ], [ 4.98595, 52.31737 ], [ 4.985, 52.31713 ], [ 4.98416, 52.31678 ], [ 4.98309, 52.3165 ], [ 4.98089, 52.31571 ], [ 4.97988, 52.31547 ], [ 4.97689, 52.31429 ], [ 4.97573, 52.31395 ], [ 4.97572, 52.31379 ], [ 4.97496, 52.31383 ], [ 4.97375, 52.31521 ], [ 4.97583, 52.31586 ], [ 4.97638, 52.31616 ], [ 4.97869, 52.3169 ], [ 4.97855, 52.31705 ], [ 4.98002, 52.31755 ], [ 4.98016, 52.3174 ], [ 4.98431, 52.31883 ], [ 4.98475, 52.31831 ] ] ] } },
{ "type": "Feature", "properties": { "buurtcode": "0363TH01", "buurtnaam": "Gooise Kant" }, "geometry": { "type": "Polygon", "coordinates": [ [ [ 4.96677, 52.31506 ], [ 4.96708, 52.31491 ], [ 4.96795, 52.31478 ], [ 4.96829, 52.31463 ], [ 4.97039, 52.31239 ], [ 4.9704, 52.31223 ], [ 4.97, 52.31176 ], [ 4.97001, 52.31153 ], [ 4.97142, 52.30996 ], [ 4.97178, 52.30972 ], [ 4.97225, 52.30958 ], [ 4.97277, 52.30954 ], [ 4.97328, 52.30962 ], [ 4.97397, 52.30887 ], [ 4.97142, 52.308 ], [ 4.96356, 52.3166 ], [ 4.96494, 52.31704 ], [ 4.96677, 52.31506 ] ] ] } },
{ "type": "Feature", "properties": { "buurtcode": "0363TH02", "buurtnaam": "Kortvoort" }, "geometry": { "type": "Polygon", "coordinates": [ [ [ 4.97034, 52.31897 ], [ 4.97438, 52.31448 ], [ 4.96989, 52.31293 ], [ 4.96829, 52.31463 ], [ 4.96795, 52.31478 ], [ 4.96708, 52.31491 ], [ 4.96677, 52.31506 ], [ 4.96494, 52.31704 ], [ 4.97034, 52.31897 ] ] ] } },
{ "type": "Feature", "properties": { "buurtcode": "0363TH03", "buurtnaam": "Kelbergen" }, "geometry": { "type": "Polygon", "coordinates": [ [ [ 4.9749, 52.31388 ], [ 4.9751, 52.3138 ], [ 4.97572, 52.31379 ], [ 4.97568, 52.31297 ], [ 4.97643, 52.31278 ], [ 4.97679, 52.31259 ], [ 4.97732, 52.31172 ], [ 4.97797, 52.31127 ], [ 4.97867, 52.31049 ], [ 4.97397, 52.30887 ], [ 4.97328, 52.30962 ], [ 4.97277, 52.30954 ], [ 4.97225, 52.30958 ], [ 4.97155, 52.30986 ], [ 4.97001, 52.31153 ], [ 4.97, 52.31176 ], [ 4.97042, 52.31231 ], [ 4.96989, 52.31293 ], [ 4.97438, 52.31448 ], [ 4.9749, 52.31388 ] ] ] } },
{ "type": "Feature", "properties": { "buurtcode": "0363TH04", "buurtnaam": "K-buurt-Zuidwest" }, "geometry": { "type": "Polygon", "coordinates": [ [ [ 4.98038, 52.3156 ], [ 4.98353, 52.31215 ], [ 4.97867, 52.31049 ], [ 4.97797, 52.31127 ], [ 4.97732, 52.31172 ], [ 4.97679, 52.31259 ], [ 4.97643, 52.31278 ], [ 4.97575, 52.31293 ], [ 4.97566, 52.31301 ], [ 4.97573, 52.31395 ], [ 4.97689, 52.31429 ], [ 4.97988, 52.31547 ], [ 4.98038, 52.3156 ] ] ] } },
{ "type": "Feature", "properties": { "buurtcode": "0363TH05", "buurtnaam": "K-buurt-Zuidoost" }, "geometry": { "type": "Polygon", "coordinates": [ [ [ 4.98805, 52.31557 ], [ 4.98772, 52.31489 ], [ 4.98809, 52.31471 ], [ 4.98864, 52.31482 ], [ 4.98913, 52.31411 ], [ 4.98353, 52.31215 ], [ 4.98038, 52.3156 ], [ 4.98416, 52.31678 ], [ 4.98521, 52.31719 ], [ 4.98674, 52.31755 ], [ 4.98805, 52.31557 ] ] ] } },
{ "type": "Feature", "properties": { "buurtcode": "0363TJ01", "buurtnaam": "Holendrecht-West" }, "geometry": { "type": "Polygon", "coordinates": [ [ [ 4.96745, 52.2995 ], [ 4.96558, 52.29877 ], [ 4.96427, 52.29836 ], [ 4.96344, 52.29928 ], [ 4.95962, 52.29797 ], [ 4.95931, 52.29821 ], [ 4.9554, 52.3025 ], [ 4.96249, 52.30493 ], [ 4.96745, 52.2995 ] ] ] } },
{ "type": "Feature", "properties": { "buurtcode": "0363TJ02", "buurtnaam": "Holendrecht-Oost" }, "geometry": { "type": "Polygon", "coordinates": [ [ [ 4.97627, 52.30269 ], [ 4.97734, 52.30202 ], [ 4.97872, 52.30161 ], [ 4.97831, 52.30086 ], [ 4.97802, 52.30054 ], [ 4.97747, 52.30024 ], [ 4.97304, 52.29871 ], [ 4.9694, 52.29806 ], [ 4.969, 52.29806 ], [ 4.9686, 52.29823 ], [ 4.96249, 52.30493 ], [ 4.97142, 52.308 ], [ 4.97627, 52.30269 ] ] ] } },
{ "type": "Feature", "properties": { "buurtcode": "0363TJ03", "buurtnaam": "Holendrecht-Zuid" }, "geometry": { "type": "Polygon", "coordinates": [ [ [ 4.9686, 52.29823 ], [ 4.96887, 52.29809 ], [ 4.96931, 52.29805 ], [ 4.97279, 52.29865 ], [ 4.97416, 52.29562 ], [ 4.96709, 52.29439 ], [ 4.96619, 52.29432 ], [ 4.96506, 52.29439 ], [ 4.96424, 52.29456 ], [ 4.96348, 52.29483 ], [ 4.96282, 52.29518 ], [ 4.96232, 52.29558 ], [ 4.96174, 52.29538 ], [ 4.96096, 52.29625 ], [ 4.961, 52.2963 ], [ 4.95962, 52.29797 ], [ 4.96344, 52.29928 ], [ 4.96427, 52.29836 ], [ 4.96558, 52.29877 ], [ 4.96745, 52.2995 ], [ 4.9686, 52.29823 ] ] ] } },
{ "type": "Feature", "properties": { "buurtcode": "0363TK01", "buurtnaam": "L-buurt" }, "geometry": { "type": "Polygon", "coordinates": [ [ [ 4.98769, 52.3076 ], [ 4.98473, 52.30663 ], [ 4.98218, 52.30566 ], [ 4.98452, 52.30342 ], [ 4.985, 52.30333 ], [ 4.98576, 52.30357 ], [ 4.98626, 52.30357 ], [ 4.9863, 52.30154 ], [ 4.97944, 52.30151 ], [ 4.97828, 52.3017 ], [ 4.9776, 52.30191 ], [ 4.97645, 52.30253 ], [ 4.97142, 52.308 ], [ 4.98353, 52.31215 ], [ 4.98769, 52.3076 ] ] ] } },
{ "type": "Feature", "properties": { "buurtcode": "0363TK02", "buurtnaam": "Gaasperpark" }, "geometry": { "type": "Polygon", "coordinates": [ [ [ 4.9969, 52.31764 ], [ 4.99726, 52.31706 ], [ 4.99737, 52.31667 ], [ 4.99715, 52.31591 ], [ 4.99709, 52.31446 ], [ 4.9973, 52.3142 ], [ 4.99746, 52.31425 ], [ 4.99786, 52.31398 ], [ 4.99808, 52.31403 ], [ 4.9972, 52.3135 ], [ 5.00187, 52.31082 ], [ 5.00149, 52.30992 ], [ 5.00156, 52.30974 ], [ 5.00198, 52.30929 ], [ 5.00167, 52.30894 ], [ 5.00135, 52.30877 ], [ 5.0002, 52.30849 ], [ 4.99941, 52.30821 ], [ 4.99887, 52.30813 ], [ 4.99843, 52.30821 ], [ 4.99779, 52.30853 ], [ 4.9975, 52.30886 ], [ 4.99636, 52.30894 ], [ 4.99524, 52.30851 ], [ 4.9941, 52.30792 ], [ 4.99395, 52.30765 ], [ 4.99412, 52.30731 ], [ 4.994, 52.30688 ], [ 4.99406, 52.30667 ], [ 4.99379, 52.30643 ], [ 4.99304, 52.30616 ], [ 4.99263, 52.30614 ], [ 4.99142, 52.30632 ], [ 4.98966, 52.30622 ], [ 4.98768, 52.30624 ], [ 4.98716, 52.30636 ], [ 4.98679, 52.30657 ], [ 4.98654, 52.30701 ], [ 4.98635, 52.30717 ], [ 4.98769, 52.3076 ], [ 4.98353, 52.31215 ], [ 4.99009, 52.31449 ], [ 4.99317, 52.3158 ], [ 4.9969, 52.31764 ] ] ] } },
{ "type": "Feature", "properties": { "buurtcode": "0363TK03", "buurtnaam": "Gaasperplas" }, "geometry": { "type": "Polygon", "coordinates": [ [ [ 5.00187, 52.31082 ], [ 5.00284, 52.31045 ], [ 5.00378, 52.31024 ], [ 5.00625, 52.31003 ], [ 5.00713, 52.30989 ], [ 5.00799, 52.30961 ], [ 5.00874, 52.30922 ], [ 5.00983, 52.3084 ], [ 5.01021, 52.30773 ], [ 5.0085, 52.30733 ], [ 5.00829, 52.3072 ], [ 5.00829, 52.30707 ], [ 5.00858, 52.30702 ], [ 5.00885, 52.30715 ], [ 5.0096, 52.30722 ], [ 5.01, 52.30641 ], [ 5.0102, 52.30615 ], [ 5.00949, 52.30603 ], [ 5.0099, 52.30556 ], [ 5.00958, 52.3053 ], [ 5.01044, 52.30485 ], [ 5.01067, 52.30495 ], [ 5.01102, 52.30484 ], [ 5.01112, 52.30489 ], [ 5.01189, 52.3045 ], [ 5.01131, 52.30428 ], [ 5.01183, 52.30378 ], [ 5.01265, 52.30388 ], [ 5.01272, 52.30358 ], [ 5.012, 52.30346 ], [ 5.01142, 52.30325 ], [ 5.01096, 52.30297 ], [ 5.01012, 52.30221 ], [ 5.00958, 52.30195 ], [ 5.00883, 52.30169 ], [ 5.00795, 52.30155 ], [ 4.99736, 52.30166 ], [ 4.99625, 52.30182 ], [ 4.99512, 52.30168 ], [ 4.99304, 52.30167 ], [ 4.99191, 52.30193 ], [ 4.99148, 52.30187 ], [ 4.99092, 52.30164 ], [ 4.99048, 52.30156 ], [ 4.9863, 52.30154 ], [ 4.98626, 52.30357 ], [ 4.98576, 52.30357 ], [ 4.985, 52.30333 ], [ 4.98452, 52.30342 ], [ 4.98218, 52.30566 ], [ 4.98635, 52.30717 ], [ 4.98654, 52.30701 ], [ 4.98679, 52.30657 ], [ 4.98753, 52.30625 ], [ 4.98966, 52.30622 ], [ 4.99142, 52.30632 ], [ 4.99263, 52.30614 ], [ 4.99312, 52.30617 ], [ 4.99342, 52.30634 ], [ 4.99379, 52.30643 ], [ 4.99406, 52.30667 ], [ 4.994, 52.30688 ], [ 4.99412, 52.30731 ], [ 4.99395, 52.30765 ], [ 4.9941, 52.30792 ], [ 4.99524, 52.30851 ], [ 4.99636, 52.30894 ], [ 4.9975, 52.30886 ], [ 4.99779, 52.30853 ], [ 4.99843, 52.30821 ], [ 4.99887, 52.30813 ], [ 4.99941, 52.30821 ], [ 5.00153, 52.30884 ], [ 5.00198, 52.30929 ], [ 5.00156, 52.30974 ], [ 5.00149, 52.30992 ], [ 5.00187, 52.31082 ] ] ] } },
{ "type": "Feature", "properties": { "buurtcode": "0363TL01", "buurtnaam": "Reigersbos 1" }, "geometry": { "type": "Polygon", "coordinates": [ [ [ 4.97872, 52.30161 ], [ 4.97989, 52.30151 ], [ 4.97994, 52.30047 ], [ 4.98137, 52.2989 ], [ 4.98186, 52.29859 ], [ 4.98187, 52.298 ], [ 4.98206, 52.29723 ], [ 4.98186, 52.29694 ], [ 4.9822, 52.29682 ], [ 4.98205, 52.29661 ], [ 4.98204, 52.29632 ], [ 4.97821, 52.29623 ], [ 4.97662, 52.29603 ], [ 4.97674, 52.29569 ], [ 4.97632, 52.29563 ], [ 4.97618, 52.29564 ], [ 4.97602, 52.29593 ], [ 4.97416, 52.29562 ], [ 4.97279, 52.29865 ], [ 4.97771, 52.30034 ], [ 4.97822, 52.30074 ], [ 4.97872, 52.30161 ] ] ] } },
{ "type": "Feature", "properties": { "buurtcode": "0363TL02", "buurtnaam": "Reigersbos 2" }, "geometry": { "type": "Polygon", "coordinates": [ [ [ 4.98205, 52.29582 ], [ 4.9825, 52.2951 ], [ 4.98246, 52.29472 ], [ 4.98209, 52.29452 ], [ 4.98197, 52.29272 ], [ 4.97461, 52.29291 ], [ 4.97454, 52.2947 ], [ 4.97416, 52.29562 ], [ 4.97602, 52.29593 ], [ 4.97618, 52.29564 ], [ 4.97632, 52.29563 ], [ 4.97674, 52.29569 ], [ 4.97662, 52.29603 ], [ 4.97821, 52.29623 ], [ 4.97956, 52.29631 ], [ 4.98204, 52.29632 ], [ 4.98205, 52.29582 ] ] ] } },
{ "type": "Feature", "properties": { "buurtcode": "0363TL03", "buurtnaam": "Reigersbos 3" }, "geometry": { "type": "Polygon", "coordinates": [ [ [ 4.96232, 52.29558 ], [ 4.96324, 52.29494 ], [ 4.96424, 52.29456 ], [ 4.96506, 52.29439 ], [ 4.96619, 52.29432 ], [ 4.96747, 52.29445 ], [ 4.97416, 52.29562 ], [ 4.97454, 52.2947 ], [ 4.97461, 52.29291 ], [ 4.96824, 52.29146 ], [ 4.96609, 52.29075 ], [ 4.96174, 52.29538 ], [ 4.96232, 52.29558 ] ] ] } },
{ "type": "Feature", "properties": { "buurtcode": "0363TL04", "buurtnaam": "Reigersbos 4" }, "geometry": { "type": "Polygon", "coordinates": [ [ [ 4.97437, 52.29286 ], [ 4.98197, 52.29272 ], [ 4.98216, 52.29067 ], [ 4.98358, 52.29046 ], [ 4.98289, 52.28964 ], [ 4.97515, 52.28634 ], [ 4.97371, 52.28544 ], [ 4.97325, 52.28524 ], [ 4.97307, 52.28502 ], [ 4.97263, 52.28486 ], [ 4.97184, 52.28436 ], [ 4.96974, 52.28661 ], [ 4.96609, 52.29075 ], [ 4.96824, 52.29146 ], [ 4.97437, 52.29286 ] ] ] } },
{ "type": "Feature", "properties": { "buurtcode": "0363TM01", "buurtnaam": "Gein 1" }, "geometry": { "type": "Polygon", "coordinates": [ [ [ 4.9892, 52.30154 ], [ 4.98925, 52.29634 ], [ 4.98204, 52.29632 ], [ 4.98205, 52.29661 ], [ 4.9822, 52.29682 ], [ 4.98186, 52.29694 ], [ 4.98206, 52.29723 ], [ 4.98187, 52.298 ], [ 4.98186, 52.29859 ], [ 4.98137, 52.2989 ], [ 4.97991, 52.30058 ], [ 4.97989, 52.30151 ], [ 4.9892, 52.30154 ] ] ] } },
{ "type": "Feature", "properties": { "buurtcode": "0363TM02", "buurtnaam": "Gein 2" }, "geometry": { "type": "Polygon", "coordinates": [ [ [ 4.98204, 52.29632 ], [ 4.98925, 52.29634 ], [ 4.98919, 52.29521 ], [ 4.98872, 52.29348 ], [ 4.98855, 52.29323 ], [ 4.98824, 52.29304 ], [ 4.98769, 52.29292 ], [ 4.98197, 52.29272 ], [ 4.98209, 52.29452 ], [ 4.98246, 52.29472 ], [ 4.9825, 52.2951 ], [ 4.98246, 52.29525 ], [ 4.98207, 52.29571 ], [ 4.98204, 52.29632 ] ] ] } },
{ "type": "Feature", "properties": { "buurtcode": "0363TM03", "buurtnaam": "Gein 3" }, "geometry": { "type": "Polygon", "coordinates": [ [ [ 4.99213, 52.30191 ], [ 4.99304, 52.30167 ], [ 4.99512, 52.30168 ], [ 4.99625, 52.30182 ], [ 4.99736, 52.30166 ], [ 5.00795, 52.30155 ], [ 5.00775, 52.30137 ], [ 5.00754, 52.30087 ], [ 5.00526, 52.29839 ], [ 5.00383, 52.29851 ], [ 5.00323, 52.29739 ], [ 5.00325, 52.2964 ], [ 4.98925, 52.29634 ], [ 4.9892, 52.30154 ], [ 4.99066, 52.30157 ], [ 4.99148, 52.30187 ], [ 4.99213, 52.30191 ] ] ] } },
{ "type": "Feature", "properties": { "buurtcode": "0363TM04", "buurtnaam": "Gein 4" }, "geometry": { "type": "Polygon", "coordinates": [ [ [ 5.00325, 52.29639 ], [ 5.00324, 52.29608 ], [ 5.00318, 52.29604 ], [ 5.00248, 52.29603 ], [ 5.00185, 52.29588 ], [ 5.00179, 52.29279 ], [ 4.99881, 52.29024 ], [ 4.99855, 52.29023 ], [ 4.99845, 52.28984 ], [ 4.9983, 52.28982 ], [ 4.99748, 52.28912 ], [ 4.99412, 52.28929 ], [ 4.98974, 52.28967 ], [ 4.98351, 52.29037 ], [ 4.98358, 52.29046 ], [ 4.98216, 52.29067 ], [ 4.98197, 52.29272 ], [ 4.98769, 52.29292 ], [ 4.98824, 52.29304 ], [ 4.98855, 52.29323 ], [ 4.98872, 52.29348 ], [ 4.98919, 52.29521 ], [ 4.98925, 52.29634 ], [ 5.00325, 52.29639 ] ] ] } }
]
}
